player_id,name,position,birth_date,birth_date_evidence,college,source_club,source_status,last_observed_week,inventory_club,assignment,branch_status,contract_start_estimate,contract_end_estimate,contract_evidence,years_exp_source,pending_fa_category,fa_evidence,issues
00-0000108,David Akers,K,1974-12-09,corroborated,Louisville,DET,ACT,17,DET,historical_observation_only,,,,no_pre_2014_contract,16,,unknown,no_pre_2014_contract
00-0000585,Champ Bailey,CB,1978-06-22,corroborated,Georgia,DEN,ACT,21,DEN,historical_observation_only,,2011,2014,estimated_not_verified,14,,unknown,
00-0004091,Phil Dawson,K,1975-01-23,corroborated,Texas,SF,ACT,20,SF,historical_observation_only,,2013,2013,estimated_not_verified,15,UFA,experience_estimate,
00-0005322,London Fletcher,ILB,1975-05-19,corroborated,John Carroll University; St. Francis PA,WAS,ACT,17,WAS,historical_observation_only,,2012,2013,estimated_not_verified,15,UFA,experience_estimate,
00-0006101,Tony Gonzalez,TE,1976-02-27,corroborated,California,ATL,ACT,17,ATL,historical_observation_only,,2013,2014,estimated_not_verified,16,,unknown,
00-0007091,Matt Hasselbeck,QB,1975-09-25,corroborated,Boston College,IND,ACT,19,IND,historical_observation_only,,2013,2014,estimated_not_verified,15,,unknown,
00-0009311,Jon Kitna,QB,1972-09-21,single_provider,Central Washington University,DAL,ACT,17,DAL,historical_observation_only,,,,no_pre_2014_contract,17,,unknown,no_pre_2014_contract
00-0009889,Ray Lewis,ILB,1975-05-15,single_provider,Miami,,,,,historical_observation_only,,,,club_unresolved,,,unknown,club_unresolved;missing_or_conflicting_source_status;no_2013_roster_observation;placement_unknown
00-0010341,Patrick Mannelly,LS,1975-04-18,corroborated,Duke,CHI,ACT,17,CHI,historical_observation_only,,,,no_pre_2014_contract,15,,unknown,no_pre_2014_contract
00-0010346,Peyton Manning,QB,1976-03-24,corroborated,Tennessee,DEN,ACT,21,DEN,historical_observation_only,,2012,2016,estimated_not_verified,15,,unknown,
00-0011022,Donovan McNabb,QB,1976-11-25,single_provider,Syracuse,,,,,historical_observation_only,,,,club_unresolved,,,unknown,club_unresolved;missing_or_conflicting_source_status;no_2013_roster_observation;placement_unknown
00-0011626,Brian Moorman,P,1976-02-05,single_provider,Pittsburg State (KS),BUF,ACT,17,BUF,historical_observation_only,,,,no_pre_2014_contract,14,,unknown,no_pre_2014_contract
00-0015754,Brandon Stokley,WR,1976-06-23,corroborated,Louisiana-Lafayette,BAL,RES,14,BAL,historical_observation_only,,,,no_pre_2014_contract,14,,unknown,last_observed_before_week17;no_pre_2014_contract
00-0016919,Adam Vinatieri,K,1972-12-28,corroborated,South Dakota State,IND,ACT,19,IND,historical_observation_only,,2011,2013,estimated_not_verified,17,UFA,experience_estimate,
00-0018227,Charles Woodson,FS,1976-10-07,corroborated,Michigan,OAK,ACT,17,OAK,historical_observation_only,,2013,2013,estimated_not_verified,15,UFA,experience_estimate,
00-0018584,Brian Waters,G,1977-02-18,single_provider,North Texas,DAL,RES,8,DAL,historical_observation_only,,,,no_pre_2014_contract,14,,unknown,last_observed_before_week17;no_pre_2014_contract
00-0018956,Brad Meester,C,1977-03-23,corroborated,Northern Iowa,JAX,ACT,17,JAX,jacksonville_control,Reserve/Retired,,,branch_register_controls,13,,branch_register_controls,
00-0019104,Paris Lenon,MLB,1977-11-26,corroborated,Richmond,DEN,ACT,21,DEN,historical_observation_only,,,,no_pre_2014_contract,13,,unknown,no_pre_2014_contract
00-0019310,Rian Lindell,K,1977-01-20,corroborated,Washington State,TB,ACT,17,TB,historical_observation_only,,,,no_pre_2014_contract,13,,unknown,no_pre_2014_contract
00-0019435,Mike Leach,LS,1976-10-18,corroborated,William & Mary; Boston University,ARI,ACT,17,ARI,historical_observation_only,,,,no_pre_2014_contract,13,,unknown,no_pre_2014_contract
00-0019536,Shayne Graham,K,1977-12-09,single_provider,Virginia Tech,NO,ACT;TRC,19,NO,historical_observation_only,,,,no_pre_2014_contract,13,,unknown,missing_or_conflicting_source_status;no_pre_2014_contract;release_status_needs_dated_source
00-0019546,John Abraham,OLB,1978-05-06,corroborated,South Carolina,ARI,ACT,17,ARI,historical_observation_only,,2013,2014,estimated_not_verified,13,,unknown,
00-0019596,Tom Brady,QB,1977-08-03,corroborated,Michigan,NE,ACT,20,NE,historical_observation_only,,2013,2017,estimated_not_verified,13,,unknown,
00-0019646,Sebastian Janikowski,K,1978-03-02,corroborated,Florida State,OAK,ACT,17,OAK,historical_observation_only,,2013,2016,estimated_not_verified,13,,unknown,
00-0019714,Shane Lechler,P,1976-08-07,corroborated,Texas A&M,HOU,ACT,17,HOU,historical_observation_only,,2013,2015,estimated_not_verified,13,,unknown,
00-0019770,Jay Feely,K,1976-05-23,corroborated,Michigan,ARI,ACT,17,ARI,historical_observation_only,,,,no_pre_2014_contract,12,,unknown,no_pre_2014_contract
00-0020245,Michael Vick,QB,1980-06-26,corroborated,Virginia Tech,PHI,ACT,18,PHI,historical_observation_only,,2013,2013,estimated_not_verified,12,UFA,experience_estimate,
00-0020260,Roberto Garza,C,1979-03-26,corroborated,Texas A&M University-Kingsville,CHI,ACT,17,CHI,historical_observation_only,,2011,2012,stale_contract,12,,unknown,stale_contract
00-0020337,Steve Smith,WR,1979-05-12,corroborated,Utah; Santa Monica,CAR,ACT,19,CAR,historical_observation_only,,2012,2015,estimated_not_verified,12,,unknown,
00-0020445,Dominic Raiola,C,1978-12-30,corroborated,Nebraska,DET,ACT,17,DET,historical_observation_only,,,,no_pre_2014_contract,12,,unknown,no_pre_2014_contract
00-0020489,Andre Carter,DE,1979-05-12,single_provider,California,NE,ACT,20,NE,historical_observation_only,,,,no_pre_2014_contract,12,,unknown,no_pre_2014_contract
00-0020494,Santana Moss,WR,1979-06-01,corroborated,Miami,WAS,ACT,17,WAS,historical_observation_only,,2013,2013,estimated_not_verified,12,UFA,experience_estimate,
00-0020498,Reggie Wayne,WR,1978-11-17,corroborated,Miami,IND,RES,7,IND,historical_observation_only,,2012,2014,estimated_not_verified,12,,unknown,last_observed_before_week17
00-0020515,Ryan Pickett,NT,1979-10-08,corroborated,Ohio State,GB,ACT,18,GB,historical_observation_only,,2010,2013,estimated_not_verified,12,UFA,experience_estimate,
00-0020528,Shaun Rogers,DT,1979-03-12,corroborated,Texas,NYG,RES,9,NYG,historical_observation_only,,,,no_pre_2014_contract,12,,unknown,last_observed_before_week17;no_pre_2014_contract
00-0020531,Drew Brees,QB,1979-01-15,corroborated,Purdue,NO,ACT,19,NO,historical_observation_only,,2012,2016,estimated_not_verified,12,,unknown,
00-0020535,Justin Smith,DT,1979-09-30,corroborated,Missouri,SF,ACT,20,SF,historical_observation_only,,2013,2014,estimated_not_verified,12,,unknown,
00-0020578,Matt Bryant,K,1975-05-29,corroborated,Baylor; Oregon State; Trinity Valley CC,ATL,ACT,17,ATL,historical_observation_only,,2011,2014,estimated_not_verified,11,,unknown,
00-0020608,David Carr,QB,1979-07-21,single_provider,Fresno State,,,,,historical_observation_only,,,,club_unresolved,,,unknown,club_unresolved;missing_or_conflicting_source_status;no_2013_roster_observation;placement_unknown
00-0020679,Shaun Hill,QB,1980-01-09,corroborated,Maryland; Hutchinson CC,DET,ACT,17,DET,historical_observation_only,,2012,2013,estimated_not_verified,11,UFA,experience_estimate,
00-0020712,James Harrison,OLB,1978-05-04,corroborated,Kent State,CIN,ACT,18,CIN,historical_observation_only,,2013,2013,estimated_not_verified,11,UFA,experience_estimate,
00-0020840,Ryan Clark,FS,1979-10-12,corroborated,LSU,PIT,ACT,17,PIT,historical_observation_only,,2010,2013,estimated_not_verified,11,UFA,experience_estimate,
00-0020962,Rob Bironas,K,1978-01-29,corroborated,Georgia Southern; Auburn,TEN,ACT,17,TEN,historical_observation_only,,,,no_pre_2014_contract,11,,unknown,no_pre_2014_contract
00-0020972,Billy Cundiff,K,1980-03-30,corroborated,Drake,CLE,ACT,17,CLE,historical_observation_only,,,,no_pre_2014_contract,11,,unknown,no_pre_2014_contract
00-0021085,Will Witherspoon,OLB,1980-08-19,corroborated,Georgia,STL,ACT,17,STL,historical_observation_only,,,,no_pre_2014_contract,11,,unknown,no_pre_2014_contract
00-0021092,Justin Bannan,DT,1979-04-18,corroborated,Colorado,DET,CUT,3,DET,historical_observation_only,,,,no_pre_2014_contract,11,,unknown,last_observed_before_week17;no_pre_2014_contract;release_status_needs_dated_source
00-0021140,Julius Peppers,DE,1980-01-18,corroborated,North Carolina,CHI,ACT,17,CHI,historical_observation_only,,2010,2015,estimated_not_verified,11,,unknown,
00-0021146,Dwight Freeney,OLB,1980-02-19,corroborated,Syracuse,SD,RES,4,SD,historical_observation_only,,2013,2014,estimated_not_verified,11,,unknown,last_observed_before_week17
00-0021149,Albert Haynesworth,DT,1981-06-17,single_provider,Tennessee,,,,,historical_observation_only,,,,club_unresolved,,,unknown,club_unresolved;missing_or_conflicting_source_status;no_2013_roster_observation;placement_unknown
00-0021154,Daniel Graham,TE,1978-11-16,single_provider,Colorado,,,,,historical_observation_only,,,,club_unresolved,,,unknown,club_unresolved;missing_or_conflicting_source_status;no_2013_roster_observation;placement_unknown
00-0021192,Deion Branch,WR,1979-07-18,single_provider,Louisville; Jones County JC,IND,ACT,19,IND,historical_observation_only,,,,no_pre_2014_contract,11,,unknown,no_pre_2014_contract
00-0021206,Josh McCown,QB,1979-07-04,corroborated,Sam Houston State; SMU,CHI,ACT,17,CHI,historical_observation_only,,2013,2013,estimated_not_verified,11,UFA,experience_estimate,
00-0021231,David Garrard,QB,1978-02-14,single_provider,East Carolina,NYJ,ACT,17,NYJ,historical_observation_only,,,,no_pre_2014_contract,11,,unknown,no_pre_2014_contract
00-0021235,Dave Zastudil,P,1978-10-26,corroborated,Ohio,ARI,ACT,17,ARI,historical_observation_only,,,,no_pre_2014_contract,11,,unknown,no_pre_2014_contract
00-0021246,Larry Foote,ILB,1980-06-12,corroborated,Michigan,PIT,RES,1,PIT,historical_observation_only,,,,no_pre_2014_contract,11,,unknown,last_observed_before_week17;no_pre_2014_contract
00-0021267,Jonathan Goodwin,C,1978-12-02,corroborated,Michigan; Ohio,SF,ACT,20,SF,historical_observation_only,,2013,2013,estimated_not_verified,11,UFA,experience_estimate,
00-0021344,Brett Keisel,DE,1978-09-19,corroborated,BYU,PIT,ACT,17,PIT,historical_observation_only,,2009,2012,stale_contract,11,,unknown,stale_contract
00-0021377,Ed Reed,FS,1978-09-11,single_provider,Miami,NYJ,ACT;TRD,17,NYJ,historical_observation_only,,2013,2013,estimated_not_verified,11,UFA,experience_estimate,missing_or_conflicting_source_status;release_status_needs_dated_source
00-0021381,Quentin Jammer,CB,1979-06-19,corroborated,Texas,DEN,ACT,21,DEN,historical_observation_only,,,,no_pre_2014_contract,11,,unknown,no_pre_2014_contract
00-0021383,Bryant McKinnie,T,1979-09-23,corroborated,Miami; Lackawanna JC,MIA,ACT;TRD,17,MIA,historical_observation_only,,,,no_pre_2014_contract,11,,unknown,missing_or_conflicting_source_status;no_pre_2014_contract;release_status_needs_dated_source
00-0021385,Andre Gurode,G,1979-03-06,corroborated,Colorado,OAK,ACT,17,OAK,historical_observation_only,,,,no_pre_2014_contract,11,,unknown,no_pre_2014_contract
00-0021429,Carson Palmer,QB,1979-12-27,corroborated,USC,ARI,ACT,17,ARI,historical_observation_only,,2013,2014,estimated_not_verified,10,,unknown,
00-0021451,Jon Dorenbos,LS,1980-07-21,corroborated,Texas-El Paso; Golden West,PHI,ACT,18,PHI,historical_observation_only,,2013,2015,estimated_not_verified,10,,unknown,
00-0021488,Mat McBriar,P,1979-07-08,single_provider,Hawaii,PIT,ACT,17,PIT,historical_observation_only,,,,no_pre_2014_contract,10,,unknown,no_pre_2014_contract
00-0021512,Quintin Mikell,FS,1980-09-16,single_provider,Boise State,CAR,ACT,19,CAR,historical_observation_only,,,,no_pre_2014_contract,10,,unknown,no_pre_2014_contract
00-0021547,Antonio Gates,TE,1980-06-18,corroborated,Kent State; Eastern Michigan; Michigan State; College of the Sequoias,SD,ACT,19,SD,historical_observation_only,,2010,2015,estimated_not_verified,10,,unknown,
00-0021570,Kassim Osgood,WR,1980-05-20,single_provider,San Diego State; Cal Poly (San Luis Obispo),SF,ACT,20,SF,historical_observation_only,,,,no_pre_2014_contract,10,,unknown,no_pre_2014_contract
00-0021577,Chris Clemons,DE,1981-10-30,corroborated,Georgia,SEA,ACT,21,SEA,historical_observation_only,,2012,2013,estimated_not_verified,10,UFA,experience_estimate,
00-0021604,Israel Idonije,DE,1980-11-17,corroborated,Manitoba (Canada),DET,RES,16,DET,historical_observation_only,,,,no_pre_2014_contract,10,,unknown,last_observed_before_week17;no_pre_2014_contract
00-0021678,Tony Romo,QB,1980-04-21,corroborated,Eastern Illinois,DAL,ACT,17,DAL,historical_observation_only,,2013,2018,estimated_not_verified,10,,unknown,
00-0021684,Colin Cole,DT,1980-06-24,corroborated,Iowa,CAR,ACT,19,CAR,historical_observation_only,,,,no_pre_2014_contract,10,,unknown,no_pre_2014_contract
00-0021706,Cullen Jenkins,DT,1981-01-20,corroborated,Central Michigan,NYG,ACT,17,NYG,historical_observation_only,,2013,2015,estimated_not_verified,10,,unknown,
00-0021891,Ivan Taylor,CB,1980-05-05,corroborated,Louisiana-Lafayette,PIT,ACT,17,PIT,historical_observation_only,,2011,2014,estimated_not_verified,10,,unknown,
00-0021922,David Diehl,T,1980-09-15,corroborated,Illinois,NYG,ACT,17,NYG,historical_observation_only,,,,no_pre_2014_contract,10,,unknown,no_pre_2014_contract
00-0021940,Josh Brown,K,1979-04-29,corroborated,Nebraska,NYG,ACT,17,NYG,historical_observation_only,,,,no_pre_2014_contract,10,,unknown,no_pre_2014_contract
00-0021956,Asante Samuel,CB,1981-01-06,corroborated,UCF,ATL,ACT,17,ATL,historical_observation_only,,2012,2014,estimated_not_verified,10,,unknown,
00-0021977,Osi Umenyiora,DE,1981-11-16,corroborated,Troy,ATL,ACT,17,ATL,historical_observation_only,,2013,2014,estimated_not_verified,10,,unknown,
00-0021990,Nick Barnett,ILB,1981-05-27,corroborated,Oregon State,WAS,RES,16,WAS,historical_observation_only,,,,no_pre_2014_contract,10,,unknown,last_observed_before_week17;no_pre_2014_contract
00-0021994,Drayton Florence,CB,1980-12-19,single_provider,Tuskegee University; Tennessee-Chattanooga,CAR,ACT,19,CAR,historical_observation_only,,,,no_pre_2014_contract,10,,unknown,no_pre_2014_contract
00-0021998,Cory Redding,DE,1980-11-15,corroborated,Texas,IND,ACT,19,IND,historical_observation_only,,2012,2014,estimated_not_verified,10,,unknown,
00-0021999,Nate Burleson,WR,1981-08-19,corroborated,Nevada,DET,ACT,17,DET,historical_observation_only,,2013,2014,estimated_not_verified,10,,unknown,
00-0022017,Mike Scifres,P,1980-10-08,corroborated,Western Illinois,SD,ACT,19,SD,historical_observation_only,,2011,2015,estimated_not_verified,10,,unknown,
00-0022044,Andre Johnson,WR,1981-07-11,corroborated,Miami,HOU,ACT,17,HOU,historical_observation_only,,2010,2016,estimated_not_verified,10,,unknown,
00-0022045,Terence Newman,CB,1978-09-04,corroborated,Kansas State,CIN,ACT,18,CIN,historical_observation_only,,2013,2014,estimated_not_verified,10,,unknown,
00-0022054,Visanthe Shiancoe,TE,1980-06-18,single_provider,Morgan State,TEN,CUT,14,TEN,historical_observation_only,,,,no_pre_2014_contract,10,,unknown,last_observed_before_week17;no_pre_2014_contract;release_status_needs_dated_source
00-0022055,Seneca Wallace,QB,1980-08-06,corroborated,Iowa State; Sacramento City,GB,RES,10,GB,historical_observation_only,,,,no_pre_2014_contract,10,,unknown,last_observed_before_week17;no_pre_2014_contract
00-0022059,Robert Mathis,OLB,1981-02-26,corroborated,Alabama A&M,IND,ACT,19,IND,historical_observation_only,,2012,2013,estimated_not_verified,10,UFA,experience_estimate,
00-0022067,Yeremiah Bell,SS,1978-03-03,corroborated,Eastern Kentucky,ARI,ACT,17,ARI,historical_observation_only,,,,no_pre_2014_contract,10,,unknown,no_pre_2014_contract
00-0022073,Kevin Williams,DT,1980-08-16,corroborated,Oklahoma State,MIN,ACT,17,MIN,historical_observation_only,,2013,2013,estimated_not_verified,10,UFA,experience_estimate,
00-0022077,Nnamdi Asomugha,CB,1981-07-06,corroborated,California,SF,CUT,9,SF,historical_observation_only,,2013,2013,estimated_not_verified,10,UFA,experience_estimate,last_observed_before_week17;release_status_needs_dated_source
00-0022080,Rashean Mathis,CB,1980-08-27,corroborated,Bethune-Cookman College,DET,ACT,17,DET,historical_observation_only,,,,no_pre_2014_contract,10,,unknown,no_pre_2014_contract
00-0022084,Anquan Boldin,WR,1980-10-03,corroborated,Florida State,SF,ACT,20,SF,historical_observation_only,,2010,2012,stale_contract,10,,unknown,stale_contract
00-0022117,Jordan Gross,T,1980-07-20,corroborated,Utah,CAR,ACT,19,CAR,historical_observation_only,,2013,2013,estimated_not_verified,10,UFA,experience_estimate,
00-0022119,Troy Polamalu,SS,1981-04-19,corroborated,USC,PIT,ACT,17,PIT,historical_observation_only,,2011,2013,estimated_not_verified,10,UFA,experience_estimate,
00-0022120,Calvin Pace,OLB,1980-10-28,corroborated,Wake Forest,NYJ,ACT,17,NYJ,historical_observation_only,,2013,2013,estimated_not_verified,10,UFA,experience_estimate,
00-0022121,Rex Grossman,QB,1980-08-23,corroborated,Florida,WAS,ACT,17,WAS,historical_observation_only,,,,no_pre_2014_contract,10,,unknown,no_pre_2014_contract
00-0022123,Charles Tillman,CB,1981-02-23,corroborated,Louisiana-Lafayette,CHI,RES,10,CHI,historical_observation_only,,2007,2012,stale_contract,10,,unknown,last_observed_before_week17;stale_contract
00-0022127,Jason Witten,TE,1982-05-06,corroborated,Tennessee,DAL,ACT,17,DAL,historical_observation_only,,2011,2015,estimated_not_verified,10,,unknown,
00-0022128,Lance Briggs,OLB,1980-11-12,corroborated,Arizona,CHI,ACT,17,CHI,historical_observation_only,,2012,2012,stale_contract,10,,unknown,stale_contract
00-0022131,Wade Smith,G,1981-04-26,corroborated,Memphis,HOU,ACT,17,HOU,historical_observation_only,,2010,2013,estimated_not_verified,10,UFA,experience_estimate,
00-0022139,Jarret Johnson,OLB,1981-08-14,corroborated,Alabama,SD,ACT,19,SD,historical_observation_only,,2012,2015,estimated_not_verified,10,,unknown,
00-0022147,Aubrayo Franklin,NT,1980-08-27,corroborated,Tennessee; Itawamba JC,IND,ACT,19,IND,historical_observation_only,,,,no_pre_2014_contract,10,,unknown,no_pre_2014_contract
00-0022149,Tony Pashos,T,1980-08-03,corroborated,Illinois,OAK,ACT,17,OAK,historical_observation_only,,,,no_pre_2014_contract,10,,unknown,no_pre_2014_contract
00-0022161,Terrell Suggs,OLB,1982-10-11,corroborated,Arizona State,BAL,ACT,17,BAL,historical_observation_only,,2009,2014,estimated_not_verified,10,,unknown,
00-0022165,Dallas Clark,TE,1979-06-12,corroborated,Iowa,BAL,ACT,17,BAL,historical_observation_only,,,,no_pre_2014_contract,10,,unknown,no_pre_2014_contract
00-0022167,Chris Crocker,SS,1980-03-09,single_provider,Marshall,CIN,ACT,18,CIN,historical_observation_only,,,,no_pre_2014_contract,10,,unknown,no_pre_2014_contract
00-0022178,Willis McGahee,RB,1981-10-21,single_provider,Miami,CLE,ACT,17,CLE,historical_observation_only,,,,no_pre_2014_contract,10,,unknown,no_pre_2014_contract
00-0022214,Travelle Wharton,G,1981-05-19,corroborated,South Carolina,CAR,ACT,19,CAR,historical_observation_only,,,,no_pre_2014_contract,9,,unknown,no_pre_2014_contract
00-0022245,Tyson Clabo,T,1981-10-17,corroborated,Wake Forest,MIA,ACT,17,MIA,historical_observation_only,,2013,2013,estimated_not_verified,9,UFA,experience_estimate,
00-0022247,Mike Adams,SS,1981-03-24,corroborated,Delaware,DEN,ACT,21,DEN,historical_observation_only,,2012,2013,estimated_not_verified,9,UFA,experience_estimate,
00-0022341,George Wilson,FS,1981-03-14,corroborated,Arkansas,TEN,ACT,17,TEN,historical_observation_only,,2013,2014,estimated_not_verified,9,,unknown,
00-0022397,Vonta Leach,FB,1981-11-06,corroborated,East Carolina,BAL,ACT,17,BAL,historical_observation_only,,,,no_pre_2014_contract,9,,unknown,no_pre_2014_contract
00-0022414,Malcom Floyd,WR,1981-09-08,corroborated,Wyoming,SD,RES,4,SD,historical_observation_only,,2012,2015,estimated_not_verified,9,,unknown,last_observed_before_week17
00-0022427,Wes Welker,WR,1981-05-01,corroborated,Texas Tech,DEN,ACT,21,DEN,historical_observation_only,,2013,2014,estimated_not_verified,9,,unknown,
00-0022455,Don Muhlbach,LS,1981-08-17,corroborated,Texas A&M,DET,ACT,17,DET,historical_observation_only,,2013,2013,estimated_not_verified,9,UFA,experience_estimate,
00-0022502,Jeremy Cain,LS,1980-03-24,corroborated,UMass Amherst,CHI,CUT,11,JAX,jacksonville_control,Active 53,,,branch_register_controls,9,,branch_register_controls,last_observed_before_week17;release_status_needs_dated_source
00-0022527,Jabari Greer,CB,1982-02-11,corroborated,Tennessee,NO,RES,11,NO,historical_observation_only,,2012,2014,estimated_not_verified,9,,unknown,last_observed_before_week17
00-0022531,Jason Peters,T,1982-01-22,corroborated,Arkansas,PHI,ACT,18,PHI,historical_observation_only,,2009,2012,stale_contract,9,,unknown,stale_contract
00-0022539,Tommy Kelly,DT,1980-12-27,corroborated,Mississippi State; Hinds CC,NE,RES,8,NE,historical_observation_only,,2013,2014,estimated_not_verified,9,,unknown,last_observed_before_week17
00-0022581,Cullen Loeffler,LS,1981-01-27,corroborated,Texas,MIN,ACT,17,MIN,historical_observation_only,,,,no_pre_2014_contract,9,,unknown,no_pre_2014_contract
00-0022684,Donnie Jones,P,1980-07-05,corroborated,LSU,PHI,ACT,18,PHI,historical_observation_only,,2013,2013,estimated_not_verified,9,UFA,experience_estimate,
00-0022695,Jason Babin,DE,1980-05-24,corroborated,Western Michigan,JAX,ACT,17,JAX,jacksonville_control,Active 53,,,branch_register_controls,9,,branch_register_controls,
00-0022712,Vince Wilfork,DT,1981-11-04,corroborated,Miami,NE,RES,4,NE,historical_observation_only,,2010,2014,estimated_not_verified,9,,unknown,last_observed_before_week17
00-0022723,Shaun Phillips,OLB,1981-05-13,corroborated,Purdue,DEN,ACT,21,DEN,historical_observation_only,,,,no_pre_2014_contract,9,,unknown,no_pre_2014_contract
00-0022735,Dunta Robinson,CB,1982-04-11,corroborated,South Carolina,KC,ACT,18,KC,historical_observation_only,,2013,2015,estimated_not_verified,9,,unknown,
00-0022736,Steven Jackson,RB,1983-07-22,corroborated,Oregon State,ATL,ACT,17,ATL,historical_observation_only,,2013,2015,estimated_not_verified,9,,unknown,
00-0022740,Jared Allen,DE,1982-04-03,corroborated,Idaho State,MIN,ACT,17,MIN,historical_observation_only,,2008,2013,estimated_not_verified,9,UFA,verified_two_pass,
00-0022750,Dwan Edwards,DT,1981-05-16,corroborated,Oregon State,CAR,ACT,19,CAR,historical_observation_only,,2013,2014,estimated_not_verified,9,,unknown,
00-0022778,Jonathan Vilma,MLB,1982-04-16,single_provider,Miami,NO,RES,9,NO,historical_observation_only,,,,no_pre_2014_contract,9,,unknown,last_observed_before_week17;no_pre_2014_contract
00-0022780,D.J. Williams,MLB,1982-07-20,corroborated,Miami,CHI,RES,6,CHI,historical_observation_only,,2013,2013,estimated_not_verified,9,UFA,experience_estimate,last_observed_before_week17
00-0022785,Max Starks,T,1982-01-10,single_provider,Florida,STL,CUT,4,STL,historical_observation_only,,,,no_pre_2014_contract,9,,unknown,last_observed_before_week17;no_pre_2014_contract;release_status_needs_dated_source
00-0022787,Matt Schaub,QB,1981-06-25,corroborated,Virginia,HOU,ACT,17,HOU,historical_observation_only,,2012,2015,estimated_not_verified,9,,unknown,
00-0022793,Antonio Smith,DE,1981-10-21,single_provider,Oklahoma State; Northeast Oklahoma,HOU,ACT,17,HOU,historical_observation_only,,2009,2013,estimated_not_verified,9,UFA,experience_estimate,
00-0022803,Eli Manning,QB,1981-01-03,corroborated,Mississippi,NYG,ACT,17,NYG,historical_observation_only,,2009,2014,estimated_not_verified,9,,unknown,
00-0022804,Nick Hardwick,C,1981-09-02,corroborated,Purdue,SD,ACT,19,SD,historical_observation_only,,2012,2014,estimated_not_verified,9,,unknown,
00-0022805,Randy Starks,DT,1983-12-14,corroborated,Maryland,MIA,ACT,17,MIA,historical_observation_only,,2013,2013,estimated_not_verified,9,UFA,experience_estimate,
00-0022811,Jerricho Cotchery,WR,1982-06-16,corroborated,N.C. State,PIT,ACT,17,PIT,historical_observation_only,,,,no_pre_2014_contract,9,,unknown,no_pre_2014_contract
00-0022824,Andy Lee,P,1982-08-11,corroborated,Pittsburgh,SF,ACT,20,SF,historical_observation_only,,2012,2017,estimated_not_verified,9,,unknown,
00-0022832,Scott Wells,C,1981-01-07,corroborated,Tennessee,STL,RES,14,STL,historical_observation_only,,2012,2015,estimated_not_verified,9,,unknown,last_observed_before_week17
00-0022838,Chris Snee,G,1982-01-18,corroborated,Boston College,NYG,RES,4,NYG,historical_observation_only,,2008,2013,estimated_not_verified,9,UFA,experience_estimate,last_observed_before_week17
00-0022839,Daryl Smith,LB,1982-03-14,corroborated,Georgia Tech,BAL,ACT,17,JAX,jacksonville_control,Active 53,,,branch_register_controls,9,,branch_register_controls,
00-0022847,Ben Hartsock,TE,1980-07-05,corroborated,Ohio State,CAR,ACT,19,CAR,historical_observation_only,,,,no_pre_2014_contract,9,,unknown,no_pre_2014_contract
00-0022855,Sean Locklear,T,1981-05-29,single_provider,N.C. State,ATL,ACT,17,ATL,historical_observation_only,,,,no_pre_2014_contract,9,,unknown,no_pre_2014_contract
00-0022863,Isaac Sopoaga,NT,1981-09-04,corroborated,Hawaii; College of the Canyons,NE,ACT;TRC,20,NE,historical_observation_only,,2013,2015,estimated_not_verified,9,,unknown,missing_or_conflicting_source_status;release_status_needs_dated_source
00-0022864,Luke McCown,QB,1981-07-12,corroborated,Louisiana Tech,NO,ACT,19,NO,historical_observation_only,,2013,2013,estimated_not_verified,9,UFA,experience_estimate,
00-0022867,Robert Geathers,DE,1983-08-11,corroborated,Georgia,CIN,RES,2,CIN,historical_observation_only,,2013,2015,estimated_not_verified,9,,unknown,last_observed_before_week17
00-0022874,Josh Scobee,K,1982-06-23,corroborated,Louisiana Tech,JAX,ACT,17,JAX,jacksonville_control,Active 53,,,branch_register_controls,9,,branch_register_controls,
00-0022897,Greg Jones,FB,1981-05-09,corroborated,Florida State,HOU,ACT,17,HOU,historical_observation_only,,,,no_matching_club_contract,9,,unknown,no_matching_club_contract
00-0022900,Will Allen,SS,1982-06-17,corroborated,Ohio State,PIT,ACT;TRC,17,PIT,historical_observation_only,,,,no_pre_2014_contract,9,,unknown,missing_or_conflicting_source_status;no_pre_2014_contract;release_status_needs_dated_source
00-0022911,Will Smith,LB,1981-07-04,single_provider,Ohio State,,,,,historical_observation_only,,,,club_unresolved,,,unknown,club_unresolved;missing_or_conflicting_source_status;no_2013_roster_observation;placement_unknown
00-0022921,Larry Fitzgerald,WR,1983-08-31,corroborated,Pittsburgh,ARI,ACT,17,ARI,historical_observation_only,,2011,2017,estimated_not_verified,9,,unknown,
00-0022922,Kellen Winslow,TE,1983-07-21,corroborated,Miami,NYJ,ACT,17,NYJ,historical_observation_only,,2013,2013,estimated_not_verified,9,UFA,experience_estimate,
00-0022923,DeAngelo Hall,CB,1983-11-19,corroborated,Virginia Tech,WAS,ACT,17,WAS,historical_observation_only,,2013,2013,estimated_not_verified,9,UFA,experience_estimate,
00-0022924,Ben Roethlisberger,QB,1982-03-02,corroborated,Miami (Ohio),PIT,ACT,17,PIT,historical_observation_only,,2008,2015,sourced_correction,9,,unknown,
00-0022927,Karlos Dansby,ILB,1981-11-03,corroborated,Auburn,ARI,ACT,17,ARI,historical_observation_only,,2013,2013,estimated_not_verified,9,UFA,experience_estimate,
00-0022930,Darnell Dockett,DT,1981-05-27,corroborated,Florida State,ARI,ACT,17,ARI,historical_observation_only,,2010,2013,estimated_not_verified,9,UFA,experience_estimate,
00-0022942,Philip Rivers,QB,1981-12-08,corroborated,N.C. State,SD,ACT,19,SD,historical_observation_only,,2009,2014,estimated_not_verified,9,,unknown,
00-0022943,Benjamin Watson,TE,1980-12-18,corroborated,Georgia; Duke,NO,ACT,19,NO,historical_observation_only,,2013,2015,estimated_not_verified,9,,unknown,
00-0022975,Andrew Economos,LS,1982-06-24,corroborated,Georgia Tech,TB,ACT,17,TB,historical_observation_only,,,,no_pre_2014_contract,8,,unknown,no_pre_2014_contract
00-0022979,Dan Connolly,G,1982-09-02,corroborated,Southeast Missouri State,NE,ACT,20,NE,historical_observation_only,,2012,2014,estimated_not_verified,8,,unknown,
00-0022999,John Kuhn,FB,1982-09-09,corroborated,University of Shippensburg,GB,ACT,18,GB,historical_observation_only,,2011,2013,estimated_not_verified,8,UFA,experience_estimate,
00-0023001,Shaun Suisham,K,1981-12-29,corroborated,Bowling Green,PIT,ACT,17,PIT,historical_observation_only,,,,no_pre_2014_contract,8,,unknown,no_pre_2014_contract
00-0023003,Greg Warren,LS,1981-10-18,corroborated,North Carolina,PIT,ACT,17,PIT,historical_observation_only,,,,no_pre_2014_contract,8,,unknown,no_pre_2014_contract
00-0023008,Chris Carr,CB,1983-04-30,single_provider,Boise State,NO,CUT,15,NO,historical_observation_only,,,,no_pre_2014_contract,8,,unknown,last_observed_before_week17;no_pre_2014_contract;release_status_needs_dated_source
00-0023013,Brandon Browner,CB,1984-08-02,corroborated,Oregon State,SEA,SUS,15,SEA,historical_observation_only,,2013,2013,estimated_not_verified,8,UFA,experience_estimate,last_observed_before_week17
00-0023016,Erik Pears,T,1982-06-25,corroborated,Colorado State,BUF,ACT,17,BUF,historical_observation_only,,2011,2013,estimated_not_verified,8,UFA,experience_estimate,
00-0023096,Nick Novak,K,1981-08-21,corroborated,Maryland,SD,ACT,19,SD,historical_observation_only,,,,no_pre_2014_contract,8,,unknown,no_pre_2014_contract
00-0023173,John Denney,LS,1978-12-13,corroborated,BYU; Ricks College,MIA,ACT,17,MIA,historical_observation_only,,,,no_pre_2014_contract,8,,unknown,no_pre_2014_contract
00-0023176,Joshua Cribbs,WR,1983-06-09,single_provider,Kent State,NYJ,RES,13,NYJ,historical_observation_only,,,,no_pre_2014_contract,8,,unknown,last_observed_before_week17;no_pre_2014_contract
00-0023177,Jon Condo,LS,1981-08-26,corroborated,Maryland,OAK,ACT,17,OAK,historical_observation_only,,,,no_pre_2014_contract,8,,unknown,no_pre_2014_contract
00-0023180,Harvey Dahl,G,1981-06-24,corroborated,Nevada,STL,ACT,17,STL,historical_observation_only,,2013,2014,estimated_not_verified,8,,unknown,
00-0023215,Heath Farwell,MLB,1981-12-31,corroborated,San Diego State; San Jose State,SEA,ACT,21,SEA,historical_observation_only,,,,no_pre_2014_contract,8,,unknown,no_pre_2014_contract
00-0023234,Michael Koenen,P,1982-07-13,corroborated,Western Washington University,TB,ACT,17,TB,historical_observation_only,,,,no_pre_2014_contract,8,,unknown,no_pre_2014_contract
00-0023252,Robbie Gould,K,1982-12-06,corroborated,Penn State,CHI,ACT,17,CHI,historical_observation_only,,,,no_pre_2014_contract,8,,unknown,no_pre_2014_contract
00-0023259,Lorenzo Alexander,OLB,1983-05-31,corroborated,California,ARI,RES,3,ARI,historical_observation_only,,2013,2015,estimated_not_verified,8,,unknown,last_observed_before_week17
00-0023287,Jim Leonhard,SS,1982-10-27,corroborated,Wisconsin,BUF,ACT,17,BUF,historical_observation_only,,,,no_pre_2014_contract,8,,unknown,no_pre_2014_contract
00-0023298,L.P. Ladouceur,LS,1981-03-13,corroborated,California,DAL,ACT,17,DAL,historical_observation_only,,2013,2017,estimated_not_verified,8,,unknown,
00-0023310,Lance Moore,WR,1983-08-31,corroborated,Toledo,NO,ACT,19,NO,historical_observation_only,,2011,2015,estimated_not_verified,8,,unknown,
00-0023316,Raymond Ventrone,SS,1982-10-21,corroborated,Villanova,SF,ACT,20,SF,historical_observation_only,,,,no_pre_2014_contract,8,,unknown,no_pre_2014_contract
00-0023327,Gary Gibson,DT,1982-05-05,corroborated,Rutgers,TB,ACT,17,TB,historical_observation_only,,,,no_pre_2014_contract,8,,unknown,no_pre_2014_contract
00-0023367,Nate Washington,WR,1983-08-28,corroborated,Tiffin,TEN,ACT,17,TEN,historical_observation_only,,2009,2014,estimated_not_verified,8,,unknown,
00-0023368,Cameron Wake,DE,1982-01-30,corroborated,Penn State,MIA,ACT,17,MIA,historical_observation_only,,2012,2015,estimated_not_verified,8,,unknown,
00-0023436,Alex Smith,QB,1984-05-07,corroborated,Utah,KC,ACT,18,KC,historical_observation_only,,2012,2014,estimated_not_verified,8,,unknown,
00-0023437,Ronnie Brown,RB,1981-12-12,corroborated,Auburn,SD,ACT,19,SD,historical_observation_only,,,,no_pre_2014_contract,8,,unknown,no_pre_2014_contract
00-0023441,Adam Jones,CB,1983-09-30,corroborated,West Virginia,CIN,ACT,18,CIN,historical_observation_only,,2013,2015,estimated_not_verified,8,,unknown,
00-0023443,Antrel Rolle,SS,1982-12-16,corroborated,Miami,NYG,ACT,17,NYG,historical_observation_only,,2010,2014,estimated_not_verified,8,,unknown,
00-0023444,Carlos Rogers,CB,1981-07-02,corroborated,Auburn,SF,ACT,20,SF,historical_observation_only,,2012,2015,estimated_not_verified,8,,unknown,
00-0023445,DeMarcus Ware,DE,1982-07-31,corroborated,Troy,DAL,ACT,17,DAL,historical_observation_only,,2009,2014,estimated_not_verified,8,,unknown,
00-0023448,Thomas Davis,OLB,1983-03-22,corroborated,Georgia,CAR,ACT,19,CAR,historical_observation_only,,2012,2015,estimated_not_verified,8,,unknown,
00-0023449,Derrick Johnson,ILB,1982-11-22,corroborated,Texas,KC,ACT,18,KC,historical_observation_only,,2010,2014,estimated_not_verified,8,,unknown,
00-0023455,Marcus Spears,DE,1983-03-08,corroborated,LSU,BAL,CUT,8,BAL,historical_observation_only,,,,no_pre_2014_contract,8,,unknown,last_observed_before_week17;no_pre_2014_contract;release_status_needs_dated_source
00-0023459,Aaron Rodgers,QB,1983-12-02,corroborated,California; Butte College,GB,ACT,18,GB,historical_observation_only,,2013,2017,estimated_not_verified,8,,unknown,
00-0023460,Jason Campbell,QB,1981-12-31,corroborated,Auburn,CLE,ACT,17,CLE,historical_observation_only,,2013,2014,estimated_not_verified,8,,unknown,
00-0023461,Chris Spencer,C,1982-03-28,corroborated,Mississippi,TEN,ACT,17,TEN,historical_observation_only,,,,no_pre_2014_contract,8,,unknown,no_pre_2014_contract
00-0023462,Roddy White,WR,1981-11-02,corroborated,UAB,ATL,ACT,17,ATL,historical_observation_only,,2009,2013,estimated_not_verified,8,UFA,experience_estimate,
00-0023465,Heath Miller,TE,1982-10-22,corroborated,Virginia,PIT,ACT,17,PIT,historical_observation_only,,2009,2013,estimated_not_verified,8,UFA,experience_estimate,
00-0023466,Mike Patterson,DT,1983-09-01,single_provider,USC,NYG,ACT,17,NYG,historical_observation_only,,,,no_pre_2014_contract,8,,unknown,no_pre_2014_contract
00-0023467,Logan Mankins,G,1982-03-10,corroborated,Fresno State,NE,ACT,20,NE,historical_observation_only,,2011,2016,estimated_not_verified,8,,unknown,
00-0023468,David Baas,C,1981-09-28,corroborated,Michigan,NYG,RES,7,NYG,historical_observation_only,,2011,2015,estimated_not_verified,8,,unknown,last_observed_before_week17
00-0023476,Michael Roos,T,1982-10-05,corroborated,Eastern Washington,TEN,ACT,17,TEN,historical_observation_only,,2008,2013,estimated_not_verified,8,UFA,experience_estimate,
00-0023477,Kevin Burnett,OLB,1982-12-24,corroborated,Tennessee,OAK,ACT,17,OAK,historical_observation_only,,2013,2014,estimated_not_verified,8,,unknown,
00-0023478,Corey Webster,CB,1982-03-02,corroborated,LSU,NYG,RES,15,NYG,historical_observation_only,,2013,2013,estimated_not_verified,8,UFA,experience_estimate,last_observed_before_week17
00-0023482,Mike Nugent,K,1982-03-02,corroborated,Ohio State,CIN,ACT,18,CIN,historical_observation_only,,2013,2014,estimated_not_verified,8,,unknown,
00-0023487,Khalif Barnes,T,1982-04-21,corroborated,Washington,OAK,ACT,17,OAK,historical_observation_only,,,,no_pre_2014_contract,8,,unknown,no_pre_2014_contract
00-0023494,Jonathan Babineaux,DT,1981-10-12,corroborated,Iowa,ATL,ACT,17,ATL,historical_observation_only,,2008,2012,stale_contract,8,,unknown,stale_contract
00-0023496,Vincent Jackson,WR,1983-01-14,corroborated,Northern Colorado,TB,ACT,17,TB,historical_observation_only,,2012,2016,estimated_not_verified,8,,unknown,
00-0023500,Frank Gore,RB,1983-05-14,corroborated,Miami,SF,ACT,20,SF,historical_observation_only,,2011,2013,estimated_not_verified,8,UFA,experience_estimate,
00-0023506,Alex Smith,TE,1982-05-22,corroborated,Stanford,CIN,RES,17,CIN,historical_observation_only,,,,no_matching_club_contract,8,,unknown,no_matching_club_contract
00-0023509,Justin Tuck,DE,1983-03-29,corroborated,Notre Dame,NYG,ACT,17,NYG,historical_observation_only,,2008,2012,stale_contract,8,,unknown,stale_contract
00-0023514,Evan Mathis,G,1981-11-01,corroborated,Alabama,PHI,ACT,18,PHI,historical_observation_only,,2012,2016,estimated_not_verified,8,,unknown,
00-0023516,Richie Incognito,G,1983-07-05,corroborated,Nebraska,MIA,SUS,9,MIA,historical_observation_only,,2011,2013,estimated_not_verified,8,UFA,experience_estimate,last_observed_before_week17
00-0023529,Adam Snyder,G,1982-01-30,corroborated,Oregon,SF,ACT,20,SF,historical_observation_only,,,,no_pre_2014_contract,8,,unknown,no_pre_2014_contract
00-0023534,Dustin Colquitt,P,1982-05-06,corroborated,Tennessee,KC,ACT,18,KC,historical_observation_only,,2013,2017,estimated_not_verified,8,,unknown,
00-0023541,Kyle Orton,QB,1982-11-14,corroborated,Purdue,DAL,ACT,17,DAL,historical_observation_only,,2012,2014,estimated_not_verified,8,,unknown,
00-0023545,Brandon Jacobs,RB,1982-07-06,single_provider,Southern Illinois; Auburn; Coffeyville CC,NYG,RES,14,NYG,historical_observation_only,,,,no_pre_2014_contract,8,,unknown,last_observed_before_week17;no_pre_2014_contract
00-0023548,David Stewart,T,1982-08-28,corroborated,Mississippi State,TEN,ACT,17,TEN,historical_observation_only,,,,ambiguous_same_year_terms,8,,unknown,ambiguous_same_year_terms
00-0023560,Todd Herremans,G,1982-10-13,corroborated,Saginaw Valley State,PHI,ACT,18,PHI,historical_observation_only,,2012,2014,estimated_not_verified,8,,unknown,
00-0023563,Dylan Gandy,G,1982-03-08,corroborated,Texas Tech,DET,ACT,17,DET,historical_observation_only,,2013,2013,estimated_not_verified,8,UFA,experience_estimate,
00-0023564,Darren Sproles,RB,1983-06-20,corroborated,Kansas State,NO,ACT,19,NO,historical_observation_only,,2011,2014,estimated_not_verified,8,,unknown,
00-0023566,Chris Canty,DE,1982-11-10,corroborated,Virginia,BAL,ACT,17,BAL,historical_observation_only,,2013,2015,estimated_not_verified,8,,unknown,
00-0023569,Matt Giordano,SS,1982-10-16,corroborated,California; Fresno City College,STL,ACT,17,STL,historical_observation_only,,,,no_pre_2014_contract,8,,unknown,no_pre_2014_contract
00-0023578,Dan Orlovsky,QB,1983-08-18,single_provider,Connecticut,TB,ACT,17,TB,historical_observation_only,,,,no_pre_2014_contract,8,,unknown,no_pre_2014_contract
00-0023579,Trent Cole,OLB,1982-10-05,corroborated,Cincinnati,PHI,ACT,18,PHI,historical_observation_only,,2012,2015,estimated_not_verified,8,,unknown,
00-0023593,Michael Boley,OLB,1982-08-24,single_provider,Southern Mississippi,CIN,ACT,18,CIN,historical_observation_only,,,,no_pre_2014_contract,8,,unknown,no_pre_2014_contract
00-0023602,Geoff Hangartner,G,1982-04-22,single_provider,Texas A&M,CAR,ACT,19,CAR,historical_observation_only,,,,no_pre_2014_contract,8,,unknown,no_pre_2014_contract
00-0023620,Will Svitek,T,1982-01-08,corroborated,Stanford,NE,ACT,20,NE,historical_observation_only,,,,no_pre_2014_contract,8,,unknown,no_pre_2014_contract
00-0023624,C.J. Mosley,DT,1983-08-06,corroborated,Missouri,DET,ACT,17,JAX,jacksonville_control,Active 53,,,branch_register_controls,8,,branch_register_controls,
00-0023630,Joel Dreessen,TE,1982-07-26,corroborated,Colorado State,DEN,ACT,21,DEN,historical_observation_only,,2012,2014,estimated_not_verified,8,,unknown,
00-0023633,Chris Myers,C,1981-09-15,corroborated,Miami,HOU,ACT,17,HOU,historical_observation_only,,2012,2015,estimated_not_verified,8,,unknown,
00-0023639,Joe Berger,C,1982-05-25,corroborated,Michigan Tech University,MIN,ACT,17,MIN,historical_observation_only,,2013,2013,estimated_not_verified,8,UFA,experience_estimate,
00-0023645,Derek Anderson,QB,1983-06-15,corroborated,Oregon State,CAR,ACT,19,CAR,historical_observation_only,,2013,2013,estimated_not_verified,8,UFA,experience_estimate,
00-0023648,Kevin Vickerson,DT,1983-01-08,corroborated,Michigan State,DEN,RES,12,DEN,historical_observation_only,,2013,2014,estimated_not_verified,8,,unknown,last_observed_before_week17
00-0023656,Jay Ratliff,DT,1981-08-29,single_provider,Auburn,CHI,ACT;TRD,17,CHI,historical_observation_only,,,,no_pre_2014_contract,8,,unknown,missing_or_conflicting_source_status;no_pre_2014_contract;release_status_needs_dated_source
00-0023662,Matt Cassel,QB,1982-05-17,corroborated,USC,MIN,ACT,17,MIN,historical_observation_only,,2013,2013,estimated_not_verified,8,UFA,experience_estimate,
00-0023679,Billy Bajema,TE,1982-10-31,corroborated,Oklahoma State,BAL,CUT,6,BAL,historical_observation_only,,,,no_pre_2014_contract,8,,unknown,last_observed_before_week17;no_pre_2014_contract;release_status_needs_dated_source
00-0023682,Ryan Fitzpatrick,QB,1982-11-24,corroborated,Harvard,TEN,ACT,17,TEN,historical_observation_only,,2013,2014,estimated_not_verified,8,,unknown,
00-0023693,Chase Blackburn,MLB,1983-06-10,corroborated,Akron,CAR,ACT,19,CAR,historical_observation_only,,,,no_pre_2014_contract,8,,unknown,no_pre_2014_contract
00-0023727,Dimitri Patterson,CB,1983-06-18,reviewed_source_conflict,Tuskegee University; Southeast Missouri State,MIA,RES,14,MIA,historical_observation_only,,2012,2014,estimated_not_verified,8,,unknown,last_observed_before_week17
00-0023740,Thomas Gafford,LS,1983-01-29,corroborated,Houston,KC,ACT,18,KC,historical_observation_only,,,,no_pre_2014_contract,8,,unknown,no_pre_2014_contract
00-0023742,Jon Ryan,P,1981-11-26,corroborated,Regina,SEA,ACT,21,SEA,historical_observation_only,,,,no_pre_2014_contract,7,,unknown,no_pre_2014_contract
00-0023750,Mario Williams,DE,1985-01-31,corroborated,N.C. State,BUF,ACT,17,BUF,historical_observation_only,,2012,2017,estimated_not_verified,7,,unknown,
00-0023846,Mike Brisiel,G,1983-03-14,corroborated,Colorado State,OAK,ACT,17,OAK,historical_observation_only,,2012,2016,estimated_not_verified,7,,unknown,
00-0023853,Matt Prater,K,1984-08-10,corroborated,UCF,DEN,ACT,21,DEN,historical_observation_only,,,,no_pre_2014_contract,7,,unknown,no_pre_2014_contract
00-0023890,Jason Hunter,DE,1983-08-28,corroborated,Appalachian State,OAK,ACT,17,OAK,historical_observation_only,,,,no_pre_2014_contract,7,,unknown,no_pre_2014_contract
00-0023894,Donald Penn,T,1983-04-27,corroborated,Utah State,TB,ACT,17,TB,historical_observation_only,,2010,2015,estimated_not_verified,7,,unknown,
00-0023904,Garrett McIntyre,OLB,1984-11-26,corroborated,Fresno State,NYJ,ACT,17,NYJ,historical_observation_only,,,,no_pre_2014_contract,7,,unknown,no_pre_2014_contract
00-0023918,Jarrett Bush,CB,1984-05-21,corroborated,Utah State; American River,GB,ACT,18,GB,historical_observation_only,,,,no_pre_2014_contract,7,,unknown,no_pre_2014_contract
00-0023920,Dennis Roland,T,1983-03-10,corroborated,Georgia,CIN,ACT,18,CIN,historical_observation_only,,,,no_pre_2014_contract,7,,unknown,no_pre_2014_contract
00-0023921,Miles Austin,WR,1984-06-30,corroborated,Monmouth,DAL,ACT,17,DAL,historical_observation_only,,,,ambiguous_same_year_terms,7,,unknown,ambiguous_same_year_terms
00-0023954,Stephen Bowen,DE,1984-03-28,corroborated,Hofstra,WAS,RES,12,WAS,historical_observation_only,,2011,2015,estimated_not_verified,7,,unknown,last_observed_before_week17
00-0023968,Micheal Spurlock,WR,1983-01-31,corroborated,Mississippi,DET,ACT;TRD,17,DET,historical_observation_only,,,,no_pre_2014_contract,7,,unknown,missing_or_conflicting_source_status;no_pre_2014_contract;release_status_needs_dated_source
00-0023998,Steve Gregory,FS,1983-01-08,corroborated,Syracuse,NE,ACT,20,NE,historical_observation_only,,2012,2014,estimated_not_verified,7,,unknown,
00-0024030,Tom Johnson,DE,1984-08-30,corroborated,Southern Mississippi; Mississippi Gulf Coast CC,NO,ACT,19,NO,historical_observation_only,,2011,2013,estimated_not_verified,7,UFA,experience_estimate,
00-0024061,Tramon Williams,CB,1983-03-16,corroborated,Louisiana Tech,GB,ACT,18,GB,historical_observation_only,,,,ambiguous_same_year_terms,7,,unknown,ambiguous_same_year_terms
00-0024102,Tony McDaniel,DT,1985-01-20,corroborated,Tennessee,SEA,ACT,21,SEA,historical_observation_only,,2013,2013,estimated_not_verified,7,UFA,experience_estimate,
00-0024103,Montell Owens,FB,1984-05-04,corroborated,Maine,DET,RES,11,JAX,jacksonville_control,Active 53,,,branch_register_controls,7,,branch_register_controls,last_observed_before_week17
00-0024110,Steve Weatherford,P,1982-12-17,corroborated,Illinois,NYG,ACT,17,NYG,historical_observation_only,,,,no_pre_2014_contract,7,,unknown,no_pre_2014_contract
00-0024129,Blake Costanzo,OLB,1984-04-14,corroborated,Lafayette College,CHI,ACT,17,CHI,historical_observation_only,,,,no_pre_2014_contract,7,,unknown,no_pre_2014_contract
00-0024183,Brent Grimes,CB,1983-07-19,corroborated,University of Shippensburg,MIA,ACT,17,JAX,jacksonville_control,Active 53,,,branch_register_controls,7,,branch_register_controls,
00-0024193,Willie Colon,G,1983-04-09,corroborated,Hofstra,NYJ,ACT,17,NYJ,historical_observation_only,,2013,2013,estimated_not_verified,7,UFA,experience_estimate,
00-0024204,Fred Jackson,RB,1981-02-20,corroborated,Coe College,BUF,ACT,17,BUF,historical_observation_only,,2012,2013,estimated_not_verified,8,UFA,experience_estimate,
00-0024217,Reggie Bush,RB,1985-03-02,corroborated,USC,DET,ACT,17,DET,historical_observation_only,,2013,2016,estimated_not_verified,7,,unknown,
00-0024219,D'Brickashaw Ferguson,T,1983-12-10,corroborated,Virginia,NYJ,ACT,17,NYJ,historical_observation_only,,2010,2015,estimated_not_verified,7,,unknown,
00-0024220,A.J. Hawk,ILB,1984-01-06,corroborated,Ohio State,GB,ACT,18,GB,historical_observation_only,,2013,2017,estimated_not_verified,7,,unknown,
00-0024221,Vernon Davis,TE,1984-01-31,corroborated,Maryland,SF,ACT,20,SF,historical_observation_only,,2010,2014,estimated_not_verified,7,,unknown,
00-0024222,Michael Huff,FS,1983-03-06,corroborated,Texas,DEN,ACT;TRD,21,DEN,historical_observation_only,,,,no_pre_2014_contract,7,,unknown,missing_or_conflicting_source_status;no_pre_2014_contract;release_status_needs_dated_source
00-0024223,Donte Whitner,SS,1985-07-24,corroborated,Ohio State,SF,ACT,20,SF,historical_observation_only,,2011,2013,estimated_not_verified,7,UFA,experience_estimate,
00-0024224,Ernie Sims,OLB,1984-12-23,corroborated,Florida State,DAL,ACT,17,DAL,historical_observation_only,,,,no_pre_2014_contract,7,,unknown,no_pre_2014_contract
00-0024226,Jay Cutler,QB,1983-04-29,corroborated,Vanderbilt,CHI,ACT,17,CHI,historical_observation_only,,2009,2010,stale_contract,7,,unknown,stale_contract
00-0024227,Haloti Ngata,NT,1984-01-21,corroborated,Oregon,BAL,ACT,17,BAL,historical_observation_only,,2011,2011,stale_contract,7,,unknown,stale_contract
00-0024228,Kamerion Wimbley,DE,1983-10-13,corroborated,Florida State,TEN,ACT,17,TEN,historical_observation_only,,2012,2016,estimated_not_verified,7,,unknown,
00-0024229,Brodrick Bunkley,NT,1983-11-23,corroborated,Florida State,NO,ACT,19,NO,historical_observation_only,,2012,2016,estimated_not_verified,7,,unknown,
00-0024232,Chad Greenway,OLB,1983-01-12,corroborated,Iowa,MIN,ACT,17,MIN,historical_observation_only,,2011,2015,estimated_not_verified,7,,unknown,
00-0024234,Antonio Cromartie,CB,1984-04-15,corroborated,Florida State,NYJ,ACT,17,NYJ,historical_observation_only,,2011,2014,estimated_not_verified,7,,unknown,
00-0024235,Tamba Hali,OLB,1983-11-03,corroborated,Penn State,KC,ACT,18,KC,historical_observation_only,,2011,2015,estimated_not_verified,7,,unknown,
00-0024237,Manny Lawson,OLB,1984-07-03,corroborated,N.C. State,BUF,ACT,17,BUF,historical_observation_only,,2013,2016,estimated_not_verified,7,,unknown,
00-0024238,Davin Joseph,G,1983-11-22,corroborated,Oklahoma,TB,ACT,17,TB,historical_observation_only,,2011,2017,estimated_not_verified,7,,unknown,
00-0024239,Johnathan Joseph,CB,1984-04-16,corroborated,South Carolina; Coffeyville CC,HOU,RES,16,HOU,historical_observation_only,,2011,2015,estimated_not_verified,7,,unknown,last_observed_before_week17
00-0024240,Santonio Holmes,WR,1984-03-03,corroborated,Ohio State,NYJ,ACT,17,NYJ,historical_observation_only,,2013,2015,estimated_not_verified,7,,unknown,
00-0024242,DeAngelo Williams,RB,1983-04-25,corroborated,Memphis,CAR,ACT,19,CAR,historical_observation_only,,2013,2015,estimated_not_verified,7,,unknown,
00-0024243,Marcedes Lewis,TE,1984-05-19,corroborated,UCLA,JAX,ACT,17,JAX,jacksonville_control,Active 53,,,branch_register_controls,7,,branch_register_controls,
00-0024244,Nick Mangold,C,1984-01-13,corroborated,Ohio State,NYJ,ACT,17,NYJ,historical_observation_only,,2010,2016,estimated_not_verified,7,,unknown,
00-0024247,Mathias Kiwanuka,DE,1983-03-08,corroborated,Boston College,NYG,ACT,17,NYG,historical_observation_only,,2012,2014,estimated_not_verified,7,,unknown,
00-0024248,DeMeco Ryans,ILB,1984-07-28,corroborated,Alabama,PHI,ACT,18,PHI,historical_observation_only,,2010,2015,estimated_not_verified,7,,unknown,
00-0024249,D'Qwell Jackson,ILB,1983-09-26,corroborated,Maryland,CLE,ACT,17,CLE,historical_observation_only,,2012,2016,estimated_not_verified,7,,unknown,
00-0024250,Rocky McIntosh,OLB,1982-11-15,corroborated,Miami,DET,ACT,17,DET,historical_observation_only,,,,no_pre_2014_contract,7,,unknown,no_pre_2014_contract
00-0024253,Thomas Howard,OLB,1983-07-14,single_provider,Texas-El Paso,ATL,CUT,10,ATL,historical_observation_only,,,,no_pre_2014_contract,7,,unknown,last_observed_before_week17;no_pre_2014_contract;release_status_needs_dated_source
00-0024254,Winston Justice,T,1984-09-14,single_provider,USC,DEN,ACT,21,DEN,historical_observation_only,,,,no_pre_2014_contract,7,,unknown,no_pre_2014_contract
00-0024257,Danieal Manning,SS,1982-08-09,corroborated,Abilene Christian,HOU,RES,6,HOU,historical_observation_only,,2011,2014,estimated_not_verified,7,,unknown,last_observed_before_week17
00-0024258,Roman Harper,SS,1982-12-11,corroborated,Alabama,NO,ACT,19,NO,historical_observation_only,,2013,2015,estimated_not_verified,7,,unknown,
00-0024262,Daryn Colledge,G,1982-02-11,corroborated,Boise State,ARI,ACT,17,ARI,historical_observation_only,,2011,2015,estimated_not_verified,7,,unknown,
00-0024264,Kellen Clemens,QB,1983-06-06,corroborated,Oregon,STL,ACT,17,STL,historical_observation_only,,,,no_pre_2014_contract,7,,unknown,no_pre_2014_contract
00-0024267,Greg Jennings,WR,1983-09-21,corroborated,Western Michigan,MIN,ACT,17,MIN,historical_observation_only,,2013,2017,estimated_not_verified,7,,unknown,
00-0024268,Anthony Fasano,TE,1984-04-20,corroborated,Notre Dame,KC,ACT,18,KC,historical_observation_only,,2013,2014,estimated_not_verified,7,,unknown,
00-0024269,Bernard Pollard,SS,1984-12-23,corroborated,Purdue,TEN,ACT,17,TEN,historical_observation_only,,2013,2013,estimated_not_verified,7,UFA,experience_estimate,
00-0024270,Andrew Whitworth,T,1981-12-12,reviewed_source_conflict,LSU,CIN,ACT,18,CIN,historical_observation_only,,2011,2012,stale_contract,7,,unknown,stale_contract
00-0024271,Chris Chester,G,1983-01-12,corroborated,Oklahoma,WAS,ACT,17,WAS,historical_observation_only,,2011,2014,estimated_not_verified,7,,unknown,
00-0024272,Devin Hester,WR,1982-11-04,corroborated,Miami,CHI,ACT,17,CHI,historical_observation_only,,2008,2011,stale_contract,7,,unknown,stale_contract
00-0024273,Richard Marshall,CB,1984-12-12,corroborated,Fresno State,SD,ACT,19,SD,historical_observation_only,,,,no_pre_2014_contract,7,,unknown,no_pre_2014_contract
00-0024274,Jeremy Trueblood,T,1983-05-10,corroborated,Boston College,ATL,ACT,17,ATL,historical_observation_only,,,,no_pre_2014_contract,7,,unknown,no_pre_2014_contract
00-0024275,Maurice Jones-Drew,RB,1985-03-23,corroborated,UCLA,JAX,ACT,17,JAX,jacksonville_control,Active 53,,,branch_register_controls,7,,branch_register_controls,
00-0024276,Tony Scheffler,TE,1983-02-15,corroborated,Western Michigan,DET,CUT,7,DET,historical_observation_only,,,,no_pre_2014_contract,7,,unknown,last_observed_before_week17;no_pre_2014_contract;release_status_needs_dated_source
00-0024277,Tim Jennings,CB,1983-12-24,corroborated,Georgia,CHI,ACT,17,CHI,historical_observation_only,,2012,2013,estimated_not_verified,7,UFA,experience_estimate,
00-0024278,Darryl Tapp,OLB,1984-09-13,corroborated,Virginia Tech,WAS,ACT,17,WAS,historical_observation_only,,,,no_pre_2014_contract,7,,unknown,no_pre_2014_contract
00-0024279,Tarvaris Jackson,QB,1983-04-21,reviewed_source_conflict,Alabama State; Arkansas,SEA,ACT,21,SEA,historical_observation_only,,,,no_pre_2014_contract,7,,unknown,no_pre_2014_contract
00-0024281,Eric Winston,T,1983-11-17,corroborated,Miami,ARI,ACT,17,ARI,historical_observation_only,,,,no_pre_2014_contract,7,,unknown,no_pre_2014_contract
00-0024284,Paul McQuistan,G,1983-04-30,corroborated,Weber State,SEA,ACT,21,SEA,historical_observation_only,,2012,2013,estimated_not_verified,7,UFA,experience_estimate,
00-0024290,Jason Spitz,G,1982-12-19,single_provider,Louisville,SEA,CUT,5,SEA,historical_observation_only,,,,no_pre_2014_contract,7,,unknown,last_observed_before_week17;no_pre_2014_contract;release_status_needs_dated_source
00-0024296,Charlie Whitehurst,QB,1982-08-06,corroborated,Clemson,SD,ACT,19,SD,historical_observation_only,,2012,2013,estimated_not_verified,7,UFA,experience_estimate,
00-0024303,James Anderson,OLB,1983-09-26,corroborated,Virginia Tech,CHI,ACT,17,CHI,historical_observation_only,,,,no_pre_2014_contract,7,,unknown,no_pre_2014_contract
00-0024304,Rashad Butler,T,1983-02-10,corroborated,Miami,CLE,NWT;TRT,9,CLE,historical_observation_only,,,,no_pre_2014_contract,7,,unknown,last_observed_before_week17;missing_or_conflicting_source_status;no_pre_2014_contract;release_status_needs_dated_source
00-0024306,Frostee Rucker,DT,1983-09-14,corroborated,USC; Colorado State,ARI,ACT,17,ARI,historical_observation_only,,2013,2013,estimated_not_verified,7,UFA,experience_estimate,
00-0024307,Jason Hatcher,DT,1982-07-13,corroborated,Grambling State,DAL,ACT,17,DAL,historical_observation_only,,2011,2013,estimated_not_verified,7,UFA,experience_estimate,
00-0024312,Eric Smith,FS,1983-03-17,single_provider,Michigan State,,,,,historical_observation_only,,,,club_unresolved,,,unknown,club_unresolved;missing_or_conflicting_source_status;no_2013_roster_observation;placement_unknown
00-0024313,Owen Daniels,TE,1982-11-09,corroborated,Wisconsin,HOU,RSR,5,HOU,historical_observation_only,,2011,2014,estimated_not_verified,7,,unknown,last_observed_before_week17;release_status_needs_dated_source
00-0024315,Michael Robinson,FB,1983-02-06,single_provider,Penn State,SEA,ACT,21,SEA,historical_observation_only,,,,no_pre_2014_contract,7,,unknown,no_pre_2014_contract
00-0024318,Brad Smith,WR,1983-12-12,single_provider,Missouri,PHI,ACT;TRC,18,PHI,historical_observation_only,,,,no_pre_2014_contract,7,,unknown,missing_or_conflicting_source_status;no_pre_2014_contract;release_status_needs_dated_source
00-0024323,Jahri Evans,G,1983-08-22,corroborated,Bloomsburg,NO,ACT,19,NO,historical_observation_only,,2010,2016,estimated_not_verified,7,,unknown,
00-0024324,Jason Avant,WR,1983-04-20,corroborated,Michigan,PHI,ACT,18,PHI,historical_observation_only,,2010,2014,estimated_not_verified,7,,unknown,
00-0024330,Will Blackmon,CB,1984-10-27,single_provider,Boston College,JAX,ACT,17,,real_jaguars_only,,,,no_pre_2014_contract,7,,unknown,no_pre_2014_contract;real_jaguars_move_not_applied
00-0024331,Stephen Tulloch,MLB,1985-01-01,corroborated,N.C. State,DET,ACT,17,DET,historical_observation_only,,2012,2016,estimated_not_verified,7,,unknown,
00-0024332,Leon Washington,RB,1982-08-29,corroborated,Florida State,TEN,ACT;TRD,17,TEN,historical_observation_only,,,,no_pre_2014_contract,7,,unknown,missing_or_conflicting_source_status;no_pre_2014_contract;release_status_needs_dated_source
00-0024333,Stephen Gostkowski,K,1984-01-28,corroborated,Memphis,NE,ACT,20,NE,historical_observation_only,,2010,2014,estimated_not_verified,7,,unknown,
00-0024334,Brandon Marshall,WR,1984-03-23,corroborated,UCF,CHI,ACT,17,CHI,historical_observation_only,,2010,2014,estimated_not_verified,7,,unknown,
00-0024338,Domata Peko,NT,1984-11-27,corroborated,Michigan State; College of the Canyons,CIN,ACT,18,CIN,historical_observation_only,,2008,2012,stale_contract,7,,unknown,stale_contract
00-0024339,Barry Cofield,NT,1984-03-19,corroborated,Northwestern,WAS,ACT,17,WAS,historical_observation_only,,2011,2014,estimated_not_verified,7,,unknown,
00-0024341,Elvis Dumervil,OLB,1984-01-19,corroborated,Louisville,BAL,ACT,17,BAL,historical_observation_only,,2013,2017,estimated_not_verified,7,,unknown,
00-0024343,Rob Sims,G,1983-12-06,corroborated,Ohio State,DET,ACT,17,DET,historical_observation_only,,,,ambiguous_same_year_terms,7,,unknown,ambiguous_same_year_terms
00-0024344,Guy Whimper,G,1983-05-21,corroborated,East Carolina,PIT,ACT,17,PIT,historical_observation_only,,,,no_pre_2014_contract,7,,unknown,no_pre_2014_contract
00-0024345,Domenik Hixon,WR,1984-10-08,corroborated,Akron,CAR,ACT,19,CAR,historical_observation_only,,,,no_pre_2014_contract,7,,unknown,no_pre_2014_contract
00-0024348,Kyle Williams,DT,1983-06-10,corroborated,LSU,BUF,ACT,17,BUF,historical_observation_only,,2011,2014,estimated_not_verified,7,,unknown,
00-0024349,Rob Ninkovich,DE,1984-02-01,corroborated,Purdue; Joliet Junior College,NE,ACT,20,NE,historical_observation_only,,2013,2015,estimated_not_verified,7,,unknown,
00-0024354,Parys Haralson,OLB,1984-01-24,corroborated,Tennessee,NO,RES,18,NO,historical_observation_only,,,,no_pre_2014_contract,7,,unknown,no_pre_2014_contract
00-0024355,Jonathan Scott,T,1983-01-10,single_provider,Texas,CHI,ACT,17,CHI,historical_observation_only,,,,no_pre_2014_contract,7,,unknown,no_pre_2014_contract
00-0024360,Dawan Landry,SS,1982-12-30,corroborated,Georgia Tech,NYJ,ACT,17,NYJ,historical_observation_only,,,,no_pre_2014_contract,7,,unknown,no_pre_2014_contract
00-0024365,Tim Dobbins,ILB,1982-12-10,corroborated,Iowa State; Copiah-Lincoln Junior College,HOU,CUT,7,HOU,historical_observation_only,,,,no_pre_2014_contract,7,,unknown,last_observed_before_week17;no_pre_2014_contract;release_status_needs_dated_source
00-0024375,Chris Kuper,G,1982-12-19,corroborated,North Dakota,DEN,ACT,21,DEN,historical_observation_only,,2013,2015,estimated_not_verified,7,,unknown,
00-0024382,Omar Gaither,OLB,1984-03-18,single_provider,Tennessee,ATL,ACT,17,ATL,historical_observation_only,,,,no_pre_2014_contract,7,,unknown,no_pre_2014_contract
00-0024387,Reed Doughty,SS,1982-11-04,corroborated,Northern Colorado,WAS,ACT,17,WAS,historical_observation_only,,,,no_pre_2014_contract,7,,unknown,no_pre_2014_contract
00-0024389,Delanie Walker,TE,1984-08-12,single_provider,Central Missouri; Mt. San Antonio,TEN,ACT,17,TEN,historical_observation_only,,2013,2016,estimated_not_verified,7,,unknown,
00-0024390,Kevin Boothe,G,1983-07-05,corroborated,Cornell,NYG,ACT,17,NYG,historical_observation_only,,,,no_pre_2014_contract,7,,unknown,no_pre_2014_contract
00-0024397,Johnny Jolly,DE,1983-02-21,corroborated,Texas A&M,GB,RES,15,GB,historical_observation_only,,,,no_pre_2014_contract,7,,unknown,last_observed_before_week17;no_pre_2014_contract
00-0024401,Jeromey Clary,G,1983-11-05,corroborated,Kansas State,SD,ACT,19,SD,historical_observation_only,,2011,2014,estimated_not_verified,7,,unknown,
00-0024405,Jeremy Mincey,DE,1983-12-14,corroborated,Florida; Butler County JC,DEN,ACT;TRD,21,JAX,jacksonville_control,Active 53,,,branch_register_controls,7,,branch_register_controls,missing_or_conflicting_source_status;release_status_needs_dated_source
00-0024408,Bruce Gradkowski,QB,1983-01-27,corroborated,Toledo,PIT,ACT,17,PIT,historical_observation_only,,,,no_pre_2014_contract,7,,unknown,no_pre_2014_contract
00-0024410,Kedric Golston,DE,1983-05-30,corroborated,Georgia,WAS,ACT,17,WAS,historical_observation_only,,,,no_pre_2014_contract,7,,unknown,no_pre_2014_contract
00-0024413,Charlie Johnson,G,1984-05-02,corroborated,Oklahoma State,MIN,ACT,17,MIN,historical_observation_only,,2013,2013,estimated_not_verified,7,UFA,experience_estimate,
00-0024417,Sam Koch,P,1982-08-13,corroborated,Nebraska,BAL,ACT,17,BAL,historical_observation_only,,,,no_pre_2014_contract,7,,unknown,no_pre_2014_contract
00-0024421,Antoine Bethea,SS,1984-07-27,corroborated,Howard,IND,ACT,19,IND,historical_observation_only,,2010,2013,estimated_not_verified,7,UFA,experience_estimate,
00-0024422,Derrick Martin,SS,1985-05-16,single_provider,Wyoming,CHI,ACT,17,CHI,historical_observation_only,,,,no_pre_2014_contract,7,,unknown,no_pre_2014_contract
00-0024424,Zach Strief,T,1983-09-22,corroborated,Northwestern,NO,ACT,19,NO,historical_observation_only,,2011,2013,estimated_not_verified,7,UFA,experience_estimate,
00-0024425,Pat McQuistan,T,1983-04-30,single_provider,Weber State; Edmonds Community College,TEN,CUT,10,TEN,historical_observation_only,,,,no_pre_2014_contract,7,,unknown,last_observed_before_week17;no_pre_2014_contract;release_status_needs_dated_source
00-0024426,Fred Evans,NT,1983-11-06,corroborated,Texas State-San Marcos; College of DuPage,MIN,ACT,17,MIN,historical_observation_only,,,,no_pre_2014_contract,7,,unknown,no_pre_2014_contract
00-0024429,Cortland Finnegan,CB,1984-02-02,corroborated,Samford,STL,RES,11,STL,historical_observation_only,,2012,2016,estimated_not_verified,7,,unknown,last_observed_before_week17
00-0024448,Will Montgomery,C,1983-02-13,corroborated,Virginia Tech,WAS,ACT,17,WAS,historical_observation_only,,2012,2015,estimated_not_verified,7,,unknown,
00-0024463,Ben Obomanu,WR,1983-10-30,single_provider,Auburn,NYJ,CUT,4,NYJ,historical_observation_only,,,,no_pre_2014_contract,7,,unknown,last_observed_before_week17;no_pre_2014_contract;release_status_needs_dated_source
00-0024466,Marques Colston,WR,1983-06-05,corroborated,Hofstra,NO,ACT,19,NO,historical_observation_only,,2012,2016,estimated_not_verified,7,,unknown,
00-0024495,Ahmad Brooks,OLB,1984-03-14,corroborated,Virginia,SF,ACT,20,SF,historical_observation_only,,2012,2017,estimated_not_verified,7,,unknown,
00-0024515,Saverio Rocca,P,1973-11-20,corroborated,,WAS,ACT,17,WAS,historical_observation_only,,,,no_pre_2014_contract,6,,unknown,no_pre_2014_contract
00-0024535,Eric Weems,WR,1985-07-04,corroborated,Bethune-Cookman College,CHI,ACT,17,CHI,historical_observation_only,,,,no_pre_2014_contract,6,,unknown,no_pre_2014_contract
00-0024588,Marquice Cole,CB,1983-11-01,corroborated,Northwestern,DEN,ACT;TRD,21,DEN,historical_observation_only,,,,no_pre_2014_contract,6,,unknown,missing_or_conflicting_source_status;no_pre_2014_contract;release_status_needs_dated_source
00-0024670,Kyle Cook,C,1983-07-25,corroborated,Michigan State,CIN,ACT,18,CIN,historical_observation_only,,,,ambiguous_same_year_terms,6,,unknown,ambiguous_same_year_terms
00-0024692,Daniel Muir,DT,1983-09-12,single_provider,Kent State,OAK,ACT,17,OAK,historical_observation_only,,,,no_pre_2014_contract,6,,unknown,no_pre_2014_contract
00-0024714,Edgar Jones,DE,1984-12-01,corroborated,Southeast Missouri State,DAL,ACT,17,DAL,historical_observation_only,,,,no_pre_2014_contract,6,,unknown,no_pre_2014_contract
00-0024750,Nick Roach,MLB,1985-06-16,corroborated,Northwestern,OAK,ACT,17,OAK,historical_observation_only,,2013,2016,estimated_not_verified,6,,unknown,
00-0024796,Craig Dahl,SS,1985-06-17,corroborated,North Dakota State,SF,ACT,20,SF,historical_observation_only,,,,no_pre_2014_contract,6,,unknown,no_pre_2014_contract
00-0024813,Pierre Thomas,RB,1984-12-18,corroborated,Illinois,NO,ACT,19,NO,historical_observation_only,,2011,2014,estimated_not_verified,6,,unknown,
00-0025389,Calvin Johnson,WR,1985-09-29,corroborated,Georgia Tech,DET,ACT,17,DET,historical_observation_only,,2012,2018,estimated_not_verified,6,,unknown,
00-0025390,Joe Thomas,T,1984-12-04,corroborated,Wisconsin,CLE,ACT,17,CLE,historical_observation_only,,,,missing_otc_id,6,,unknown,missing_otc_id
00-0025392,Levi Brown,T,1984-03-16,corroborated,Penn State,PIT,RES;TRC,6,PIT,historical_observation_only,,2012,2016,estimated_not_verified,6,,unknown,last_observed_before_week17;missing_or_conflicting_source_status;release_status_needs_dated_source
00-0025393,LaRon Landry,FS,1984-10-14,corroborated,LSU,IND,ACT,19,IND,historical_observation_only,,2013,2016,estimated_not_verified,6,,unknown,
00-0025394,Adrian Peterson,RB,1985-03-21,corroborated,Oklahoma,MIN,ACT,17,MIN,historical_observation_only,,2011,2016,estimated_not_verified,6,,unknown,
00-0025396,Ted Ginn,WR,1985-04-12,corroborated,Ohio State,CAR,ACT,19,CAR,historical_observation_only,,2013,2013,estimated_not_verified,6,UFA,experience_estimate,
00-0025398,Patrick Willis,ILB,1985-01-25,corroborated,Mississippi,SF,ACT,20,SF,historical_observation_only,,2010,2014,estimated_not_verified,6,,unknown,
00-0025399,Marshawn Lynch,RB,1986-04-22,corroborated,California,SEA,ACT,21,SEA,historical_observation_only,,2012,2015,estimated_not_verified,6,,unknown,
00-0025400,Adam Carriker,DE,1984-05-06,single_provider,Nebraska,,,,,historical_observation_only,,,,club_unresolved,,,unknown,club_unresolved;missing_or_conflicting_source_status;no_2013_roster_observation;placement_unknown
00-0025401,Darrelle Revis,CB,1985-07-14,corroborated,Pittsburgh,TB,ACT,17,TB,historical_observation_only,,2013,2018,estimated_not_verified,6,,unknown,
00-0025402,Lawrence Timmons,ILB,1986-05-14,corroborated,Florida State,PIT,ACT,17,PIT,historical_observation_only,,2011,2015,estimated_not_verified,6,,unknown,
00-0025405,Leon Hall,CB,1984-12-09,corroborated,Michigan,CIN,RES,8,CIN,historical_observation_only,,2011,2014,estimated_not_verified,6,,unknown,last_observed_before_week17
00-0025406,Michael Griffin,FS,1985-01-04,corroborated,Texas,TEN,ACT,17,TEN,historical_observation_only,,2012,2016,estimated_not_verified,6,,unknown,
00-0025407,Aaron Ross,CB,1982-09-15,corroborated,Texas,NYG,RES,4,NYG,historical_observation_only,,,,no_pre_2014_contract,6,,unknown,last_observed_before_week17;no_pre_2014_contract
00-0025408,Reggie Nelson,FS,1983-09-21,corroborated,Florida; Coffeyville CC,CIN,ACT,18,CIN,historical_observation_only,,2012,2015,estimated_not_verified,6,,unknown,
00-0025409,Brady Quinn,QB,1984-10-27,single_provider,Notre Dame,STL,RES;TRC,11,STL,historical_observation_only,,,,no_pre_2014_contract,6,,unknown,last_observed_before_week17;missing_or_conflicting_source_status;no_pre_2014_contract;release_status_needs_dated_source
00-0025410,Dwayne Bowe,WR,1984-09-21,corroborated,LSU,KC,ACT,18,KC,historical_observation_only,,2013,2017,estimated_not_verified,6,,unknown,
00-0025411,Brandon Meriweather,SS,1984-01-14,corroborated,Miami,WAS,ACT,17,WAS,historical_observation_only,,,,no_pre_2014_contract,6,,unknown,no_pre_2014_contract
00-0025412,Jon Beason,OLB,1985-01-14,corroborated,Miami,NYG,ACT;TRD,17,NYG,historical_observation_only,,2013,2013,estimated_not_verified,6,UFA,experience_estimate,missing_or_conflicting_source_status;release_status_needs_dated_source
00-0025413,Anthony Spencer,DE,1984-01-23,corroborated,Purdue,DAL,RES,3,DAL,historical_observation_only,,2013,2013,estimated_not_verified,6,UFA,experience_estimate,last_observed_before_week17
00-0025414,Robert Meachem,WR,1984-09-28,single_provider,Tennessee,NO,ACT,19,NO,historical_observation_only,,,,no_pre_2014_contract,6,,unknown,no_pre_2014_contract
00-0025415,Joe Staley,T,1984-08-30,corroborated,Central Michigan,SF,ACT,20,SF,historical_observation_only,,2009,2014,estimated_not_verified,6,,unknown,
00-0025416,Ben Grubbs,G,1984-03-10,corroborated,Auburn,NO,ACT,19,NO,historical_observation_only,,2012,2016,estimated_not_verified,6,,unknown,
00-0025418,Greg Olsen,TE,1985-03-11,corroborated,Miami; Notre Dame,CAR,ACT,19,CAR,historical_observation_only,,2011,2014,estimated_not_verified,6,,unknown,
00-0025420,Alan Branch,DT,1984-12-29,corroborated,Michigan,BUF,ACT,17,BUF,historical_observation_only,,,,ambiguous_same_year_terms,6,,unknown,ambiguous_same_year_terms
00-0025421,Paul Posluszny,LB,1984-10-10,corroborated,Penn State,JAX,ACT,17,JAX,jacksonville_control,Active 53,,,branch_register_controls,6,,branch_register_controls,
00-0025423,Kevin Kolb,QB,1984-08-24,single_provider,Houston,,,,,historical_observation_only,,,,club_unresolved,,,unknown,club_unresolved;missing_or_conflicting_source_status;no_2013_roster_observation;placement_unknown
00-0025424,Eric Weddle,FS,1985-01-04,corroborated,Utah,SD,ACT,19,SD,historical_observation_only,,2011,2015,estimated_not_verified,6,,unknown,
00-0025425,Zach Miller,TE,1985-12-11,corroborated,Arizona State,SEA,ACT,21,SEA,historical_observation_only,,2011,2015,estimated_not_verified,6,,unknown,
00-0025426,Justin Blalock,G,1983-12-20,corroborated,Texas,ATL,ACT,17,ATL,historical_observation_only,,2011,2016,estimated_not_verified,6,,unknown,
00-0025428,Chris Houston,CB,1984-10-18,corroborated,Arkansas,DET,ACT,17,DET,historical_observation_only,,2013,2017,estimated_not_verified,6,,unknown,
00-0025430,Drew Stanton,QB,1984-05-07,corroborated,Michigan State,ARI,ACT,17,ARI,historical_observation_only,,,,no_matching_club_contract,6,,unknown,no_matching_club_contract
00-0025431,Sidney Rice,WR,1986-09-01,corroborated,South Carolina,SEA,RES,8,SEA,historical_observation_only,,2011,2015,estimated_not_verified,6,,unknown,last_observed_before_week17
00-0025433,LaMarr Woodley,OLB,1984-11-03,corroborated,Michigan,PIT,RES,15,PIT,historical_observation_only,,2011,2016,estimated_not_verified,6,,unknown,last_observed_before_week17
00-0025434,David Harris,ILB,1984-01-21,corroborated,Michigan,NYJ,ACT,17,NYJ,historical_observation_only,,2011,2014,estimated_not_verified,6,,unknown,
00-0025435,Justin Durant,OLB,1985-09-21,corroborated,Hampton,DAL,RES,15,DAL,historical_observation_only,,2013,2014,estimated_not_verified,6,,unknown,last_observed_before_week17
00-0025439,Brian Leonard,RB,1984-02-03,corroborated,Rutgers,TB,ACT,17,TB,historical_observation_only,,,,no_pre_2014_contract,6,,unknown,no_pre_2014_contract
00-0025440,Eric Wright,CB,1985-07-24,single_provider,UNLV; USC,SF,ACT,20,SF,historical_observation_only,,,,no_pre_2014_contract,6,,unknown,no_pre_2014_contract
00-0025442,Josh Wilson,CB,1985-03-11,corroborated,Maryland,WAS,ACT,17,WAS,historical_observation_only,,,,no_pre_2014_contract,6,,unknown,no_pre_2014_contract
00-0025446,Ryan Kalil,C,1985-03-29,corroborated,USC,CAR,ACT,19,CAR,historical_observation_only,,2011,2016,estimated_not_verified,6,,unknown,
00-0025447,Samson Satele,C,1984-11-29,corroborated,Hawaii,IND,ACT,19,IND,historical_observation_only,,2012,2014,estimated_not_verified,6,,unknown,
00-0025453,Usama Young,FS,1985-05-08,corroborated,Kent State,OAK,RES,13,OAK,historical_observation_only,,,,no_pre_2014_contract,6,,unknown,last_observed_before_week17;no_pre_2014_contract
00-0025457,Ryan Harris,T,1985-03-11,corroborated,Notre Dame,HOU,ACT,17,HOU,historical_observation_only,,,,no_pre_2014_contract,6,,unknown,no_pre_2014_contract
00-0025460,Jacoby Jones,WR,1984-07-11,corroborated,Lane College; Southeastern Louisiana,BAL,ACT,17,BAL,historical_observation_only,,2012,2013,estimated_not_verified,6,UFA,experience_estimate,
00-0025464,Matt Spaeth,TE,1983-11-24,single_provider,Minnesota,PIT,ACT,17,PIT,historical_observation_only,,,,no_pre_2014_contract,6,,unknown,no_pre_2014_contract
00-0025465,James Jones,WR,1984-03-31,corroborated,San Jose State,GB,ACT,18,GB,historical_observation_only,,2011,2013,estimated_not_verified,6,UFA,experience_estimate,
00-0025470,Charles Johnson,DE,1986-07-10,corroborated,Georgia,CAR,ACT,19,CAR,historical_observation_only,,2011,2016,estimated_not_verified,6,,unknown,
00-0025472,Brandon Mebane,DT,1985-01-15,corroborated,California,SEA,ACT,21,SEA,historical_observation_only,,2011,2015,estimated_not_verified,6,,unknown,
00-0025473,Marshal Yanda,G,1984-09-15,corroborated,Iowa; North Iowa Area Community College,BAL,ACT,17,BAL,historical_observation_only,,2011,2015,estimated_not_verified,6,,unknown,
00-0025484,Ray McDonald,DT,1984-09-02,corroborated,Florida,SF,ACT,20,SF,historical_observation_only,,2011,2015,estimated_not_verified,6,,unknown,
00-0025487,Michael Bush,RB,1984-06-16,corroborated,Louisville,CHI,ACT,17,CHI,historical_observation_only,,2012,2015,estimated_not_verified,6,,unknown,
00-0025488,Adam Podlesh,P,1983-08-11,corroborated,Maryland,CHI,ACT,17,CHI,historical_observation_only,,,,no_pre_2014_contract,6,,unknown,no_pre_2014_contract
00-0025489,Brian Robison,DE,1983-04-27,corroborated,Texas,MIN,ACT,17,MIN,historical_observation_only,,2013,2016,estimated_not_verified,6,,unknown,
00-0025490,Isaiah Stanback,WR,1984-08-16,single_provider,Washington,,,,,unplaced_branch_claim,,,,no_pre_2014_contract,,,unknown,branch_claimant_unknown;missing_or_conflicting_source_status;no_2013_roster_observation;no_pre_2014_contract
00-0025495,Paul Soliai,DT,1983-12-30,corroborated,Utah; Coffeyville CC,MIA,ACT,17,MIA,historical_observation_only,,2012,2013,estimated_not_verified,6,UFA,experience_estimate,
00-0025496,Stephen Nicholas,OLB,1983-05-01,corroborated,University of South Florida,ATL,ACT,17,ATL,historical_observation_only,,2011,2015,estimated_not_verified,6,,unknown,
00-0025502,Leroy Harris,G,1984-06-06,corroborated,N.C. State,DET,ACT,17,DET,historical_observation_only,,,,no_pre_2014_contract,6,,unknown,no_pre_2014_contract
00-0025503,Zak DeOssie,LS,1984-05-24,corroborated,Brown,NYG,ACT,17,NYG,historical_observation_only,,,,no_pre_2014_contract,6,,unknown,no_pre_2014_contract
00-0025504,Manuel Ramirez,C,1983-02-19,corroborated,Texas Tech,DEN,ACT,21,DEN,historical_observation_only,,,,no_pre_2014_contract,6,,unknown,no_pre_2014_contract
00-0025506,Allen Barbre,G,1984-06-22,corroborated,Missouri Southern,PHI,ACT,18,PHI,historical_observation_only,,2013,2014,estimated_not_verified,6,,unknown,
00-0025509,Doug Free,T,1984-01-16,corroborated,Northern Illinois,DAL,ACT,17,DAL,historical_observation_only,,2011,2014,estimated_not_verified,6,,unknown,
00-0025512,Jermon Bushrod,T,1984-08-19,corroborated,Towson State,CHI,ACT,17,CHI,historical_observation_only,,2013,2017,estimated_not_verified,6,,unknown,
00-0025513,Dashon Goldson,FS,1984-09-18,reviewed_source_conflict,Washington; Coffeyville CC,TB,ACT,17,TB,historical_observation_only,,2013,2015,estimated_not_verified,6,,unknown,
00-0025516,Scott Chandler,TE,1985-07-23,corroborated,Iowa,BUF,ACT,17,BUF,historical_observation_only,,2012,2013,estimated_not_verified,6,UFA,experience_estimate,
00-0025521,Antwan Barnes,OLB,1984-10-19,corroborated,Florida International,NYJ,RES,5,NYJ,historical_observation_only,,,,no_pre_2014_contract,6,,unknown,last_observed_before_week17;no_pre_2014_contract
00-0025524,Le'Ron McClain,FB,1984-12-27,corroborated,Alabama,SD,ACT,19,SD,historical_observation_only,,2012,2014,estimated_not_verified,6,,unknown,
00-0025525,Jay Richardson,OLB,1984-01-27,single_provider,Ohio State,NO,CUT,5,NO,historical_observation_only,,,,no_pre_2014_contract,6,,unknown,last_observed_before_week17;no_pre_2014_contract;release_status_needs_dated_source
00-0025534,Tarell Brown,CB,1985-01-06,corroborated,Texas,SF,ACT,20,SF,historical_observation_only,,2009,2011,stale_contract,6,,unknown,stale_contract
00-0025536,Uche Nwaneri,G,1984-03-20,corroborated,Purdue,JAX,ACT,17,JAX,jacksonville_control,Active 53,,,branch_register_controls,6,,branch_register_controls,
00-0025539,Antonio Johnson,DT,1984-12-08,corroborated,Mississippi State; Mississippi Delta CC,TEN,ACT,17,TEN,historical_observation_only,,2013,2013,estimated_not_verified,6,UFA,experience_estimate,
00-0025542,Dante Rosario,TE,1984-10-25,corroborated,Oregon,CHI,ACT,17,CHI,historical_observation_only,,,,no_pre_2014_contract,6,,unknown,no_pre_2014_contract
00-0025548,Will Herring,ILB,1983-08-28,corroborated,Auburn,NO,ACT,19,NO,historical_observation_only,,,,no_pre_2014_contract,6,,unknown,no_pre_2014_contract
00-0025549,Brent Celek,TE,1985-01-25,corroborated,Cincinnati,PHI,ACT,18,PHI,historical_observation_only,,2009,2014,estimated_not_verified,6,,unknown,
00-0025552,Eric Frampton,SS,1984-02-06,single_provider,Washington State,NO,CUT;TRD,17,NO,historical_observation_only,,,,no_pre_2014_contract,6,,unknown,missing_or_conflicting_source_status;no_pre_2014_contract;release_status_needs_dated_source
00-0025553,Derek Landri,DT,1983-09-21,corroborated,Notre Dame,TB,ACT,17,TB,historical_observation_only,,,,no_pre_2014_contract,6,,unknown,no_pre_2014_contract
00-0025555,Corey Graham,CB,1985-07-25,corroborated,New Hampshire,BAL,ACT,17,BAL,historical_observation_only,,2012,2013,estimated_not_verified,6,UFA,experience_estimate,
00-0025557,William Gay,CB,1985-01-01,corroborated,Louisville,PIT,ACT,17,PIT,historical_observation_only,,2013,2015,estimated_not_verified,6,,unknown,
00-0025565,Nick Folk,K,1984-11-05,corroborated,Arizona,NYJ,ACT,17,NYJ,historical_observation_only,,,,no_pre_2014_contract,6,,unknown,no_pre_2014_contract
00-0025569,Adam Hayward,MLB,1984-06-23,corroborated,Portland State; Colorado State,TB,ACT,17,TB,historical_observation_only,,,,no_pre_2014_contract,6,,unknown,no_pre_2014_contract
00-0025571,John Wendling,SS,1983-06-04,corroborated,Wyoming,DET,ACT,17,DET,historical_observation_only,,,,no_pre_2014_contract,6,,unknown,no_pre_2014_contract
00-0025579,Desmond Bishop,OLB,1984-07-24,corroborated,California; City College (SF),MIN,RES,6,MIN,historical_observation_only,,,,no_pre_2014_contract,6,,unknown,last_observed_before_week17;no_pre_2014_contract
00-0025580,Mason Crosby,K,1984-09-03,corroborated,Colorado,GB,ACT,18,GB,historical_observation_only,,,,no_pre_2014_contract,6,,unknown,no_pre_2014_contract
00-0025592,Jordan Palmer,QB,1984-05-30,single_provider,Texas-El Paso,CHI,ACT,17,CHI,historical_observation_only,,,,no_pre_2014_contract,6,,unknown,no_pre_2014_contract
00-0025596,Corey Hilliard,T,1985-04-26,corroborated,Oklahoma State,DET,ACT,17,DET,historical_observation_only,,,,no_pre_2014_contract,6,,unknown,no_pre_2014_contract
00-0025605,Zach Diles,MLB,1985-06-11,single_provider,Kansas State; Fresno City College,TEN,CUT,13,TEN,historical_observation_only,,,,no_pre_2014_contract,6,,unknown,last_observed_before_week17;no_pre_2014_contract;release_status_needs_dated_source
00-0025607,Marvin Mitchell,OLB,1984-10-21,corroborated,Tennessee,MIN,ACT,17,MIN,historical_observation_only,,,,no_pre_2014_contract,6,,unknown,no_pre_2014_contract
00-0025608,Trumaine McBride,CB,1985-09-24,corroborated,Mississippi,NYG,ACT,17,NYG,historical_observation_only,,,,no_pre_2014_contract,6,,unknown,no_pre_2014_contract
00-0025610,Mike Otto,T,1983-07-24,corroborated,Purdue,TEN,ACT,17,TEN,historical_observation_only,,,,no_pre_2014_contract,6,,unknown,no_pre_2014_contract
00-0025612,Brandon Fields,P,1984-05-21,corroborated,Michigan State,MIA,ACT,17,MIA,historical_observation_only,,,,no_pre_2014_contract,6,,unknown,no_pre_2014_contract
00-0025619,Steve Vallos,C,1983-12-28,corroborated,Wake Forest,DEN,ACT,21,DEN,historical_observation_only,,,,no_pre_2014_contract,6,,unknown,no_pre_2014_contract
00-0025624,Alan Ball,CB,1985-03-29,corroborated,Illinois,JAX,ACT,17,JAX,jacksonville_control,Active 53,,,branch_register_controls,6,,branch_register_controls,
00-0025629,Keyunta Dawson,DE,1985-09-13,corroborated,Texas Tech,NO,ACT;TRC,19,NO,historical_observation_only,,,,no_pre_2014_contract,6,,unknown,missing_or_conflicting_source_status;no_pre_2014_contract;release_status_needs_dated_source
00-0025630,Clark Harris,LS,1984-07-10,corroborated,Rutgers,CIN,ACT,18,CIN,historical_observation_only,,2013,2017,estimated_not_verified,6,,unknown,
00-0025631,Jason Snelling,RB,1983-12-29,corroborated,Virginia,ATL,ACT,17,ATL,historical_observation_only,,,,no_pre_2014_contract,6,,unknown,no_pre_2014_contract
00-0025637,Ahmad Bradshaw,RB,1986-03-19,corroborated,Marshall,IND,RES,5,IND,historical_observation_only,,2013,2013,estimated_not_verified,6,UFA,experience_estimate,last_observed_before_week17
00-0025660,Brett Goode,LS,1984-11-02,corroborated,Arkansas,GB,ACT,18,GB,historical_observation_only,,,,no_pre_2014_contract,6,,unknown,no_pre_2014_contract
00-0025668,Michael Adams,CB,1985-06-17,corroborated,Louisiana-Lafayette,TB,RES,11,TB,historical_observation_only,,2013,2013,estimated_not_verified,6,UFA,experience_estimate,last_observed_before_week17
00-0025682,Lyle Sendlein,C,1984-03-16,corroborated,Texas,ARI,ACT,17,ARI,historical_observation_only,,2011,2015,estimated_not_verified,6,,unknown,
00-0025689,Mike Devito,DE,1984-06-10,corroborated,Maine,KC,ACT,18,KC,historical_observation_only,,2013,2015,estimated_not_verified,6,,unknown,
00-0025697,Jason Trusnik,OLB,1984-06-06,corroborated,Ohio Northern University,MIA,ACT,17,MIA,historical_observation_only,,,,no_pre_2014_contract,6,,unknown,no_pre_2014_contract
00-0025701,Jackie Battle,RB,1983-10-01,corroborated,Houston,TEN,ACT,17,TEN,historical_observation_only,,,,no_pre_2014_contract,6,,unknown,no_pre_2014_contract
00-0025708,Matt Moore,QB,1984-08-09,corroborated,Oregon State; UCLA; College of the Canyons,MIA,ACT,17,MIA,historical_observation_only,,2013,2014,estimated_not_verified,6,,unknown,
00-0025719,Akeem Jordan,ILB,1985-08-17,corroborated,James Madison,KC,ACT,18,KC,historical_observation_only,,,,no_pre_2014_contract,6,,unknown,no_pre_2014_contract
00-0025753,James Ihedigbo,SS,1983-12-03,corroborated,UMass Amherst,BAL,ACT,17,BAL,historical_observation_only,,,,no_pre_2014_contract,6,,unknown,no_pre_2014_contract
00-0025761,Robert Turner,C,1984-08-20,corroborated,New Mexico,TEN,RES,8,TEN,historical_observation_only,,,,missing_otc_id,6,,unknown,last_observed_before_week17;missing_otc_id
00-0025820,Jake Long,T,1985-05-09,corroborated,Michigan,STL,RES,16,STL,historical_observation_only,,2013,2016,estimated_not_verified,5,,unknown,last_observed_before_week17
00-0025824,Garrett Hartley,K,1986-05-16,corroborated,Oklahoma,NO,CUT,15,NO,historical_observation_only,,,,no_pre_2014_contract,5,,unknown,last_observed_before_week17;no_pre_2014_contract;release_status_needs_dated_source
00-0025825,Brett Kern,P,1986-02-17,corroborated,Toledo,TEN,ACT,17,TEN,historical_observation_only,,,,missing_otc_id,5,,unknown,missing_otc_id
00-0025826,Tyler Polumbus,T,1985-04-10,corroborated,Colorado,WAS,ACT,17,WAS,historical_observation_only,,,,no_pre_2014_contract,5,,unknown,no_pre_2014_contract
00-0025828,Wesley Woodyard,MLB,1986-07-21,corroborated,Kentucky,DEN,ACT,21,DEN,historical_observation_only,,2012,2013,estimated_not_verified,5,UFA,experience_estimate,
00-0025829,Doug Legursky,G,1986-06-09,corroborated,Marshall,BUF,ACT,17,BUF,historical_observation_only,,,,no_pre_2014_contract,5,,unknown,no_pre_2014_contract
00-0025833,Patrick Bailey,OLB,1985-11-19,corroborated,Duke,TEN,ACT,17,TEN,historical_observation_only,,,,no_pre_2014_contract,5,,unknown,no_pre_2014_contract
00-0025838,Jo-Lonn Dunbar,OLB,1985-03-13,single_provider,Boston College,STL,ACT,17,STL,historical_observation_only,,,,no_pre_2014_contract,5,,unknown,no_pre_2014_contract
00-0025857,Ogemdi Nwagbuo,DT,1985-12-24,single_provider,Michigan State; Southwestern College (CA),CIN,ACT,18,CIN,historical_observation_only,,,,no_pre_2014_contract,5,,unknown,no_pre_2014_contract
00-0025860,BenJarvus Green-Ellis,RB,1985-07-02,corroborated,Mississippi; Indiana,CIN,ACT,18,CIN,historical_observation_only,,2012,2014,estimated_not_verified,5,,unknown,
00-0025866,Ryan Wendell,C,1986-03-04,corroborated,Fresno State,NE,ACT,20,NE,historical_observation_only,,,,no_pre_2014_contract,5,,unknown,no_pre_2014_contract
00-0025900,Chris Clark,T,1985-10-01,corroborated,Southern Mississippi,DEN,ACT,21,DEN,historical_observation_only,,,,ambiguous_same_year_terms,5,,unknown,ambiguous_same_year_terms
00-0025902,Elbert Mack,CB,1986-07-14,single_provider,Troy; Butler County JC,HOU,ACT,17,HOU,historical_observation_only,,,,no_pre_2014_contract,5,,unknown,no_pre_2014_contract
00-0025920,Jerrell Freeman,ILB,1986-05-01,corroborated,Mary Hardin-Baylor,IND,ACT,19,IND,historical_observation_only,,2012,2014,estimated_not_verified,5,,unknown,
00-0025925,Fernando Velasco,C,1985-02-22,single_provider,Georgia,PIT,RES,13,PIT,historical_observation_only,,,,no_pre_2014_contract,5,,unknown,last_observed_before_week17;no_pre_2014_contract
00-0025940,Husain Abdullah,FS,1985-07-27,corroborated,Washington State,KC,ACT,18,KC,historical_observation_only,,,,no_pre_2014_contract,5,,unknown,no_pre_2014_contract
00-0025942,Leger Douzable,DE,1986-05-31,corroborated,UCF,NYJ,ACT,17,NYJ,historical_observation_only,,,,no_pre_2014_contract,5,,unknown,no_pre_2014_contract
00-0025944,Steven Hauschka,K,1985-06-29,corroborated,N.C. State; Middlebury,SEA,ACT,21,SEA,historical_observation_only,,,,no_pre_2014_contract,5,,unknown,no_pre_2014_contract
00-0025945,Erin Henderson,MLB,1986-07-01,corroborated,Maryland,MIN,ACT,17,MIN,historical_observation_only,,2013,2014,estimated_not_verified,5,,unknown,
00-0025951,Darius Reynaud,RB,1984-12-29,corroborated,West Virginia,NYJ,ACT;TRD,17,NYJ,historical_observation_only,,,,no_pre_2014_contract,5,,unknown,missing_or_conflicting_source_status;no_pre_2014_contract;release_status_needs_dated_source
00-0025970,Caleb Hanie,QB,1985-09-11,single_provider,Colorado State,CLE,CUT,14,CLE,historical_observation_only,,,,no_pre_2014_contract,5,,unknown,last_observed_before_week17;no_pre_2014_contract;release_status_needs_dated_source
00-0025980,Brian De La Puente,C,1985-05-13,corroborated,California,NO,ACT,19,NO,historical_observation_only,,2013,2013,estimated_not_verified,5,UFA,experience_estimate,
00-0025995,Jordan Senn,OLB,1984-06-11,corroborated,Portland State,CAR,ACT,19,CAR,historical_observation_only,,,,no_pre_2014_contract,5,,unknown,no_pre_2014_contract
00-0025999,David Hawthorne,ILB,1985-05-14,corroborated,TCU,NO,ACT,19,NO,historical_observation_only,,2012,2014,estimated_not_verified,5,,unknown,
00-0026000,Davone Bess,WR,1985-09-13,corroborated,Hawaii,CLE,RSN,15,CLE,historical_observation_only,,2013,2015,estimated_not_verified,5,,unknown,last_observed_before_week17
00-0026003,Dan Carpenter,K,1985-11-25,corroborated,Montana,BUF,ACT,17,BUF,historical_observation_only,,,,no_pre_2014_contract,5,,unknown,no_pre_2014_contract
00-0026008,Matthew Mulligan,TE,1985-01-18,single_provider,Maine; Husson College,NE,ACT,20,NE,historical_observation_only,,,,no_pre_2014_contract,5,,unknown,no_pre_2014_contract
00-0026016,Ropati Pitoitua,DE,1985-04-06,corroborated,Washington State,TEN,ACT,17,TEN,historical_observation_only,,2013,2013,estimated_not_verified,5,UFA,experience_estimate,
00-0026019,Danny Woodhead,RB,1985-01-25,corroborated,Chadron State,SD,ACT,19,SD,historical_observation_only,,2013,2014,estimated_not_verified,5,,unknown,
00-0026027,J.J. Jansen,LS,1986-01-20,corroborated,Notre Dame,CAR,ACT,19,CAR,historical_observation_only,,,,no_pre_2014_contract,5,,unknown,no_pre_2014_contract
00-0026028,Danny Lansanah,ILB,1985-08-28,single_provider,Connecticut,TB,ACT;TRC,17,TB,historical_observation_only,,,,no_pre_2014_contract,5,,unknown,missing_or_conflicting_source_status;no_pre_2014_contract;release_status_needs_dated_source
00-0026035,Danny Amendola,WR,1985-11-02,corroborated,Texas Tech,NE,ACT,20,NE,historical_observation_only,,2013,2017,estimated_not_verified,5,,unknown,
00-0026069,Mike Tolbert,FB,1985-11-23,corroborated,Coastal Carolina,CAR,ACT,19,CAR,historical_observation_only,,2012,2015,estimated_not_verified,5,,unknown,
00-0026071,Kyle Arrington,CB,1986-08-12,corroborated,Hofstra,NE,ACT,20,NE,historical_observation_only,,2013,2016,estimated_not_verified,5,,unknown,
00-0026072,Jed Collins,FB,1986-03-03,corroborated,Washington State,NO,ACT,19,NO,historical_observation_only,,,,no_pre_2014_contract,5,,unknown,no_pre_2014_contract
00-0026093,Anthony Toribio,DE,1985-03-01,corroborated,Carson Newman,KC,CUT,11,KC,historical_observation_only,,,,no_pre_2014_contract,5,,unknown,last_observed_before_week17;no_pre_2014_contract;release_status_needs_dated_source
00-0026105,Wallace Gilberry,DE,1984-12-05,corroborated,Alabama,CIN,ACT,18,CIN,historical_observation_only,,2013,2015,estimated_not_verified,5,,unknown,
00-0026142,Chris Long,DE,1985-03-28,corroborated,Virginia,STL,ACT,17,STL,historical_observation_only,,2012,2015,estimated_not_verified,5,,unknown,
00-0026143,Matt Ryan,QB,1985-05-17,corroborated,Boston College,ATL,ACT,17,ATL,historical_observation_only,,2013,2017,estimated_not_verified,5,,unknown,
00-0026144,Darren McFadden,RB,1987-08-27,corroborated,Arkansas,OAK,ACT,17,OAK,historical_observation_only,,2008,2013,estimated_not_verified,5,UFA,experience_estimate,
00-0026145,Glenn Dorsey,NT,1985-08-01,corroborated,LSU,SF,ACT,20,SF,historical_observation_only,,2013,2014,estimated_not_verified,5,,unknown,
00-0026149,Keith Rivers,OLB,1986-05-05,corroborated,USC,NYG,ACT,17,NYG,historical_observation_only,,,,no_pre_2014_contract,5,,unknown,no_pre_2014_contract
00-0026150,Jerod Mayo,ILB,1986-02-23,corroborated,Tennessee,NE,RES,6,NE,historical_observation_only,,2011,2015,estimated_not_verified,5,,unknown,last_observed_before_week17
00-0026151,Leodis McKelvin,CB,1985-09-01,corroborated,Troy,BUF,ACT,17,BUF,historical_observation_only,,2013,2016,estimated_not_verified,5,,unknown,
00-0026152,Ryan Clady,T,1986-09-06,corroborated,Boise State,DEN,RES,2,DEN,historical_observation_only,,2013,2017,estimated_not_verified,5,,unknown,last_observed_before_week17
00-0026153,Jonathan Stewart,RB,1987-03-21,single_provider,Oregon,CAR,ACT,19,CAR,historical_observation_only,,2012,2016,estimated_not_verified,5,,unknown,
00-0026154,Chris Williams,G,1985-08-26,corroborated,Vanderbilt,STL,ACT,17,STL,historical_observation_only,,2013,2013,estimated_not_verified,5,UFA,experience_estimate,
00-0026155,Branden Albert,T,1984-11-04,corroborated,Virginia,KC,ACT,18,KC,historical_observation_only,,2013,2013,estimated_not_verified,5,UFA,experience_estimate,
00-0026156,Dominique Rodgers-Cromartie,CB,1986-04-07,corroborated,Tennessee State,DEN,ACT,21,DEN,historical_observation_only,,2013,2013,estimated_not_verified,5,UFA,experience_estimate,
00-0026157,Gosder Cherilus,T,1984-06-28,corroborated,Boston College,IND,ACT,19,IND,historical_observation_only,,2013,2017,estimated_not_verified,5,,unknown,
00-0026158,Joe Flacco,QB,1985-01-16,corroborated,Delaware; Pittsburgh,BAL,ACT,17,BAL,historical_observation_only,,2013,2018,estimated_not_verified,5,,unknown,
00-0026160,Aqib Talib,CB,1986-02-13,corroborated,Kansas,NE,ACT,20,NE,historical_observation_only,,2013,2013,estimated_not_verified,5,UFA,verified_two_pass,
00-0026161,Sam Baker,T,1985-05-30,corroborated,USC,ATL,RES,10,ATL,historical_observation_only,,2013,2018,estimated_not_verified,5,,unknown,last_observed_before_week17
00-0026162,Felix Jones,RB,1987-05-08,corroborated,Arkansas,PIT,ACT,17,PIT,historical_observation_only,,,,no_pre_2014_contract,5,,unknown,no_pre_2014_contract
00-0026163,Rashard Mendenhall,RB,1987-06-19,corroborated,Illinois,ARI,ACT,17,ARI,historical_observation_only,,2013,2013,estimated_not_verified,5,UFA,experience_estimate,
00-0026164,Chris Johnson,RB,1985-09-23,corroborated,East Carolina,TEN,ACT,17,TEN,historical_observation_only,,,,missing_otc_id,5,,unknown,missing_otc_id
00-0026165,Mike Jenkins,CB,1985-03-22,corroborated,University of South Florida,OAK,ACT,17,OAK,historical_observation_only,,,,no_pre_2014_contract,5,,unknown,no_pre_2014_contract
00-0026166,Duane Brown,T,1985-08-30,corroborated,Virginia Tech,HOU,ACT,17,HOU,historical_observation_only,,2012,2017,estimated_not_verified,5,,unknown,
00-0026167,Antoine Cason,CB,1986-07-09,corroborated,Arizona,ARI,ACT,17,ARI,historical_observation_only,,,,no_pre_2014_contract,5,,unknown,no_pre_2014_contract
00-0026170,Dustin Keller,TE,1984-09-25,single_provider,Purdue,,,,,historical_observation_only,,,,club_unresolved,,,unknown,club_unresolved;missing_or_conflicting_source_status;no_2013_roster_observation;placement_unknown
00-0026172,Phillip Merling,DE,1985-04-19,corroborated,Clemson,WAS,CUT,4,WAS,historical_observation_only,,,,no_pre_2014_contract,5,,unknown,last_observed_before_week17;no_pre_2014_contract;release_status_needs_dated_source
00-0026173,Donnie Avery,WR,1984-06-12,corroborated,Houston,KC,ACT,18,KC,historical_observation_only,,2013,2015,estimated_not_verified,5,,unknown,
00-0026175,Brandon Flowers,CB,1986-02-18,corroborated,Virginia Tech,KC,ACT,18,KC,historical_observation_only,,2011,2015,estimated_not_verified,5,,unknown,
00-0026176,Jordy Nelson,WR,1985-05-31,corroborated,Kansas State,GB,ACT,18,GB,historical_observation_only,,2011,2013,estimated_not_verified,5,UFA,experience_estimate,
00-0026177,Curtis Lofton,ILB,1986-06-09,corroborated,Oklahoma,NO,ACT,19,NO,historical_observation_only,,2012,2016,estimated_not_verified,5,,unknown,
00-0026178,John Carlson,TE,1984-05-12,corroborated,Notre Dame,MIN,RES,15,MIN,historical_observation_only,,2013,2016,estimated_not_verified,5,,unknown,last_observed_before_week17
00-0026180,Tracy Porter,CB,1986-08-11,corroborated,Indiana,OAK,ACT,17,OAK,historical_observation_only,,2013,2013,estimated_not_verified,5,UFA,experience_estimate,
00-0026182,Eddie Royal,WR,1986-05-21,corroborated,Virginia Tech,SD,ACT,19,SD,historical_observation_only,,2012,2014,estimated_not_verified,5,,unknown,
00-0026184,Matt Forte,RB,1985-12-10,corroborated,Tulane,CHI,ACT,17,CHI,historical_observation_only,,2012,2015,estimated_not_verified,5,,unknown,
00-0026186,Jerome Simpson,WR,1986-02-04,corroborated,Coastal Carolina,MIN,ACT,17,MIN,historical_observation_only,,2013,2013,estimated_not_verified,5,UFA,experience_estimate,
00-0026188,Fred Davis,TE,1986-01-15,corroborated,USC,WAS,ACT,17,WAS,historical_observation_only,,2013,2013,estimated_not_verified,5,UFA,experience_estimate,
00-0026189,DeSean Jackson,WR,1986-12-01,corroborated,California,PHI,ACT,18,PHI,historical_observation_only,,2012,2016,estimated_not_verified,5,,unknown,
00-0026190,Calais Campbell,DE,1986-09-01,corroborated,Miami,ARI,ACT,17,ARI,historical_observation_only,,2012,2016,estimated_not_verified,5,,unknown,
00-0026192,Quentin Groves,OLB,1984-07-05,corroborated,Auburn,CLE,RES,10,CLE,historical_observation_only,,,,no_pre_2014_contract,5,,unknown,last_observed_before_week17;no_pre_2014_contract
00-0026194,Jason Jones,DE,1986-05-23,corroborated,Eastern Michigan,DET,RES,3,DET,historical_observation_only,,2013,2015,estimated_not_verified,5,,unknown,last_observed_before_week17
00-0026195,Ray Rice,RB,1987-01-22,corroborated,Rutgers,BAL,ACT,17,BAL,historical_observation_only,,2012,2016,estimated_not_verified,5,,unknown,
00-0026197,Chad Henne,QB,1985-07-02,corroborated,Michigan,JAX,ACT,17,JAX,jacksonville_control,Active 53,,,branch_register_controls,5,,branch_register_controls,
00-0026199,Mike Pollak,G,1985-02-16,corroborated,Arizona State,CIN,ACT,18,CIN,historical_observation_only,,,,no_pre_2014_contract,5,,unknown,no_pre_2014_contract
00-0026201,Martellus Bennett,TE,1987-03-10,corroborated,Texas A&M,CHI,ACT,17,CHI,historical_observation_only,,2013,2016,estimated_not_verified,5,,unknown,
00-0026203,Terrell Thomas,CB,1985-01-08,corroborated,USC,NYG,ACT,17,NYG,historical_observation_only,,,,no_pre_2014_contract,5,,unknown,no_pre_2014_contract
00-0026205,John Greco,G,1985-03-24,corroborated,Toledo,CLE,ACT,17,CLE,historical_observation_only,,2013,2016,estimated_not_verified,5,,unknown,
00-0026206,Kendall Langford,DT,1986-01-27,corroborated,Hampton,STL,ACT,17,STL,historical_observation_only,,2012,2014,estimated_not_verified,5,,unknown,
00-0026207,Charles Godfrey,FS,1985-11-15,reviewed_source_conflict,Iowa,CAR,RES,2,CAR,historical_observation_only,,2011,2015,estimated_not_verified,5,,unknown,last_observed_before_week17
00-0026210,Earl Bennett,WR,1987-03-23,corroborated,Vanderbilt,CHI,ACT,17,CHI,historical_observation_only,,2013,2015,estimated_not_verified,5,,unknown,
00-0026211,Tavares Gooden,ILB,1984-10-07,single_provider,Miami,HOU,CUT,9,HOU,historical_observation_only,,,,no_pre_2014_contract,5,,unknown,last_observed_before_week17;no_pre_2014_contract;release_status_needs_dated_source
00-0026213,Jamaal Charles,RB,1986-12-27,corroborated,Texas,KC,ACT,18,KC,historical_observation_only,,2010,2014,estimated_not_verified,5,,unknown,
00-0026214,Dan Connor,MLB,1985-11-02,corroborated,Penn State,CAR,ACT;TRD,19,CAR,historical_observation_only,,,,no_pre_2014_contract,5,,unknown,missing_or_conflicting_source_status;no_pre_2014_contract;release_status_needs_dated_source
00-0026217,Pat Sims,NT,1985-11-29,corroborated,Auburn,OAK,ACT,17,OAK,historical_observation_only,,2013,2013,estimated_not_verified,5,UFA,experience_estimate,
00-0026223,Jeremy Zuttah,C,1986-06-01,corroborated,Rutgers,TB,ACT,17,TB,historical_observation_only,,2012,2013,estimated_not_verified,5,UFA,experience_estimate,
00-0026224,Harry Douglas,WR,1984-09-16,corroborated,Louisville,ATL,ACT,17,ATL,historical_observation_only,,2012,2015,estimated_not_verified,5,,unknown,
00-0026225,Craig Stevens,TE,1984-09-01,corroborated,California,TEN,ACT,17,TEN,historical_observation_only,,2012,2015,estimated_not_verified,5,,unknown,
00-0026227,Andre Fluellen,DT,1985-03-07,single_provider,Florida State,DET,ACT,17,DET,historical_observation_only,,,,no_pre_2014_contract,5,,unknown,no_pre_2014_contract
00-0026231,Jermichael Finley,TE,1987-03-26,corroborated,Texas,GB,RES,9,GB,historical_observation_only,,2012,2013,estimated_not_verified,5,UFA,experience_estimate,last_observed_before_week17
00-0026232,Cliff Avril,DE,1986-04-08,corroborated,Purdue,SEA,ACT,21,SEA,historical_observation_only,,2013,2014,estimated_not_verified,5,,unknown,
00-0026233,Philip Wheeler,OLB,1984-12-12,corroborated,Georgia Tech,MIA,ACT,17,MIA,historical_observation_only,,2013,2017,estimated_not_verified,5,,unknown,
00-0026235,Mario Manningham,WR,1986-05-25,single_provider,Michigan,SF,RES,16,SF,historical_observation_only,,,,no_pre_2014_contract,5,,unknown,last_observed_before_week17;no_pre_2014_contract
00-0026236,Chad Rinehart,G,1985-05-04,corroborated,Northern Iowa,SD,ACT,19,SD,historical_observation_only,,2013,2013,estimated_not_verified,5,UFA,experience_estimate,
00-0026237,Andre Caldwell,WR,1985-04-15,corroborated,Florida,DEN,ACT,21,DEN,historical_observation_only,,,,no_pre_2014_contract,5,,unknown,no_pre_2014_contract
00-0026238,Thomas DeCoud,FS,1985-03-19,corroborated,California,ATL,ACT,17,ATL,historical_observation_only,,2012,2016,estimated_not_verified,5,,unknown,
00-0026239,Oniel Cousins,G,1984-06-29,corroborated,Texas-El Paso,CLE,ACT,17,CLE,historical_observation_only,,,,no_pre_2014_contract,5,,unknown,no_pre_2014_contract
00-0026240,Tyvon Branch,SS,1986-12-11,corroborated,Connecticut,OAK,RES,14,OAK,historical_observation_only,,2012,2015,estimated_not_verified,5,,unknown,last_observed_before_week17
00-0026243,William Hayes,DE,1985-05-02,corroborated,Winston Salem State University,STL,ACT,17,STL,historical_observation_only,,2013,2015,estimated_not_verified,5,,unknown,
00-0026247,Cody Wallace,C,1984-11-26,corroborated,Texas A&M,PIT,ACT,17,PIT,historical_observation_only,,,,no_pre_2014_contract,5,,unknown,no_pre_2014_contract
00-0026248,Kory Lichtensteiger,G,1985-03-22,corroborated,Bowling Green,WAS,ACT,17,WAS,historical_observation_only,,2013,2017,estimated_not_verified,5,,unknown,
00-0026249,Mike McGlynn,G,1985-03-08,corroborated,Pittsburgh,IND,ACT,19,IND,historical_observation_only,,,,no_pre_2014_contract,5,,unknown,no_pre_2014_contract
00-0026252,Anthony Collins,T,1985-11-02,corroborated,Kansas,CIN,ACT,18,CIN,historical_observation_only,,2012,2013,estimated_not_verified,5,UFA,experience_estimate,
00-0026253,Dwight Lowery,S,1986-01-23,corroborated,San Jose State; Cabrillo College,JAX,CUT,5,JAX,jacksonville_control,Active 53,,,branch_register_controls,5,,branch_register_controls,last_observed_before_week17;release_status_needs_dated_source
00-0026257,Quintin Demps,SS,1985-06-29,corroborated,Texas-El Paso,KC,ACT,18,KC,historical_observation_only,,2013,2013,estimated_not_verified,5,UFA,experience_estimate,
00-0026260,Craig Steltz,FS,1986-05-07,corroborated,LSU,CHI,ACT,17,CHI,historical_observation_only,,,,no_pre_2014_contract,5,,unknown,no_pre_2014_contract
00-0026261,Red Bryant,DE,1984-04-18,corroborated,Texas A&M,SEA,ACT,21,SEA,historical_observation_only,,2012,2016,estimated_not_verified,5,,unknown,
00-0026262,Tashard Choice,RB,1984-11-20,corroborated,Georgia Tech; Oklahoma,IND,ACT;TRD,19,IND,historical_observation_only,,,,no_pre_2014_contract,5,,unknown,missing_or_conflicting_source_status;no_pre_2014_contract;release_status_needs_dated_source
00-0026263,Bryan Kehl,ILB,1984-06-16,corroborated,BYU,WAS,RES,6,WAS,historical_observation_only,,,,no_pre_2014_contract,5,,unknown,last_observed_before_week17;no_pre_2014_contract
00-0026266,Lavelle Hawkins,WR,1986-07-12,single_provider,California; City College (SF),SD,ACT,19,SD,historical_observation_only,,,,no_pre_2014_contract,5,,unknown,no_pre_2014_contract
00-0026267,Jacob Tamme,TE,1985-03-15,corroborated,Kentucky,DEN,ACT,21,DEN,historical_observation_only,,2012,2014,estimated_not_verified,5,,unknown,
00-0026275,Josh Sitton,G,1986-06-16,corroborated,UCF,GB,ACT,18,GB,historical_observation_only,,2011,2015,estimated_not_verified,5,,unknown,
00-0026278,Robert James,ILB,1983-12-26,corroborated,Arizona State,KC,ACT;TRD,18,KC,historical_observation_only,,,,no_pre_2014_contract,5,,unknown,missing_or_conflicting_source_status;no_pre_2014_contract;release_status_needs_dated_source
00-0026280,Brandon Carr,CB,1986-05-19,corroborated,Grand Valley,DAL,ACT,17,DAL,historical_observation_only,,,,no_matching_club_contract,5,,unknown,no_matching_club_contract
00-0026281,Gary Barnidge,TE,1985-09-22,corroborated,Louisville,CLE,ACT,17,CLE,historical_observation_only,,2013,2015,estimated_not_verified,5,,unknown,
00-0026282,Zackary Bowman,CB,1984-11-18,corroborated,Nebraska; New Mexico Military Institute,CHI,ACT,17,CHI,historical_observation_only,,,,no_pre_2014_contract,5,,unknown,no_pre_2014_contract
00-0026283,Orlando Scandrick,CB,1987-02-10,corroborated,Boise State,DAL,ACT,17,DAL,historical_observation_only,,2011,2015,estimated_not_verified,5,,unknown,
00-0026286,Jerome Felton,FB,1986-07-03,single_provider,Furman,MIN,ACT,17,MIN,historical_observation_only,,2013,2015,estimated_not_verified,5,,unknown,
00-0026290,Breno Giacomini,T,1985-09-27,corroborated,Louisville,SEA,ACT,21,SEA,historical_observation_only,,2012,2013,estimated_not_verified,5,UFA,experience_estimate,
00-0026292,Letroy Guion,NT,1987-06-21,corroborated,Florida State,MIN,ACT,17,MIN,historical_observation_only,,2012,2014,estimated_not_verified,5,,unknown,
00-0026293,Matt Slater,WR,1985-09-09,corroborated,UCLA,NE,ACT,20,NE,historical_observation_only,,2012,2014,estimated_not_verified,5,,unknown,
00-0026294,Kroy Biermann,DE,1985-09-12,corroborated,Montana,ATL,RES,2,ATL,historical_observation_only,,2012,2014,estimated_not_verified,5,,unknown,last_observed_before_week17
00-0026298,Kellen Davis,TE,1985-10-11,single_provider,Michigan State,SEA,ACT,21,SEA,historical_observation_only,,,,no_pre_2014_contract,5,,unknown,no_pre_2014_contract
00-0026300,Josh Johnson,QB,1986-05-15,corroborated,San Diego,CIN,ACT,18,CIN,historical_observation_only,,2013,2014,estimated_not_verified,5,,unknown,
00-0026304,Carl Nicks,G,1985-05-14,single_provider,Nebraska; New Mexico State; Hartnell College,TB,ACT,17,TB,historical_observation_only,,2012,2016,estimated_not_verified,5,,unknown,
00-0026307,Erik Walden,OLB,1985-08-21,corroborated,Middle Tennessee State,IND,ACT,19,IND,historical_observation_only,,2013,2016,estimated_not_verified,5,,unknown,
00-0026309,Trevor Scott,DE,1984-08-30,corroborated,Buffalo,TB,CUT,7,TB,historical_observation_only,,,,no_pre_2014_contract,5,,unknown,last_observed_before_week17;no_pre_2014_contract;release_status_needs_dated_source
00-0026310,Barry Richardson,T,1986-05-15,single_provider,Clemson,DET,CUT,9,DET,historical_observation_only,,,,no_pre_2014_contract,5,,unknown,last_observed_before_week17;no_pre_2014_contract;release_status_needs_dated_source
00-0026314,Josh Morgan,WR,1985-06-20,corroborated,Virginia Tech,WAS,ACT,17,WAS,historical_observation_only,,2012,2013,estimated_not_verified,5,UFA,experience_estimate,
00-0026315,Geno Hayes,OLB,1987-08-10,single_provider,Florida State,JAX,ACT,17,,real_jaguars_only,,,,no_pre_2014_contract,5,,unknown,no_pre_2014_contract;real_jaguars_move_not_applied
00-0026317,Corey Lynch,SS,1985-05-07,single_provider,Appalachian State,IND,ACT;TRT,19,IND,historical_observation_only,,,,no_pre_2014_contract,5,,unknown,missing_or_conflicting_source_status;no_pre_2014_contract;release_status_needs_dated_source
00-0026321,Nick Hayden,DT,1986-02-04,corroborated,Wisconsin,DAL,ACT,17,DAL,historical_observation_only,,,,no_pre_2014_contract,5,,unknown,no_pre_2014_contract
00-0026323,Spencer Larsen,FB,1984-03-04,single_provider,Arizona,TB,ACT,17,TB,historical_observation_only,,,,no_pre_2014_contract,5,,unknown,no_pre_2014_contract
00-0026324,Mike Gibson,C,1985-11-18,corroborated,California; Solano Community College,ARI,ACT,17,ARI,historical_observation_only,,,,no_pre_2014_contract,5,,unknown,no_pre_2014_contract
00-0026327,John Sullivan,C,1985-08-08,corroborated,Notre Dame,MIN,ACT,17,MIN,historical_observation_only,,2011,2015,estimated_not_verified,5,,unknown,
00-0026330,Ahtyba Rubin,DE,1986-07-25,corroborated,Iowa State; Trinity Valley CC,CLE,ACT,17,CLE,historical_observation_only,,2011,2013,estimated_not_verified,5,UFA,experience_estimate,
00-0026334,Ryan Mundy,FS,1985-02-11,corroborated,West Virginia; Michigan,NYG,ACT,17,NYG,historical_observation_only,,,,no_pre_2014_contract,5,,unknown,no_pre_2014_contract
00-0026335,Donald Thomas,G,1985-09-25,corroborated,Connecticut,IND,RES,2,IND,historical_observation_only,,2013,2016,estimated_not_verified,5,,unknown,last_observed_before_week17
00-0026340,Joe Mays,ILB,1985-07-06,corroborated,North Dakota State,HOU,ACT,17,HOU,historical_observation_only,,2013,2013,estimated_not_verified,5,UFA,experience_estimate,
00-0026343,Andy Studebaker,OLB,1985-09-16,single_provider,Wheaton College Illinois,IND,ACT,19,IND,historical_observation_only,,,,no_pre_2014_contract,5,,unknown,no_pre_2014_contract
00-0026345,Pierre Garcon,WR,1986-08-08,corroborated,Mount Union College; Norwich University,WAS,ACT,17,WAS,historical_observation_only,,2012,2016,estimated_not_verified,5,,unknown,
00-0026349,Matt Flynn,QB,1985-06-20,corroborated,LSU,GB,ACT;TRC,18,GB,historical_observation_only,,2013,2014,estimated_not_verified,5,,unknown,missing_or_conflicting_source_status;release_status_needs_dated_source
00-0026351,Nate Garner,T,1985-01-18,corroborated,Arkansas,MIA,ACT,17,MIA,historical_observation_only,,,,no_pre_2014_contract,5,,unknown,no_pre_2014_contract
00-0026354,Larry Grant,ILB,1985-02-16,single_provider,Ohio State; City College (SF),CHI,CUT,10,CHI,historical_observation_only,,,,no_pre_2014_contract,5,,unknown,last_observed_before_week17;no_pre_2014_contract;release_status_needs_dated_source
00-0026356,Landon Cohen,DT,1986-08-03,corroborated,Ohio,CHI,ACT;TRD,17,CHI,historical_observation_only,,,,no_pre_2014_contract,5,,unknown,missing_or_conflicting_source_status;no_pre_2014_contract;release_status_needs_dated_source
00-0026364,Steve Johnson,WR,1986-07-22,reviewed_source_conflict,Kentucky; Chabot College,BUF,ACT,17,BUF,historical_observation_only,,2012,2016,estimated_not_verified,5,,unknown,
00-0026367,Peyton Hillis,RB,1986-01-21,corroborated,Arkansas,NYG,ACT;TRD,17,NYG,historical_observation_only,,,,no_pre_2014_contract,5,,unknown,missing_or_conflicting_source_status;no_pre_2014_contract;release_status_needs_dated_source
00-0026369,Cary Williams,CB,1984-12-23,corroborated,Washburn; Fordham,PHI,ACT,18,PHI,historical_observation_only,,2013,2015,estimated_not_verified,5,,unknown,
00-0026370,King Dunlap,T,1985-09-14,corroborated,Auburn,SD,ACT,19,SD,historical_observation_only,,2013,2014,estimated_not_verified,5,,unknown,
00-0026373,Justin Forsett,RB,1985-10-14,single_provider,California,JAX,RES,14,,real_jaguars_only,,2013,2014,estimated_not_verified,5,,unknown,last_observed_before_week17;real_jaguars_move_not_applied
00-0026381,Geoff Schwartz,T,1986-07-11,corroborated,Oregon,KC,ACT,18,KC,historical_observation_only,,2013,2013,estimated_not_verified,5,UFA,experience_estimate,
00-0026382,Rob Jackson,OLB,1985-11-03,single_provider,Kansas State,WAS,ACT,17,WAS,historical_observation_only,,,,no_pre_2014_contract,5,,unknown,no_pre_2014_contract
00-0026390,Mackenzy Bernadeau,G,1986-01-03,corroborated,Bentley College,DAL,ACT,17,DAL,historical_observation_only,,2012,2015,estimated_not_verified,5,,unknown,
00-0026393,Marcel Reece,FB,1985-06-23,corroborated,Washington; El Camino; Chaffey College,OAK,ACT,17,OAK,historical_observation_only,,2013,2015,estimated_not_verified,5,,unknown,
00-0026407,Jameel McClain,ILB,1985-07-25,single_provider,Syracuse,BAL,ACT,17,BAL,historical_observation_only,,2013,2014,estimated_not_verified,5,,unknown,
00-0026408,Joe Reitz,G,1985-08-24,corroborated,Western Michigan,IND,ACT,19,IND,historical_observation_only,,2013,2013,estimated_not_verified,5,UFA,experience_estimate,
00-0026493,Tanner Purdum,LS,1984-08-15,corroborated,Baker University,NYJ,ACT,17,NYJ,historical_observation_only,,,,no_pre_2014_contract,4,,unknown,no_pre_2014_contract
00-0026498,Matthew Stafford,QB,1988-02-07,corroborated,Georgia,DET,ACT,17,DET,historical_observation_only,,2013,2015,estimated_not_verified,4,,unknown,
00-0026500,Matt Slauson,G,1986-02-18,corroborated,Nebraska,CHI,ACT,17,CHI,historical_observation_only,,2013,2013,estimated_not_verified,4,UFA,experience_estimate,
00-0026501,Curtis Taylor,SS,1985-07-13,single_provider,LSU,ARI,ACT,17,ARI,historical_observation_only,,,,no_pre_2014_contract,4,,unknown,no_pre_2014_contract
00-0026502,Ricky Jean Francois,DT,1986-11-23,corroborated,LSU,IND,ACT,19,IND,historical_observation_only,,2013,2016,estimated_not_verified,4,,unknown,
00-0026505,John Parker Wilson,QB,1985-10-17,corroborated,Alabama,,,,JAX,jacksonville_control,Active 53,,,branch_register_controls,,,branch_register_controls,missing_or_conflicting_source_status;no_2013_roster_observation
00-0026512,Chris Baker,DE,1987-10-08,corroborated,Hampton; Penn State,WAS,ACT,17,WAS,historical_observation_only,,2013,2013,estimated_not_verified,4,UFA,experience_estimate,
00-0026515,Tony Carter,CB,1986-05-24,corroborated,Florida State,DEN,ACT,21,DEN,historical_observation_only,,,,no_pre_2014_contract,4,,unknown,no_pre_2014_contract
00-0026516,Britton Colquitt,P,1985-03-20,corroborated,Tennessee,DEN,ACT,21,DEN,historical_observation_only,,,,no_pre_2014_contract,4,,unknown,no_pre_2014_contract
00-0026533,Desmond Bryant,DT,1985-12-15,corroborated,Harvard,CLE,RSN,13,CLE,historical_observation_only,,2013,2017,estimated_not_verified,4,,unknown,last_observed_before_week17
00-0026544,Chase Daniel,QB,1986-10-07,corroborated,Missouri,KC,ACT,18,KC,historical_observation_only,,2013,2015,estimated_not_verified,4,,unknown,
00-0026557,Will Ta'ufo'ou,FB,1986-06-19,corroborated,California,JAX,ACT,17,JAX,jacksonville_control,Practice squad,,,branch_register_controls,4,,branch_register_controls,
00-0026561,Ramon Foster,G,1986-01-07,corroborated,Tennessee,PIT,ACT,17,PIT,historical_observation_only,,2013,2015,estimated_not_verified,4,,unknown,
00-0026564,Steve McLendon,NT,1986-01-03,corroborated,Troy,PIT,ACT,17,PIT,historical_observation_only,,2013,2015,estimated_not_verified,4,,unknown,
00-0026566,Isaac Redman,RB,1984-11-10,corroborated,Bowie State,PIT,CUT,7,PIT,historical_observation_only,,,,no_pre_2014_contract,4,,unknown,last_observed_before_week17;no_pre_2014_contract;release_status_needs_dated_source
00-0026574,Dallas Reynolds,C,1984-04-23,single_provider,BYU,NYG,ACT,17,NYG,historical_observation_only,,,,no_pre_2014_contract,4,,unknown,no_pre_2014_contract
00-0026577,Marcus Thigpen,RB,1986-05-15,corroborated,Indiana,MIA,ACT,17,MIA,historical_observation_only,,,,no_pre_2014_contract,4,,unknown,no_pre_2014_contract
00-0026578,Colt Anderson,FS,1985-10-25,corroborated,Montana,PHI,ACT,18,PHI,historical_observation_only,,,,no_pre_2014_contract,4,,unknown,no_pre_2014_contract
00-0026579,Kahlil Bell,RB,1986-12-10,single_provider,UCLA,GB,ACT,18,GB,historical_observation_only,,,,no_pre_2014_contract,4,,unknown,no_pre_2014_contract
00-0026581,Rob Francois,ILB,1985-05-14,corroborated,Boston College,GB,RES,5,GB,historical_observation_only,,,,no_pre_2014_contract,4,,unknown,last_observed_before_week17;no_pre_2014_contract
00-0026605,Russell Allen,LB,1986-05-05,corroborated,San Diego State,JAX,RES,15,JAX,jacksonville_control,Active 53,,,branch_register_controls,4,,branch_register_controls,last_observed_before_week17
00-0026618,Michael Bennett,DE,1985-11-13,corroborated,Texas A&M,SEA,ACT,21,SEA,historical_observation_only,,2013,2013,estimated_not_verified,4,UFA,experience_estimate,
00-0026625,Brian Hoyer,QB,1985-10-13,corroborated,Michigan State,CLE,RES,5,CLE,historical_observation_only,,,,no_matching_club_contract,4,,unknown,last_observed_before_week17;no_matching_club_contract
00-0026635,Ashlee Palmer,OLB,1986-04-07,corroborated,Mississippi; Compton Community College,DET,ACT,17,DET,historical_observation_only,,,,no_pre_2014_contract,4,,unknown,no_pre_2014_contract
00-0026644,Josh Vaughan,RB,1986-12-03,corroborated,Richmond,ATL,ACT,17,ATL,historical_observation_only,,,,no_pre_2014_contract,4,,unknown,no_pre_2014_contract
00-0026662,Jamaal Westerman,OLB,1985-02-21,corroborated,Rutgers,PIT,ACT;TRD,17,PIT,historical_observation_only,,,,no_pre_2014_contract,4,,unknown,missing_or_conflicting_source_status;no_pre_2014_contract;release_status_needs_dated_source
00-0026664,Tim Masthay,P,1987-03-16,corroborated,Kentucky,GB,ACT,18,GB,historical_observation_only,,2012,2015,estimated_not_verified,4,,unknown,
00-0026672,Ramon Humber,ILB,1987-08-10,corroborated,North Dakota State,NO,ACT,19,NO,historical_observation_only,,,,no_pre_2014_contract,4,,unknown,no_pre_2014_contract
00-0026674,Jacob Lacey,CB,1987-05-28,single_provider,Oklahoma State,MIN,CUT,7,MIN,historical_observation_only,,,,no_pre_2014_contract,4,,unknown,last_observed_before_week17;no_pre_2014_contract;release_status_needs_dated_source
00-0026691,Chris Williams,WR,1987-09-16,single_provider,New Mexico State,CHI,ACT;TRD,17,CHI,historical_observation_only,,,,no_pre_2014_contract,4,,unknown,missing_or_conflicting_source_status;no_pre_2014_contract;release_status_needs_dated_source
00-0026699,Kevin Brock,TE,1986-04-09,single_provider,Rutgers,CIN,ACT;TRD,18,CIN,historical_observation_only,,,,no_pre_2014_contract,4,,unknown,missing_or_conflicting_source_status;no_pre_2014_contract;release_status_needs_dated_source
00-0026705,C.J. Davis,G,1987-02-02,single_provider,Pittsburgh,,,,,historical_observation_only,,,,club_unresolved,,,unknown,club_unresolved;missing_or_conflicting_source_status;no_2013_roster_observation;placement_unknown
00-0026714,Nick Sundberg,LS,1987-07-29,corroborated,California,WAS,RES,6,WAS,historical_observation_only,,,,no_pre_2014_contract,4,,unknown,last_observed_before_week17;no_pre_2014_contract
00-0026715,Garry Williams,G,1986-08-20,corroborated,Kentucky,CAR,RES,1,CAR,historical_observation_only,,,,no_pre_2014_contract,4,,unknown,last_observed_before_week17;no_pre_2014_contract
00-0026725,Dan Skuta,OLB,1986-04-21,corroborated,Grand Valley,SF,ACT,20,SF,historical_observation_only,,2013,2014,estimated_not_verified,4,,unknown,
00-0026727,Reggie Walker,ILB,1986-12-15,corroborated,Kansas State,SD,ACT,19,SD,historical_observation_only,,,,no_pre_2014_contract,4,,unknown,no_pre_2014_contract
00-0026742,Marcus Benard,LB,1985-07-26,single_provider,Jackson State University; Grand Rapids CC,ARI,ACT,17,ARI,historical_observation_only,,,,no_pre_2014_contract,4,,unknown,no_pre_2014_contract
00-0026757,Kory Sperry,TE,1985-04-10,corroborated,Colorado State,ARI,ACT,17,ARI,historical_observation_only,,,,no_pre_2014_contract,4,,unknown,no_pre_2014_contract
00-0026758,C.J. Spillman,FS,1986-05-06,corroborated,Marshall,SF,ACT,20,SF,historical_observation_only,,,,no_pre_2014_contract,4,,unknown,no_pre_2014_contract
00-0026762,Alex Boone,G,1987-05-04,corroborated,Ohio State,SF,ACT,20,SF,historical_observation_only,,2011,2014,estimated_not_verified,4,,unknown,
00-0026780,Kevin Ogletree,WR,1987-08-05,corroborated,Virginia,DET,ACT;TRD,17,DET,historical_observation_only,,,,no_pre_2014_contract,4,,unknown,missing_or_conflicting_source_status;no_pre_2014_contract;release_status_needs_dated_source
00-0026784,Evan Dietrich-Smith,C,1986-07-19,corroborated,Idaho State,GB,ACT,18,GB,historical_observation_only,,2013,2013,estimated_not_verified,4,UFA,experience_estimate,
00-0026791,Ronald Talley,DE,1986-02-21,corroborated,Delaware; Notre Dame,ARI,ACT,17,ARI,historical_observation_only,,,,no_pre_2014_contract,4,,unknown,no_pre_2014_contract
00-0026796,Arian Foster,RB,1986-08-24,corroborated,Tennessee,HOU,RES,10,HOU,historical_observation_only,,2012,2016,estimated_not_verified,4,,unknown,last_observed_before_week17
00-0026798,Tim Jamison,DE,1986-02-26,corroborated,Michigan,HOU,ACT,17,HOU,historical_observation_only,,,,no_pre_2014_contract,4,,unknown,no_pre_2014_contract
00-0026814,Demar Dotson,T,1985-10-11,corroborated,Southern Mississippi; Southeastern Illinois,TB,ACT,17,TB,historical_observation_only,,2013,2015,estimated_not_verified,4,,unknown,
00-0026832,Jonathan Casillas,OLB,1987-06-03,corroborated,Wisconsin,TB,RES,13,TB,historical_observation_only,,2013,2013,estimated_not_verified,4,UFA,experience_estimate,last_observed_before_week17
00-0026837,Danny Gorrer,DB,1986-06-01,single_provider,Texas A&M,TB,ACT,17,TB,historical_observation_only,,,,no_pre_2014_contract,4,,unknown,no_pre_2014_contract
00-0026839,Jermey Parnell,T,1986-07-20,corroborated,Mississippi,DAL,ACT,17,DAL,historical_observation_only,,,,ambiguous_same_year_terms,4,,unknown,ambiguous_same_year_terms
00-0026844,Garrison Sanborn,LS,1985-07-31,corroborated,Florida State,BUF,ACT,17,BUF,historical_observation_only,,,,no_pre_2014_contract,4,,unknown,no_pre_2014_contract
00-0026852,Darrel Young,FB,1987-04-08,corroborated,Villanova,WAS,ACT,17,WAS,historical_observation_only,,,,no_pre_2014_contract,4,,unknown,no_pre_2014_contract
00-0026855,Antone Smith,RB,1985-09-17,corroborated,Florida State,ATL,ACT,17,ATL,historical_observation_only,,,,no_pre_2014_contract,4,,unknown,no_pre_2014_contract
00-0026857,Dannell Ellerbe,MLB,1985-11-29,corroborated,Georgia,MIA,ACT,17,MIA,historical_observation_only,,2013,2014,estimated_not_verified,4,,unknown,
00-0026858,Graham Gano,K,1987-04-09,corroborated,Florida State,CAR,ACT,19,CAR,historical_observation_only,,,,no_pre_2014_contract,4,,unknown,no_pre_2014_contract
00-0026878,Tom Crabtree,TE,1985-11-04,corroborated,Miami (Ohio),TB,RES,12,TB,historical_observation_only,,,,no_pre_2014_contract,4,,unknown,last_observed_before_week17;no_pre_2014_contract
00-0026898,Mark Sanchez,QB,1986-11-11,single_provider,USC,NYJ,RSR,2,NYJ,historical_observation_only,,2012,2014,estimated_not_verified,4,,unknown,last_observed_before_week17;release_status_needs_dated_source
00-0026899,Shonn Greene,RB,1985-08-21,corroborated,Iowa; Kirkwood Community College,TEN,ACT,17,TEN,historical_observation_only,,2013,2015,estimated_not_verified,4,,unknown,
00-0026901,Mike Wallace,WR,1986-08-01,corroborated,Mississippi,MIA,ACT,17,MIA,historical_observation_only,,2013,2015,estimated_not_verified,4,,unknown,
00-0026903,Keenan Lewis,CB,1986-05-17,corroborated,Oregon State,NO,ACT,19,NO,historical_observation_only,,2013,2017,estimated_not_verified,4,,unknown,
00-0026905,Henry Melton,DT,1986-10-11,corroborated,Texas,CHI,RES,3,CHI,historical_observation_only,,2013,2013,estimated_not_verified,4,UFA,experience_estimate,last_observed_before_week17
00-0026907,D.J. Moore,CB,1987-03-22,corroborated,Vanderbilt,CAR,CUT,7,CAR,historical_observation_only,,2013,2013,estimated_not_verified,4,UFA,experience_estimate,last_observed_before_week17;release_status_needs_dated_source
00-0026909,Rich Ohrnberger,G,1986-02-14,corroborated,Penn State,SD,ACT,19,SD,historical_observation_only,,,,no_pre_2014_contract,4,,unknown,no_pre_2014_contract
00-0026910,Gregory Toler,CB,1985-01-02,corroborated,St. Paul's College,IND,RES,18,IND,historical_observation_only,,2013,2015,estimated_not_verified,4,,unknown,
00-0026914,Brandon Hughes,CB,1986-05-23,single_provider,Oregon State,PHI,CUT,2,PHI,historical_observation_only,,,,no_pre_2014_contract,4,,unknown,last_observed_before_week17;no_pre_2014_contract;release_status_needs_dated_source
00-0026926,Frank Summers,FB,1985-09-06,corroborated,UNLV; Laney College; California,BUF,ACT,17,BUF,historical_observation_only,,,,no_pre_2014_contract,4,,unknown,no_pre_2014_contract
00-0026929,Andrew Gardner,T,1986-04-04,corroborated,Georgia Tech,HOU,ACT,17,HOU,historical_observation_only,,,,no_pre_2014_contract,4,,unknown,no_pre_2014_contract
00-0026930,Jarius Wynn,DE,1986-08-29,corroborated,Georgia; Georgia Military,DAL,ACT;TRC,17,DAL,historical_observation_only,,,,no_pre_2014_contract,4,,unknown,missing_or_conflicting_source_status;no_pre_2014_contract;release_status_needs_dated_source
00-0026931,Bear Pascoe,TE,1986-02-23,corroborated,Fresno State,NYG,ACT,17,NYG,historical_observation_only,,,,no_pre_2014_contract,4,,unknown,no_pre_2014_contract
00-0026932,Cedric Peerman,RB,1986-10-10,corroborated,Virginia,CIN,ACT,18,CIN,historical_observation_only,,,,no_pre_2014_contract,4,,unknown,no_pre_2014_contract
00-0026935,Brice McCain,CB,1986-12-10,corroborated,Utah,HOU,ACT,17,HOU,historical_observation_only,,2013,2015,estimated_not_verified,4,,unknown,
00-0026937,Brandon Gibson,WR,1987-08-13,corroborated,Washington State,MIA,RES,8,MIA,historical_observation_only,,2013,2015,estimated_not_verified,4,,unknown,last_observed_before_week17
00-0026941,Bernard Scott,RB,1984-02-10,single_provider,Abilene Christian; Blinn College; Central Arkansas; Southeastern Oklahoma State,BAL,ACT;TRT,17,BAL,historical_observation_only,,,,no_pre_2014_contract,4,,unknown,missing_or_conflicting_source_status;no_pre_2014_contract;release_status_needs_dated_source
00-0026942,Vance Walker,DT,1987-04-26,corroborated,Georgia Tech,OAK,ACT,17,OAK,historical_observation_only,,2013,2013,estimated_not_verified,4,UFA,experience_estimate,
00-0026943,Paul Fanaika,G,1986-04-09,corroborated,Arizona State,ARI,ACT,17,ARI,historical_observation_only,,2013,2013,estimated_not_verified,4,UFA,experience_estimate,
00-0026944,Captain Munnerlyn,CB,1988-04-10,corroborated,South Carolina,CAR,ACT,19,CAR,historical_observation_only,,2013,2013,estimated_not_verified,4,UFA,experience_estimate,
00-0026945,E.J. Biggers,CB,1987-06-13,corroborated,Western Michigan,WAS,ACT,17,WAS,historical_observation_only,,,,no_pre_2014_contract,4,,unknown,no_pre_2014_contract
00-0026946,Brad Jones,ILB,1986-04-01,corroborated,Colorado,GB,ACT,18,GB,historical_observation_only,,2013,2015,estimated_not_verified,4,,unknown,
00-0026950,A.Q. Shipley,C,1986-05-22,corroborated,Penn State,BAL,ACT,17,BAL,historical_observation_only,,,,no_pre_2014_contract,4,,unknown,no_pre_2014_contract
00-0026951,Moise Fokou,MLB,1985-08-28,corroborated,Maryland; Frostburg State,TEN,ACT,17,TEN,historical_observation_only,,,,no_pre_2014_contract,4,,unknown,no_pre_2014_contract
00-0026952,Jamarca Sanford,SS,1985-08-27,corroborated,Mississippi,MIN,ACT,17,MIN,historical_observation_only,,2013,2014,estimated_not_verified,4,,unknown,
00-0026956,LaRod Stephens-Howling,RB,1987-04-26,corroborated,Pittsburgh,PIT,RES,1,PIT,historical_observation_only,,,,no_pre_2014_contract,4,,unknown,last_observed_before_week17;no_pre_2014_contract
00-0026957,David Johnson,TE,1987-08-26,corroborated,Arkansas State,PIT,RES,6,PIT,historical_observation_only,,2013,2013,estimated_not_verified,4,UFA,experience_estimate,last_observed_before_week17
00-0026964,Clinton McDonald,DT,1987-01-06,single_provider,Memphis,SEA,ACT,21,SEA,historical_observation_only,,2013,2013,estimated_not_verified,4,UFA,experience_estimate,
00-0026968,Ryan Succop,K,1986-09-19,corroborated,South Carolina,KC,ACT,18,KC,historical_observation_only,,2011,2015,estimated_not_verified,4,,unknown,
00-0026979,Jason Smith,OT,1986-04-30,single_provider,Baylor,,,,,historical_observation_only,,,,club_unresolved,,,unknown,club_unresolved;missing_or_conflicting_source_status;no_2013_roster_observation;placement_unknown
00-0026980,Tyson Jackson,DE,1986-06-06,corroborated,LSU,KC,ACT,18,KC,historical_observation_only,,2013,2013,estimated_not_verified,4,UFA,experience_estimate,
00-0026981,Aaron Curry,LB,1986-04-06,single_provider,Wake Forest,,,,,historical_observation_only,,,,club_unresolved,,,unknown,club_unresolved;missing_or_conflicting_source_status;no_2013_roster_observation;placement_unknown
00-0026982,Andre Smith,T,1987-01-25,corroborated,Alabama,CIN,ACT,18,CIN,historical_observation_only,,2013,2015,estimated_not_verified,4,,unknown,
00-0026983,Darrius Heyward-Bey,WR,1987-02-26,corroborated,Maryland,IND,ACT,19,IND,historical_observation_only,,2013,2013,estimated_not_verified,4,UFA,experience_estimate,
00-0026984,Eugene Monroe,OT,1987-04-18,corroborated,Virginia,BAL,ACT;TRD,17,JAX,jacksonville_control,Active 53,,,branch_register_controls,4,,branch_register_controls,missing_or_conflicting_source_status;release_status_needs_dated_source
00-0026985,B.J. Raji,DT,1986-07-11,corroborated,Boston College,GB,ACT,18,GB,historical_observation_only,,2009,2013,estimated_not_verified,4,UFA,experience_estimate,
00-0026986,Michael Crabtree,WR,1987-09-14,single_provider,Texas Tech,SF,ACT,20,SF,historical_observation_only,,2009,2014,estimated_not_verified,4,,unknown,
00-0026988,Knowshon Moreno,RB,1987-07-16,corroborated,Georgia,DEN,ACT,21,DEN,historical_observation_only,,2009,2013,estimated_not_verified,4,UFA,experience_estimate,
00-0026989,Brian Orakpo,OLB,1986-07-31,corroborated,Texas,WAS,ACT,17,WAS,historical_observation_only,,2009,2013,estimated_not_verified,4,UFA,experience_estimate,
00-0026990,Malcolm Jenkins,FS,1987-12-20,corroborated,Ohio State,NO,ACT,19,NO,historical_observation_only,,2009,2013,estimated_not_verified,4,UFA,experience_estimate,
00-0026991,Brian Cushing,ILB,1987-01-24,corroborated,USC,HOU,RES,8,HOU,historical_observation_only,,2013,2018,estimated_not_verified,4,,unknown,last_observed_before_week17
00-0026992,Larry English,OLB,1986-01-22,corroborated,Northern Illinois,SD,RES,10,SD,historical_observation_only,,2009,2014,estimated_not_verified,4,,unknown,last_observed_before_week17
00-0026993,Josh Freeman,QB,1988-01-13,corroborated,Kansas State,MIN,ACT;TRD,17,MIN,historical_observation_only,,2013,2013,estimated_not_verified,4,UFA,experience_estimate,missing_or_conflicting_source_status;release_status_needs_dated_source
00-0026994,Robert Ayers,DE,1985-09-06,corroborated,Tennessee,DEN,ACT,21,DEN,historical_observation_only,,2009,2013,estimated_not_verified,4,UFA,experience_estimate,
00-0026995,Jeremy Maclin,WR,1988-05-11,single_provider,Missouri,,,,,historical_observation_only,,,,club_unresolved,,,unknown,club_unresolved;missing_or_conflicting_source_status;no_2013_roster_observation;placement_unknown
00-0026996,Brandon Pettigrew,TE,1985-02-23,corroborated,Oklahoma State,DET,RES,16,DET,historical_observation_only,,2009,2013,estimated_not_verified,4,UFA,experience_estimate,last_observed_before_week17
00-0026997,Alex Mack,C,1985-11-19,corroborated,California,CLE,ACT,17,CLE,historical_observation_only,,2009,2013,estimated_not_verified,4,UFA,experience_estimate,
00-0026998,Percy Harvin,WR,1988-05-28,single_provider,Florida,SEA,ACT,21,SEA,historical_observation_only,,2013,2017,estimated_not_verified,4,,unknown,
00-0026999,Michael Oher,T,1986-05-28,corroborated,Mississippi,BAL,ACT,17,BAL,historical_observation_only,,2009,2013,estimated_not_verified,4,UFA,experience_estimate,
00-0027000,Peria Jerry,DT,1984-08-23,corroborated,Mississippi,ATL,ACT,17,ATL,historical_observation_only,,2009,2013,estimated_not_verified,4,UFA,experience_estimate,
00-0027001,Vontae Davis,CB,1988-05-27,corroborated,Illinois,IND,ACT,19,IND,historical_observation_only,,2009,2013,estimated_not_verified,4,UFA,experience_estimate,
00-0027002,Clay Matthews,OLB,1986-05-14,corroborated,USC,GB,ACT,18,GB,historical_observation_only,,2013,2017,estimated_not_verified,4,,unknown,
00-0027003,Donald Brown,RB,1987-04-11,corroborated,Connecticut,IND,ACT,19,IND,historical_observation_only,,2009,2013,estimated_not_verified,4,UFA,experience_estimate,
00-0027004,Eric Wood,C,1986-03-18,corroborated,Louisville,BUF,ACT,17,BUF,historical_observation_only,,2013,2016,estimated_not_verified,4,,unknown,
00-0027005,Hakeem Nicks,WR,1988-01-14,corroborated,North Carolina,NYG,ACT,17,NYG,historical_observation_only,,2009,2013,estimated_not_verified,4,UFA,experience_estimate,
00-0027006,Kenny Britt,WR,1988-09-19,corroborated,Rutgers,TEN,ACT,17,TEN,historical_observation_only,,2009,2013,estimated_not_verified,4,UFA,experience_estimate,
00-0027007,Chris Wells,RB,1988-08-07,single_provider,Ohio State,,,,,historical_observation_only,,,,club_unresolved,,,unknown,club_unresolved;missing_or_conflicting_source_status;no_2013_roster_observation;placement_unknown
00-0027008,Evander Hood,DE,1987-02-16,corroborated,Missouri,PIT,ACT,17,PIT,historical_observation_only,,2009,2013,estimated_not_verified,4,UFA,experience_estimate,
00-0027009,Louis Delmas,FS,1987-04-12,corroborated,Western Michigan,DET,ACT,17,DET,historical_observation_only,,2013,2014,estimated_not_verified,4,,unknown,
00-0027010,Patrick Chung,FS,1987-08-19,corroborated,Oregon,PHI,ACT,18,PHI,historical_observation_only,,2013,2013,estimated_not_verified,4,UFA,experience_estimate,
00-0027011,James Laurinaitis,MLB,1986-12-03,corroborated,Ohio State,STL,ACT,17,STL,historical_observation_only,,2012,2016,estimated_not_verified,4,,unknown,
00-0027012,Brian Robiskie,WR,1987-12-03,single_provider,Ohio State,ATL,CUT,12,ATL,historical_observation_only,,,,no_pre_2014_contract,4,,unknown,last_observed_before_week17;no_pre_2014_contract;release_status_needs_dated_source
00-0027014,Rey Maualuga,MLB,1987-01-20,corroborated,USC,CIN,ACT,18,CIN,historical_observation_only,,2013,2014,estimated_not_verified,4,,unknown,
00-0027015,Eben Britton,T,1987-10-14,corroborated,Arizona,CHI,ACT,17,CHI,historical_observation_only,,,,no_pre_2014_contract,4,,unknown,no_pre_2014_contract
00-0027017,Darius Butler,CB,1986-03-18,corroborated,Connecticut,IND,ACT,19,IND,historical_observation_only,,2013,2014,estimated_not_verified,4,,unknown,
00-0027018,Jairus Byrd,FS,1986-10-07,corroborated,Oregon,BUF,ACT,17,BUF,historical_observation_only,,2013,2013,estimated_not_verified,4,UFA,experience_estimate,
00-0027019,Everette Brown,DE,1987-08-07,single_provider,Florida State,DAL,ACT,17,DAL,historical_observation_only,,,,no_pre_2014_contract,4,,unknown,no_pre_2014_contract
00-0027020,Pat White,QB,1986-02-25,corroborated,West Virginia,WAS,CUT,1,WAS,historical_observation_only,,,,no_pre_2014_contract,4,,unknown,last_observed_before_week17;no_pre_2014_contract;release_status_needs_dated_source
00-0027022,Connor Barwin,OLB,1986-10-15,corroborated,Cincinnati,PHI,ACT,18,PHI,historical_observation_only,,2013,2018,estimated_not_verified,4,,unknown,
00-0027023,Michael Mitchell,SS,1987-06-10,corroborated,Ohio,CAR,ACT,19,CAR,historical_observation_only,,2013,2013,estimated_not_verified,4,UFA,experience_estimate,
00-0027025,Max Unger,C,1986-04-14,corroborated,Oregon,SEA,ACT,21,SEA,historical_observation_only,,2012,2015,estimated_not_verified,4,,unknown,
00-0027027,Andy Levitre,G,1986-05-15,corroborated,Oregon State,TEN,ACT,17,TEN,historical_observation_only,,2013,2018,estimated_not_verified,4,,unknown,
00-0027029,LeSean McCoy,RB,1988-07-12,corroborated,Pittsburgh,PHI,ACT,18,PHI,historical_observation_only,,2012,2016,estimated_not_verified,4,,unknown,
00-0027030,Phil Loadholt,T,1986-01-21,corroborated,Oklahoma; Garden City CC,MIN,ACT,17,MIN,historical_observation_only,,2013,2016,estimated_not_verified,4,,unknown,
00-0027031,William Moore,SS,1985-05-18,corroborated,Missouri,ATL,ACT,17,ATL,historical_observation_only,,2013,2017,estimated_not_verified,4,,unknown,
00-0027032,Fili Moala,DT,1985-06-23,corroborated,USC; Cypress College,IND,RES,18,IND,historical_observation_only,,,,no_pre_2014_contract,4,,unknown,no_pre_2014_contract
00-0027033,Paul Kruger,OLB,1986-02-15,corroborated,Utah,CLE,ACT,17,CLE,historical_observation_only,,2013,2017,estimated_not_verified,4,,unknown,
00-0027034,Sebastian Vollmer,T,1984-07-10,corroborated,Houston,NE,RES,8,NE,historical_observation_only,,2013,2016,estimated_not_verified,4,,unknown,last_observed_before_week17
00-0027036,Will Beatty,T,1985-03-02,corroborated,Connecticut,NYG,ACT,17,NYG,historical_observation_only,,2013,2017,estimated_not_verified,4,,unknown,
00-0027037,Sean Smith,CB,1987-07-14,corroborated,Utah,KC,ACT,18,KC,historical_observation_only,,2013,2015,estimated_not_verified,4,,unknown,
00-0027038,Sen'Derrick Marks,DT,1987-02-23,corroborated,Auburn,JAX,ACT,17,JAX,jacksonville_control,Active 53,,,branch_register_controls,4,,branch_register_controls,
00-0027041,Bradley Fletcher,CB,1986-06-25,corroborated,Iowa,PHI,ACT,18,PHI,historical_observation_only,,2013,2014,estimated_not_verified,4,,unknown,
00-0027043,Jason Williams,OLB,1986-04-23,single_provider,Western Illinois,CAR,ACT,19,CAR,historical_observation_only,,,,no_pre_2014_contract,4,,unknown,no_pre_2014_contract
00-0027044,Michael Johnson,DE,1987-02-07,corroborated,Georgia Tech,CIN,ACT,18,CIN,historical_observation_only,,2013,2013,estimated_not_verified,4,UFA,experience_estimate,
00-0027045,Matt Shaughnessy,OLB,1986-09-23,corroborated,Wisconsin,ARI,ACT,17,ARI,historical_observation_only,,2013,2013,estimated_not_verified,4,UFA,experience_estimate,
00-0027046,Terrance Knighton,NT,1986-07-04,corroborated,Temple,DEN,ACT,21,DEN,historical_observation_only,,2013,2014,estimated_not_verified,4,,unknown,
00-0027047,Derek Cox,CB,1986-09-22,corroborated,William & Mary,SD,ACT,19,SD,historical_observation_only,,2013,2016,estimated_not_verified,4,,unknown,
00-0027050,DeAndre Levy,OLB,1987-03-26,corroborated,Wisconsin,DET,ACT,17,DET,historical_observation_only,,2013,2015,estimated_not_verified,4,,unknown,
00-0027052,Louis Vasquez,G,1987-04-11,corroborated,Texas Tech,DEN,ACT,21,DEN,historical_observation_only,,2013,2016,estimated_not_verified,4,,unknown,
00-0027053,Kraig Urbik,G,1985-09-23,corroborated,Wisconsin,BUF,ACT,17,BUF,historical_observation_only,,,,ambiguous_same_year_terms,4,,unknown,ambiguous_same_year_terms
00-0027055,Roy Miller,DT,1987-07-09,corroborated,Texas,JAX,RES,16,JAX,jacksonville_control,Active 53,,,branch_register_controls,4,,branch_register_controls,last_observed_before_week17
00-0027057,Brandon Tate,WR,1987-10-05,corroborated,North Carolina,CIN,ACT,18,CIN,historical_observation_only,,,,no_pre_2014_contract,4,,unknown,no_pre_2014_contract
00-0027060,Lardarius Webb,CB,1985-10-12,corroborated,Nicholls State; Southern Mississippi,BAL,ACT,17,BAL,historical_observation_only,,2012,2017,estimated_not_verified,4,,unknown,
00-0027061,Jared Cook,TE,1987-04-07,corroborated,South Carolina,STL,ACT,17,STL,historical_observation_only,,2013,2017,estimated_not_verified,4,,unknown,
00-0027062,Christopher Owens,CB,1986-12-01,corroborated,San Jose State,MIA,ACT;TRD,17,MIA,historical_observation_only,,,,no_pre_2014_contract,4,,unknown,missing_or_conflicting_source_status;no_pre_2014_contract;release_status_needs_dated_source
00-0027064,Jerraud Powers,CB,1987-07-19,corroborated,Auburn,ARI,ACT,17,ARI,historical_observation_only,,2013,2015,estimated_not_verified,4,,unknown,
00-0027065,Corvey Irvin,DT,1985-05-03,single_provider,Georgia; Georgia Military,DAL,ACT,17,DAL,historical_observation_only,,,,no_pre_2014_contract,4,,unknown,no_pre_2014_contract
00-0027067,Rashad Johnson,FS,1986-01-02,corroborated,Alabama,ARI,ACT,17,ARI,historical_observation_only,,2013,2015,estimated_not_verified,4,,unknown,
00-0027069,Chase Coffman,TE,1986-11-10,corroborated,Missouri,ATL,ACT,17,ATL,historical_observation_only,,,,no_pre_2014_contract,4,,unknown,no_pre_2014_contract
00-0027074,Kaluka Maiava,MLB,1986-12-27,corroborated,USC,OAK,RES,13,OAK,historical_observation_only,,2013,2015,estimated_not_verified,4,,unknown,last_observed_before_week17
00-0027076,Mike Thomas,WR,1987-06-04,single_provider,Arizona,,,,,historical_observation_only,,,,club_unresolved,,,unknown,club_unresolved;missing_or_conflicting_source_status;no_2013_roster_observation;placement_unknown
00-0027077,Brian Hartline,WR,1986-11-22,corroborated,Ohio State,MIA,ACT,17,MIA,historical_observation_only,,2013,2017,estimated_not_verified,4,,unknown,
00-0027078,T.J. Lang,G,1987-09-20,corroborated,Eastern Michigan,GB,ACT,18,GB,historical_observation_only,,2012,2015,estimated_not_verified,4,,unknown,
00-0027080,Mike Goodson,RB,1987-05-23,single_provider,Texas A&M,NYJ,RES,6,NYJ,historical_observation_only,,,,no_pre_2014_contract,4,,unknown,last_observed_before_week17;no_pre_2014_contract
00-0027081,Glover Quin,SS,1986-01-15,corroborated,New Mexico; Southwest Mississippi JC,DET,ACT,17,DET,historical_observation_only,,2013,2017,estimated_not_verified,4,,unknown,
00-0027082,Vaughn Martin,DE,1986-04-18,corroborated,Western Ontario,MIA,CUT,3,MIA,historical_observation_only,,,,no_pre_2014_contract,4,,unknown,last_observed_before_week17;no_pre_2014_contract;release_status_needs_dated_source
00-0027083,David Bruton,FS,1987-07-23,corroborated,Notre Dame,DEN,ACT,21,DEN,historical_observation_only,,,,no_pre_2014_contract,4,,unknown,no_pre_2014_contract
00-0027084,Sammie Lee Hill,DT,1986-11-08,corroborated,Stillman College,TEN,ACT,17,TEN,historical_observation_only,,2013,2015,estimated_not_verified,4,,unknown,
00-0027089,Louis Murphy,WR,1987-05-11,corroborated,Florida,NYG,ACT,17,NYG,historical_observation_only,,,,no_pre_2014_contract,4,,unknown,no_pre_2014_contract
00-0027092,Austin Collie,WR,1985-11-11,single_provider,BYU,NE,ACT,20,NE,historical_observation_only,,,,no_pre_2014_contract,4,,unknown,no_pre_2014_contract
00-0027093,Tony Fiammetta,FB,1986-08-22,corroborated,Syracuse,CHI,ACT,17,CHI,historical_observation_only,,,,no_pre_2014_contract,4,,unknown,no_pre_2014_contract
00-0027094,Andre Brown,RB,1986-12-15,single_provider,N.C. State,NYG,ACT,17,NYG,historical_observation_only,,2013,2013,estimated_not_verified,4,UFA,experience_estimate,
00-0027101,Colin Brown,G,1985-08-29,corroborated,Missouri,BUF,CUT,6,BUF,historical_observation_only,,,,no_pre_2014_contract,4,,unknown,last_observed_before_week17;no_pre_2014_contract;release_status_needs_dated_source
00-0027103,Kevin Huber,P,1985-07-16,corroborated,Cincinnati,CIN,RES,15,CIN,historical_observation_only,,,,missing_otc_id,4,,unknown,last_observed_before_week17;missing_otc_id
00-0027106,Quinn Johnson,FB,1986-09-30,single_provider,LSU,TEN,ACT,17,TEN,historical_observation_only,,,,no_pre_2014_contract,4,,unknown,no_pre_2014_contract
00-0027108,Jasper Brinkley,ILB,1985-07-12,corroborated,South Carolina; Georgia Military,ARI,ACT,17,ARI,historical_observation_only,,,,no_pre_2014_contract,4,,unknown,no_pre_2014_contract
00-0027109,James Casey,TE,1984-09-22,corroborated,Rice,PHI,ACT,18,PHI,historical_observation_only,,2013,2015,estimated_not_verified,4,,unknown,
00-0027110,Garrett Reynolds,G,1987-07-01,corroborated,North Carolina,ATL,ACT,17,ATL,historical_observation_only,,,,no_pre_2014_contract,4,,unknown,no_pre_2014_contract
00-0027112,Jamon Meredith,T,1986-05-11,corroborated,South Carolina,TB,ACT,17,TB,historical_observation_only,,,,no_pre_2014_contract,4,,unknown,no_pre_2014_contract
00-0027114,Thomas Morstead,P,1986-03-08,corroborated,SMU,NO,ACT,19,NO,historical_observation_only,,2012,2017,estimated_not_verified,4,,unknown,
00-0027115,Chris Clemons,FS,1985-09-15,corroborated,Clemson,MIA,ACT,17,MIA,historical_observation_only,,2013,2013,estimated_not_verified,4,UFA,experience_estimate,
00-0027124,Don Carey,FS,1987-02-14,corroborated,Norfolk State,DET,ACT,17,DET,historical_observation_only,,,,no_pre_2014_contract,4,,unknown,no_pre_2014_contract
00-0027125,Zach Miller,TE,1984-10-04,single_provider,Nebraska-Omaha; Nebraska,,,,,historical_observation_only,,,,club_unresolved,,,unknown,club_unresolved;missing_or_conflicting_source_status;no_2013_roster_observation;placement_unknown
00-0027134,Curtis Painter,QB,1985-06-24,corroborated,Purdue,NYG,ACT,17,NYG,historical_observation_only,,,,no_pre_2014_contract,4,,unknown,no_pre_2014_contract
00-0027135,Brandon Myers,TE,1985-09-04,corroborated,Iowa,NYG,ACT,17,NYG,historical_observation_only,,2013,2013,estimated_not_verified,4,UFA,experience_estimate,
00-0027136,Jason McCourty,CB,1987-08-13,corroborated,Rutgers,TEN,ACT,17,TEN,historical_observation_only,,2012,2016,estimated_not_verified,4,,unknown,
00-0027139,John Phillips,TE,1987-06-11,corroborated,Virginia,SD,RES,16,SD,historical_observation_only,,,,no_pre_2014_contract,4,,unknown,last_observed_before_week17;no_pre_2014_contract
00-0027140,Chris Ogbonnaya,FB,1986-05-20,corroborated,Texas,CLE,ACT,17,CLE,historical_observation_only,,,,no_pre_2014_contract,4,,unknown,no_pre_2014_contract
00-0027144,Ellis Lankster,CB,1987-06-03,corroborated,West Virginia; Jones County JC,NYJ,ACT,17,NYJ,historical_observation_only,,,,no_pre_2014_contract,4,,unknown,no_pre_2014_contract
00-0027145,Pat McAfee,P,1987-05-02,corroborated,West Virginia,IND,ACT,19,IND,historical_observation_only,,,,no_pre_2014_contract,4,,unknown,no_pre_2014_contract
00-0027150,Julian Edelman,WR,1986-05-22,corroborated,Kent State; San Mateo,NE,ACT,20,NE,historical_observation_only,,2013,2013,estimated_not_verified,4,UFA,verified_two_pass,
00-0027155,Rashad Jennings,RB,1985-03-26,corroborated,Liberty; Pittsburgh,OAK,ACT,17,OAK,historical_observation_only,,2013,2013,estimated_not_verified,4,UFA,experience_estimate,
00-0027156,Tiquan Underwood,WR,1987-02-17,single_provider,Rutgers,TB,ACT,17,TB,historical_observation_only,,,,no_pre_2014_contract,4,,unknown,no_pre_2014_contract
00-0027187,Matt Overton,LS,1985-07-06,corroborated,Western Washington University; Diablo Valley College,IND,ACT,19,IND,historical_observation_only,,,,no_pre_2014_contract,3,,unknown,no_pre_2014_contract
00-0027188,Chad Hall,WR,1986-05-23,corroborated,Air Force,KC,CUT,15,KC,historical_observation_only,,,,no_pre_2014_contract,3,,unknown,last_observed_before_week17;no_pre_2014_contract;release_status_needs_dated_source
00-0027195,Rafael Bush,FS,1987-05-12,corroborated,South Carolina State,NO,ACT,19,NO,historical_observation_only,,,,no_pre_2014_contract,3,,unknown,no_pre_2014_contract
00-0027197,Justin Drescher,LS,1988-01-01,corroborated,Colorado,NO,ACT,19,NO,historical_observation_only,,2013,2016,estimated_not_verified,3,,unknown,
00-0027202,Michael Palmer,TE,1988-01-18,corroborated,Clemson,PIT,ACT,17,PIT,historical_observation_only,,,,no_pre_2014_contract,3,,unknown,no_pre_2014_contract
00-0027215,Logan Paulsen,TE,1987-02-26,corroborated,UCLA,WAS,ACT,17,WAS,historical_observation_only,,,,no_pre_2014_contract,3,,unknown,no_pre_2014_contract
00-0027218,Joique Bell,RB,1986-08-04,corroborated,Wayne State,DET,ACT,17,DET,historical_observation_only,,2013,2013,estimated_not_verified,3,UFA,experience_estimate,
00-0027224,Jonathan Weeks,LS,1986-02-17,corroborated,Baylor,HOU,ACT,17,HOU,historical_observation_only,,,,no_pre_2014_contract,3,,unknown,no_pre_2014_contract
00-0027232,Sergio Brown,FS,1988-05-22,corroborated,Notre Dame,IND,ACT,19,IND,historical_observation_only,,2010,2013,estimated_not_verified,3,UFA,experience_estimate,
00-0027236,Kyle Love,DT,1986-11-18,single_provider,Mississippi State,JAX,ACT;TRD,17,,real_jaguars_only,,,,no_pre_2014_contract,3,,unknown,missing_or_conflicting_source_status;no_pre_2014_contract;real_jaguars_move_not_applied;release_status_needs_dated_source
00-0027237,Dane Fletcher,OLB,1986-09-14,corroborated,Montana State,NE,ACT,20,NE,historical_observation_only,,,,no_pre_2014_contract,3,,unknown,no_pre_2014_contract
00-0027239,Da'Mon Cromartie-Smith,SS,1987-02-19,corroborated,Texas-El Paso,PIT,CUT,5,PIT,historical_observation_only,,2010,2013,estimated_not_verified,3,UFA,experience_estimate,last_observed_before_week17;release_status_needs_dated_source
00-0027244,Jeromy Miles,FS,1987-07-20,corroborated,UMass Amherst; Navy,BAL,ACT;TRT,17,BAL,historical_observation_only,,,,no_pre_2014_contract,3,,unknown,missing_or_conflicting_source_status;no_pre_2014_contract;release_status_needs_dated_source
00-0027245,Vincent Rey,OLB,1987-09-06,corroborated,Duke,CIN,ACT,18,CIN,historical_observation_only,,2013,2013,estimated_not_verified,3,UFA,experience_estimate,
00-0027247,Mike Windt,LS,1986-05-29,corroborated,Cincinnati,SD,ACT,19,SD,historical_observation_only,,,,no_pre_2014_contract,3,,unknown,no_pre_2014_contract
00-0027248,Jermelle Cudjo,DT,1986-09-28,corroborated,Central Oklahoma,STL,ACT,17,STL,historical_observation_only,,,,no_pre_2014_contract,3,,unknown,no_pre_2014_contract
00-0027253,Thaddeus Lewis,QB,1987-11-19,single_provider,Duke,BUF,ACT,17,BUF,historical_observation_only,,,,no_pre_2014_contract,3,,unknown,no_pre_2014_contract
00-0027256,Darian Stewart,FS,1988-08-04,corroborated,South Carolina,STL,ACT,17,STL,historical_observation_only,,2013,2013,estimated_not_verified,3,UFA,experience_estimate,
00-0027259,Jake Ballard,TE,1987-12-21,single_provider,Ohio State,ARI,ACT,17,ARI,historical_observation_only,,,,no_pre_2014_contract,3,,unknown,no_pre_2014_contract
00-0027263,Nate Collins,NT,1987-12-14,corroborated,Virginia,CHI,RES,5,CHI,historical_observation_only,,,,no_pre_2014_contract,3,,unknown,last_observed_before_week17;no_pre_2014_contract
00-0027264,Jim Cordle,C,1987-08-22,corroborated,Ohio State,NYG,RES,12,NYG,historical_observation_only,,,,no_pre_2014_contract,3,,unknown,last_observed_before_week17;no_pre_2014_contract
00-0027265,Victor Cruz,WR,1986-11-11,corroborated,UMass Amherst,NYG,ACT,17,NYG,historical_observation_only,,,,ambiguous_same_year_terms,3,,unknown,ambiguous_same_year_terms
00-0027290,Cassius Vaughn,CB,1987-11-03,corroborated,Mississippi,IND,ACT,19,IND,historical_observation_only,,,,no_pre_2014_contract,3,,unknown,no_pre_2014_contract
00-0027297,Austin Howard,T,1987-03-22,corroborated,Northern Iowa,NYJ,ACT,17,NYJ,historical_observation_only,,2013,2013,estimated_not_verified,3,UFA,experience_estimate,
00-0027309,Lemuel Jeanpierre,C,1987-05-19,corroborated,South Carolina,SEA,ACT,21,SEA,historical_observation_only,,,,no_pre_2014_contract,3,,unknown,no_pre_2014_contract
00-0027321,Jeff Cumberland,TE,1987-05-02,corroborated,Illinois,NYJ,ACT,17,NYJ,historical_observation_only,,,,no_pre_2014_contract,3,,unknown,no_pre_2014_contract
00-0027322,David Nelson,WR,1986-11-07,single_provider,Florida,NYJ,ACT,17,NYJ,historical_observation_only,,,,no_pre_2014_contract,3,,unknown,no_pre_2014_contract
00-0027325,LeGarrette Blount,RB,1986-12-05,corroborated,Oregon; East Mississippi JC,NE,ACT,20,NE,historical_observation_only,,2013,2013,estimated_not_verified,3,UFA,experience_estimate,
00-0027333,Kevin Matthews,C,1987-02-04,single_provider,Texas A&M,TEN,ACT,17,TEN,historical_observation_only,,,,no_pre_2014_contract,3,,unknown,no_pre_2014_contract
00-0027346,Alfonso Smith,RB,1987-01-23,corroborated,Kentucky,ARI,ACT,17,ARI,historical_observation_only,,,,no_pre_2014_contract,3,,unknown,no_pre_2014_contract
00-0027349,Stephen Williams,WR,1986-06-29,corroborated,Toledo,JAX,RES;TRC,11,,real_jaguars_only,,,,no_pre_2014_contract,3,,unknown,last_observed_before_week17;missing_or_conflicting_source_status;no_pre_2014_contract;real_jaguars_move_not_applied;release_status_needs_dated_source
00-0027350,A.J. Jefferson,CB,1988-04-04,corroborated,Fresno State,MIN,CUT,12,MIN,historical_observation_only,,,,no_pre_2014_contract,3,,unknown,last_observed_before_week17;no_pre_2014_contract;release_status_needs_dated_source
00-0027356,Marlon Moore,WR,1987-09-03,corroborated,Fresno State,MIA,ACT;TRC,17,MIA,historical_observation_only,,,,no_pre_2014_contract,3,,unknown,missing_or_conflicting_source_status;no_pre_2014_contract;release_status_needs_dated_source
00-0027375,Tramaine Brock,CB,1988-08-20,corroborated,Belhaven College; Minnesota; Mississippi Gulf Coast CC,SF,ACT,20,SF,historical_observation_only,,,,ambiguous_same_year_terms,3,,unknown,ambiguous_same_year_terms
00-0027378,Chris Maragos,FS,1987-01-06,corroborated,Wisconsin; Western Michigan,SEA,ACT,21,SEA,historical_observation_only,,2013,2013,estimated_not_verified,3,UFA,experience_estimate,
00-0027385,Thomas Austin,C,1986-11-14,single_provider,Clemson,IND,DEV,16,IND,historical_observation_only,,,,no_pre_2014_contract,3,,unknown,last_observed_before_week17;no_pre_2014_contract
00-0027402,Andre Neblett,DT,1988-06-07,single_provider,Temple,NE,CUT,7,NE,historical_observation_only,,,,no_pre_2014_contract,3,,unknown,last_observed_before_week17;no_pre_2014_contract;release_status_needs_dated_source
00-0027416,Barry Church,FS,1988-02-11,corroborated,Toledo,DAL,ACT,17,DAL,historical_observation_only,,2012,2015,estimated_not_verified,3,,unknown,
00-0027417,Phil Costa,C,1987-07-11,corroborated,Maryland; Temple,DAL,ACT,17,DAL,historical_observation_only,,,,no_pre_2014_contract,3,,unknown,no_pre_2014_contract
00-0027421,Bryan McCann,CB,1987-09-29,single_provider,SMU,ARI,ACT,17,ARI,historical_observation_only,,,,no_pre_2014_contract,3,,unknown,no_pre_2014_contract
00-0027422,Danny McCray,FS,1988-03-10,corroborated,LSU,DAL,ACT,17,DAL,historical_observation_only,,,,no_pre_2014_contract,3,,unknown,no_pre_2014_contract
00-0027440,Sam Shields,CB,1987-12-08,corroborated,Miami,GB,ACT,18,GB,historical_observation_only,,2013,2013,estimated_not_verified,3,UFA,experience_estimate,
00-0027442,Frank Zombo,OLB,1987-03-05,corroborated,Central Michigan,KC,ACT,18,KC,historical_observation_only,,,,no_pre_2014_contract,3,,unknown,no_pre_2014_contract
00-0027445,Jeron Mastrud,TE,1987-12-17,corroborated,Kansas State,OAK,ACT,17,OAK,historical_observation_only,,,,no_pre_2014_contract,3,,unknown,no_pre_2014_contract
00-0027468,Brandon King,DB,1987-01-28,corroborated,Purdue,,,,JAX,jacksonville_control,Practice squad,,,branch_register_controls,,,branch_register_controls,missing_or_conflicting_source_status;no_2013_roster_observation
00-0027469,Jeff Linkenbach,T,1987-06-09,corroborated,Cincinnati,IND,ACT,19,IND,historical_observation_only,,,,no_pre_2014_contract,3,,unknown,no_pre_2014_contract
00-0027485,Jeff Byers,C,1985-09-07,corroborated,USC,CAR,RES,9,CAR,historical_observation_only,,,,no_pre_2014_contract,3,,unknown,last_observed_before_week17;no_pre_2014_contract
00-0027495,George Johnson,DE,1987-12-11,corroborated,Rutgers,MIN,CUT,5,MIN,historical_observation_only,,,,ambiguous_same_year_terms,3,,unknown,ambiguous_same_year_terms;last_observed_before_week17;release_status_needs_dated_source
00-0027499,Kyle Bosworth,MLB,1986-11-21,corroborated,UCLA,DAL,CUT,15,DAL,historical_observation_only,,,,no_pre_2014_contract,3,,unknown,last_observed_before_week17;no_pre_2014_contract;release_status_needs_dated_source
00-0027503,Josh Gordy,CB,1987-02-09,corroborated,Central Michigan,IND,ACT,19,IND,historical_observation_only,,,,no_pre_2014_contract,3,,unknown,no_pre_2014_contract
00-0027509,Robert Malone,P,1988-02-04,corroborated,Fresno State,NYJ,CUT,2,NYJ,historical_observation_only,,,,no_pre_2014_contract,3,,unknown,last_observed_before_week17;no_pre_2014_contract;release_status_needs_dated_source
00-0027531,Chris Ivory,RB,1988-03-22,corroborated,Tiffin; Washington State,NYJ,ACT,17,NYJ,historical_observation_only,,2013,2015,estimated_not_verified,3,,unknown,
00-0027532,Jay Ross,DT,1987-10-03,corroborated,East Carolina,BUF,CUT,8,BUF,historical_observation_only,,,,no_pre_2014_contract,3,,unknown,last_observed_before_week17;no_pre_2014_contract;release_status_needs_dated_source
00-0027539,Anthony Levine,SS,1987-03-27,corroborated,Tennessee State,BAL,ACT,17,BAL,historical_observation_only,,2013,2014,estimated_not_verified,3,,unknown,
00-0027547,Marcus Sherels,CB,1987-09-30,corroborated,Minnesota,MIN,ACT,17,MIN,historical_observation_only,,2013,2013,estimated_not_verified,3,UFA,experience_estimate,
00-0027551,Junior Galette,OLB,1988-03-27,corroborated,Stillman College; Temple,NO,ACT,19,NO,historical_observation_only,,2013,2015,estimated_not_verified,3,,unknown,
00-0027555,Clint Gresham,LS,1986-08-24,corroborated,TCU; Oklahoma,SEA,ACT,21,SEA,historical_observation_only,,,,no_pre_2014_contract,3,,unknown,no_pre_2014_contract
00-0027557,Morgan Cox,LS,1986-04-26,corroborated,Tennessee,BAL,ACT,17,BAL,historical_observation_only,,2013,2014,estimated_not_verified,3,,unknown,
00-0027560,Albert McClellan,ILB,1986-06-04,corroborated,Marshall,BAL,ACT,17,BAL,historical_observation_only,,,,no_pre_2014_contract,3,,unknown,no_pre_2014_contract
00-0027567,Steve Maneri,TE,1988-03-20,corroborated,Temple,CHI,CUT,7,CHI,historical_observation_only,,,,no_pre_2014_contract,3,,unknown,last_observed_before_week17;no_pre_2014_contract;release_status_needs_dated_source
00-0027573,Mitch Unrein,DT,1987-03-25,corroborated,Wyoming,DEN,ACT,21,DEN,historical_observation_only,,2013,2013,estimated_not_verified,3,UFA,experience_estimate,
00-0027581,Seyi Ajirotutu,WR,1987-06-12,corroborated,Fresno State,SD,ACT,19,SD,historical_observation_only,,,,no_pre_2014_contract,3,,unknown,no_pre_2014_contract
00-0027583,Richie Brockel,TE,1986-07-24,corroborated,Boise State,CAR,ACT,19,CAR,historical_observation_only,,,,no_pre_2014_contract,3,,unknown,no_pre_2014_contract
00-0027595,Bryan Walters,WR,1987-11-04,single_provider,Cornell,SEA,ACT,21,SEA,historical_observation_only,,,,no_pre_2014_contract,3,,unknown,no_pre_2014_contract
00-0027597,Kion Wilson,ILB,1986-10-24,corroborated,University of South Florida; Pearl River,PIT,DEV,14,PIT,historical_observation_only,,,,no_pre_2014_contract,3,,unknown,last_observed_before_week17;no_pre_2014_contract
00-0027603,Corey Wootton,DE,1987-06-22,corroborated,Northwestern,CHI,ACT,17,CHI,historical_observation_only,,2010,2013,estimated_not_verified,3,UFA,experience_estimate,
00-0027606,Trindon Holliday,WR,1986-04-27,corroborated,LSU,DEN,ACT,21,DEN,historical_observation_only,,,,no_pre_2014_contract,3,,unknown,no_pre_2014_contract
00-0027607,Ted Larsen,C,1987-06-13,corroborated,N.C. State,TB,ACT,17,TB,historical_observation_only,,,,no_pre_2014_contract,3,,unknown,no_pre_2014_contract
00-0027608,Kyle Williams,WR,1988-07-19,corroborated,Arizona State,KC,RES;TRC,11,KC,historical_observation_only,,2013,2013,estimated_not_verified,3,UFA,experience_estimate,last_observed_before_week17;missing_or_conflicting_source_status;release_status_needs_dated_source
00-0027609,J'Marcus Webb,T,1988-08-08,corroborated,West Texas State; Navarro,MIN,ACT,17,MIN,historical_observation_only,,2013,2013,estimated_not_verified,3,UFA,experience_estimate,
00-0027610,Phillip Adams,CB,1988-07-20,corroborated,South Carolina State,OAK,ACT,17,OAK,historical_observation_only,,2013,2013,estimated_not_verified,3,UFA,experience_estimate,
00-0027616,Andy Tanner,WR,1988-05-16,corroborated,Midwestern State,NO,DEV,1,NO,historical_observation_only,,,,no_pre_2014_contract,3,,unknown,last_observed_before_week17;no_pre_2014_contract
00-0027628,Brian Sanford,DT,1987-09-12,corroborated,Temple,CLE,ACT;TRD,17,CLE,historical_observation_only,,,,no_pre_2014_contract,3,,unknown,missing_or_conflicting_source_status;no_pre_2014_contract;release_status_needs_dated_source
00-0027647,Devin McCourty,SS,1987-08-13,corroborated,Rutgers,NE,ACT,20,NE,historical_observation_only,,2010,2014,estimated_not_verified,3,,unknown,
00-0027648,Rodger Saffold,T,1988-06-06,corroborated,Indiana,STL,ACT,17,STL,historical_observation_only,,2010,2013,estimated_not_verified,3,UFA,experience_estimate,
00-0027649,Chris Cook,CB,1987-02-15,corroborated,Virginia,MIN,ACT,17,MIN,historical_observation_only,,,,no_pre_2014_contract,3,,unknown,no_pre_2014_contract
00-0027650,Brian Price,DT,1989-04-10,single_provider,UCLA,,,,,historical_observation_only,,,,club_unresolved,,,unknown,club_unresolved;missing_or_conflicting_source_status;no_2013_roster_observation;placement_unknown
00-0027651,Dexter McCluster,WR,1988-08-25,corroborated,Mississippi,KC,ACT,18,KC,historical_observation_only,,2010,2013,estimated_not_verified,3,UFA,experience_estimate,
00-0027652,Nate Allen,SS,1987-11-30,corroborated,University of South Florida,PHI,ACT,18,PHI,historical_observation_only,,2010,2013,estimated_not_verified,3,UFA,experience_estimate,
00-0027653,T.J. Ward,SS,1986-12-12,corroborated,Oregon,CLE,ACT,17,CLE,historical_observation_only,,2010,2013,estimated_not_verified,3,UFA,experience_estimate,
00-0027656,Rob Gronkowski,TE,1989-05-14,corroborated,Arizona,NE,RES,14,NE,historical_observation_only,,2012,2019,sourced_correction,3,,unknown,last_observed_before_week17
00-0027657,Lamarr Houston,DE,1987-06-24,corroborated,Texas,OAK,ACT,17,OAK,historical_observation_only,,2010,2013,estimated_not_verified,3,UFA,experience_estimate,
00-0027658,Zane Beadles,G,1986-11-19,corroborated,Utah,DEN,ACT,21,DEN,historical_observation_only,,2010,2013,estimated_not_verified,3,UFA,experience_estimate,
00-0027660,Javier Arenas,CB,1987-10-28,corroborated,Alabama,ARI,ACT,17,ARI,historical_observation_only,,,,no_pre_2014_contract,3,,unknown,no_pre_2014_contract
00-0027661,Jermaine Cunningham,LB,1988-04-24,single_provider,Florida,NYJ,ACT;TRC,17,NYJ,historical_observation_only,,,,no_pre_2014_contract,3,,unknown,missing_or_conflicting_source_status;no_pre_2014_contract;release_status_needs_dated_source
00-0027662,Carlos Dunlap,DE,1989-02-28,corroborated,Florida,CIN,ACT,18,CIN,historical_observation_only,,2013,2017,estimated_not_verified,3,,unknown,
00-0027663,Sean Lee,MLB,1986-07-22,corroborated,Penn State,DAL,ACT,17,DAL,historical_observation_only,,2013,2018,estimated_not_verified,3,,unknown,
00-0027664,Mike Neal,DE,1987-06-26,corroborated,Purdue,GB,ACT,18,GB,historical_observation_only,,2010,2013,estimated_not_verified,3,UFA,experience_estimate,
00-0027665,Terrence Cody,NT,1988-06-28,corroborated,Alabama; Mississippi Gulf Coast CC,BAL,ACT,17,BAL,historical_observation_only,,,,no_pre_2014_contract,3,,unknown,no_pre_2014_contract
00-0027667,Vladimir Ducasse,G,1987-10-15,corroborated,UMass Amherst,NYJ,ACT,17,NYJ,historical_observation_only,,,,no_pre_2014_contract,3,,unknown,no_pre_2014_contract
00-0027668,Brandon Spikes,ILB,1987-09-03,corroborated,Florida,NE,RES,18,NE,historical_observation_only,,2010,2013,estimated_not_verified,3,UFA,experience_estimate,
00-0027669,Charles Brown,T,1987-04-10,corroborated,USC,NO,ACT,19,NO,historical_observation_only,,,,no_pre_2014_contract,3,,unknown,no_pre_2014_contract
00-0027670,Jerome Murphy,CB,1987-01-13,corroborated,University of South Florida,WAS,CUT,12,WAS,historical_observation_only,,,,no_pre_2014_contract,3,,unknown,last_observed_before_week17;no_pre_2014_contract;release_status_needs_dated_source
00-0027673,Jon Asamoah,G,1988-07-21,corroborated,Illinois,KC,ACT,18,KC,historical_observation_only,,2010,2013,estimated_not_verified,3,UFA,experience_estimate,
00-0027674,Jared Veldheer,T,1987-06-14,single_provider,Hillsdale,OAK,ACT,17,OAK,historical_observation_only,,2010,2013,estimated_not_verified,3,UFA,experience_estimate,
00-0027675,Ed Dickson,TE,1987-07-25,corroborated,Oregon,BAL,ACT,17,BAL,historical_observation_only,,2013,2013,estimated_not_verified,3,UFA,experience_estimate,
00-0027676,Morgan Burnett,FS,1989-01-13,corroborated,Georgia Tech,GB,ACT,18,GB,historical_observation_only,,2013,2016,estimated_not_verified,3,,unknown,
00-0027677,Alex Carrington,DE,1987-06-19,corroborated,Arkansas State,BUF,RES,3,BUF,historical_observation_only,,,,no_pre_2014_contract,3,,unknown,last_observed_before_week17;no_pre_2014_contract
00-0027678,John Jerry,G,1986-06-14,corroborated,Mississippi,MIA,ACT,17,MIA,historical_observation_only,,2010,2013,estimated_not_verified,3,UFA,experience_estimate,
00-0027679,D'Anthony Smith,DT,1988-06-09,corroborated,Louisiana Tech,DET,DEV;TRD,4,JAX,jacksonville_control,Practice squad,,,branch_register_controls,3,,branch_register_controls,last_observed_before_week17;missing_or_conflicting_source_status;release_status_needs_dated_source
00-0027680,Major Wright,SS,1988-07-01,corroborated,Florida,CHI,ACT,17,CHI,historical_observation_only,,,,no_pre_2014_contract,3,,unknown,no_pre_2014_contract
00-0027681,Brandon LaFell,WR,1986-11-04,corroborated,LSU,CAR,ACT,19,CAR,historical_observation_only,,2010,2013,estimated_not_verified,3,UFA,experience_estimate,
00-0027682,Donald Butler,ILB,1988-10-17,corroborated,Washington,SD,ACT,19,SD,historical_observation_only,,2010,2013,estimated_not_verified,3,UFA,experience_estimate,
00-0027683,J.D. Walton,C,1987-03-24,single_provider,Baylor; Arizona State,WAS,ACT;TRC,17,WAS,historical_observation_only,,2010,2013,estimated_not_verified,3,UFA,experience_estimate,missing_or_conflicting_source_status;release_status_needs_dated_source
00-0027684,Earl Mitchell,NT,1987-09-25,corroborated,Arizona,HOU,ACT,17,HOU,historical_observation_only,,2010,2013,estimated_not_verified,3,UFA,experience_estimate,
00-0027685,Emmanuel Sanders,WR,1987-03-17,corroborated,SMU,PIT,ACT,17,PIT,historical_observation_only,,2013,2013,estimated_not_verified,3,UFA,verified_two_pass,
00-0027686,Corey Peters,DT,1988-06-08,corroborated,Kentucky,ATL,RES,16,ATL,historical_observation_only,,2010,2013,estimated_not_verified,3,UFA,experience_estimate,last_observed_before_week17
00-0027688,Colt McCoy,QB,1986-09-05,corroborated,Texas,SF,ACT,20,SF,historical_observation_only,,,,no_matching_club_contract,3,,unknown,no_matching_club_contract
00-0027689,Daniel Te'o-Nesheim,DE,1987-06-12,corroborated,Washington,TB,ACT,17,TB,historical_observation_only,,,,no_pre_2014_contract,3,UFA,verified_two_pass,no_pre_2014_contract
00-0027690,Eric Decker,WR,1987-03-15,corroborated,Minnesota,DEN,ACT,21,DEN,historical_observation_only,,2010,2013,estimated_not_verified,3,UFA,experience_estimate,
00-0027691,Andre Roberts,WR,1988-01-09,corroborated,The Citadel,ARI,ACT,17,ARI,historical_observation_only,,2010,2013,estimated_not_verified,3,UFA,experience_estimate,
00-0027692,Armanti Edwards,WR,1988-03-08,corroborated,Appalachian State,CLE,CUT;TRC,11,CLE,historical_observation_only,,,,no_pre_2014_contract,3,,unknown,last_observed_before_week17;missing_or_conflicting_source_status;no_pre_2014_contract;release_status_needs_dated_source
00-0027694,Shawn Lauvao,G,1987-10-26,corroborated,Arizona State,CLE,ACT,17,CLE,historical_observation_only,,2010,2013,estimated_not_verified,3,UFA,experience_estimate,
00-0027695,Tony Moeaki,TE,1987-06-08,single_provider,Iowa,BUF,ACT;TRD,17,BUF,historical_observation_only,,,,no_pre_2014_contract,3,,unknown,missing_or_conflicting_source_status;no_pre_2014_contract;release_status_needs_dated_source
00-0027696,Jimmy Graham,TE,1986-11-24,corroborated,Miami,NO,ACT,19,NO,historical_observation_only,,2010,2013,estimated_not_verified,3,UFA,experience_estimate,
00-0027697,Brandon Ghee,CB,1987-06-06,corroborated,Wake Forest,CIN,ACT,18,CIN,historical_observation_only,,,,no_pre_2014_contract,3,,unknown,no_pre_2014_contract
00-0027701,Everson Griffen,DE,1987-12-22,corroborated,USC,MIN,ACT,17,MIN,historical_observation_only,,2010,2013,estimated_not_verified,3,UFA,experience_estimate,
00-0027702,Mike Williams,WR,1987-05-18,corroborated,Syracuse,TB,RES,8,TB,historical_observation_only,,2013,2017,estimated_not_verified,3,,unknown,last_observed_before_week17
00-0027703,Darryl Sharpton,ILB,1988-01-01,corroborated,Miami,HOU,ACT,17,HOU,historical_observation_only,,,,no_pre_2014_contract,3,,unknown,no_pre_2014_contract
00-0027704,Perry Riley,ILB,1988-05-03,corroborated,LSU,WAS,ACT,17,WAS,historical_observation_only,,2010,2013,estimated_not_verified,3,UFA,experience_estimate,
00-0027705,Alterraun Verner,CB,1988-12-13,corroborated,UCLA,TEN,ACT,17,TEN,historical_observation_only,,2010,2013,estimated_not_verified,3,UFA,verified_two_pass,
00-0027708,Marcus Easley,WR,1987-11-02,corroborated,Connecticut,BUF,ACT,17,BUF,historical_observation_only,,,,no_pre_2014_contract,3,,unknown,no_pre_2014_contract
00-0027709,Jacoby Ford,WR,1987-07-27,corroborated,Clemson,OAK,ACT,17,OAK,historical_observation_only,,,,no_pre_2014_contract,3,,unknown,no_pre_2014_contract
00-0027710,Darrell Stuckey,SS,1987-06-16,corroborated,Kansas,SD,ACT,19,SD,historical_observation_only,,,,no_pre_2014_contract,3,,unknown,no_pre_2014_contract
00-0027711,Walter Thurmond,CB,1987-08-12,corroborated,Oregon,SEA,ACT,21,SEA,historical_observation_only,,2010,2013,estimated_not_verified,3,UFA,experience_estimate,
00-0027714,Dennis Pitta,TE,1985-06-29,single_provider,BYU,BAL,ACT,17,BAL,historical_observation_only,,2013,2013,estimated_not_verified,3,UFA,experience_estimate,
00-0027717,Joe Hawley,C,1988-10-22,corroborated,UNLV,ATL,ACT,17,ATL,historical_observation_only,,2010,2013,estimated_not_verified,3,UFA,experience_estimate,
00-0027718,Garrett Graham,TE,1986-08-04,corroborated,Wisconsin,HOU,RES,16,HOU,historical_observation_only,,2010,2013,estimated_not_verified,3,UFA,experience_estimate,last_observed_before_week17
00-0027720,Geno Atkins,DT,1988-03-28,corroborated,Georgia,CIN,RES,9,CIN,historical_observation_only,,2013,2017,estimated_not_verified,3,,unknown,last_observed_before_week17
00-0027723,Al Woods,DE,1987-03-25,corroborated,LSU,PIT,ACT,17,PIT,historical_observation_only,,,,ambiguous_same_year_terms,3,,unknown,ambiguous_same_year_terms
00-0027725,Clay Harbor,TE,1987-07-02,single_provider,Missouri State,JAX,ACT,17,,real_jaguars_only,,,,no_pre_2014_contract,3,,unknown,no_pre_2014_contract;real_jaguars_move_not_applied
00-0027726,Akwasi Owusu-Ansah,FS,1988-04-10,single_provider,"Indiana PA,  University of",DET,ACT,17,DET,historical_observation_only,,,,no_pre_2014_contract,3,,unknown,no_pre_2014_contract
00-0027728,Jason Fox,T,1988-05-02,corroborated,Miami,DET,ACT,17,DET,historical_observation_only,,,,no_pre_2014_contract,3,,unknown,no_pre_2014_contract
00-0027729,Jacques McClendon,G,1987-12-10,single_provider,Tennessee,JAX,ACT,17,,real_jaguars_only,,,,no_pre_2014_contract,3,,unknown,no_pre_2014_contract;real_jaguars_move_not_applied
00-0027730,O'Brien Schofield,DE,1987-04-03,corroborated,Wisconsin,SEA,ACT,21,SEA,historical_observation_only,,,,no_pre_2014_contract,3,,unknown,no_pre_2014_contract
00-0027732,Michael Hoomanawanui,TE,1988-07-04,corroborated,Illinois,NE,ACT,20,NE,historical_observation_only,,,,no_pre_2014_contract,3,,unknown,no_pre_2014_contract
00-0027733,Kam Chancellor,SS,1988-04-03,corroborated,Virginia Tech,SEA,ACT,21,SEA,historical_observation_only,,2013,2016,estimated_not_verified,3,,unknown,
00-0027734,Ricky Sapp,OLB,1986-11-14,corroborated,Clemson,HOU,ACT;TRD,17,HOU,historical_observation_only,,,,no_pre_2014_contract,3,,unknown,missing_or_conflicting_source_status;no_pre_2014_contract;release_status_needs_dated_source
00-0027735,Dominique Franks,CB,1987-10-08,corroborated,Oklahoma,ATL,ACT,17,ATL,historical_observation_only,,,,no_pre_2014_contract,3,,unknown,no_pre_2014_contract
00-0027736,Kendrick Lewis,FS,1988-06-16,corroborated,Mississippi,KC,ACT,18,KC,historical_observation_only,,,,no_pre_2014_contract,3,,unknown,no_pre_2014_contract
00-0027737,Perrish Cox,CB,1987-01-10,corroborated,Oklahoma State,SF,ACT;TRT,20,SF,historical_observation_only,,2013,2013,estimated_not_verified,3,UFA,experience_estimate,missing_or_conflicting_source_status;release_status_needs_dated_source
00-0027739,John Conner,FB,1987-06-08,single_provider,Kentucky,NYG,ACT,17,NYG,historical_observation_only,,,,no_pre_2014_contract,3,,unknown,no_pre_2014_contract
00-0027743,Sherrick McManis,CB,1987-12-19,corroborated,Northwestern,CHI,ACT,17,CHI,historical_observation_only,,,,no_pre_2014_contract,3,,unknown,no_pre_2014_contract
00-0027744,Nolan Carroll,CB,1987-01-18,corroborated,Maryland,MIA,ACT,17,MIA,historical_observation_only,,2010,2013,estimated_not_verified,3,UFA,experience_estimate,
00-0027745,Cam Thomas,DT,1986-12-12,corroborated,North Carolina,SD,ACT,19,SD,historical_observation_only,,2010,2013,estimated_not_verified,3,UFA,experience_estimate,
00-0027749,Zoltan Mesko,P,1986-03-06,corroborated,Michigan,CIN,ACT;TRT,18,CIN,historical_observation_only,,,,no_pre_2014_contract,3,,unknown,missing_or_conflicting_source_status;no_pre_2014_contract;release_status_needs_dated_source
00-0027750,Chris Scott,G,1987-08-04,single_provider,Tennessee,CAR,ACT,19,CAR,historical_observation_only,,,,no_pre_2014_contract,3,,unknown,no_pre_2014_contract
00-0027752,Austen Lane,DE,1987-11-09,single_provider,Murray State,DET,CUT,12,,unplaced_branch_claim,,,,no_pre_2014_contract,3,,unknown,branch_claimant_unknown;last_observed_before_week17;no_pre_2014_contract;release_status_needs_dated_source
00-0027753,Andrew Quarless,TE,1988-10-06,corroborated,Penn State,GB,ACT,18,GB,historical_observation_only,,,,no_pre_2014_contract,3,,unknown,no_pre_2014_contract
00-0027754,John Skelton,QB,1988-03-17,single_provider,Fordham,TEN,CUT;TRC,15,TEN,historical_observation_only,,,,no_pre_2014_contract,3,,unknown,last_observed_before_week17;missing_or_conflicting_source_status;no_pre_2014_contract;release_status_needs_dated_source
00-0027755,David Reed,WR,1987-03-22,corroborated,Utah; Pasadena College,IND,CUT,12,IND,historical_observation_only,,,,no_pre_2014_contract,3,,unknown,last_observed_before_week17;no_pre_2014_contract;release_status_needs_dated_source
00-0027756,Arthur Jones,DT,1986-06-03,corroborated,Syracuse,BAL,ACT,17,BAL,historical_observation_only,,2013,2013,estimated_not_verified,3,UFA,experience_estimate,
00-0027758,Riley Cooper,WR,1987-09-09,corroborated,Florida,PHI,ACT,18,PHI,historical_observation_only,,2010,2013,estimated_not_verified,3,UFA,experience_estimate,
00-0027759,Larry Asante,FS,1988-03-07,single_provider,Nebraska,IND,CUT,10,IND,historical_observation_only,,,,no_pre_2014_contract,3,,unknown,last_observed_before_week17;no_pre_2014_contract;release_status_needs_dated_source
00-0027762,Reshad Jones,FS,1988-02-25,corroborated,Georgia,MIA,ACT,17,MIA,historical_observation_only,,2013,2016,estimated_not_verified,3,,unknown,
00-0027763,Crezdon Butler,CB,1987-05-26,single_provider,Clemson,SD,ACT,19,SD,historical_observation_only,,,,no_pre_2014_contract,3,,unknown,no_pre_2014_contract
00-0027765,Stevenson Sylvester,ILB,1988-07-18,single_provider,Utah,PIT,ACT,17,PIT,historical_observation_only,,,,no_pre_2014_contract,3,,unknown,no_pre_2014_contract
00-0027768,Marshall Newhouse,T,1988-09-29,corroborated,TCU,GB,ACT,18,GB,historical_observation_only,,,,no_pre_2014_contract,3,,unknown,no_pre_2014_contract
00-0027770,Shann Schillinger,FS,1986-05-22,corroborated,Montana,TEN,CUT;TRC,13,TEN,historical_observation_only,,,,no_pre_2014_contract,3,,unknown,last_observed_before_week17;missing_or_conflicting_source_status;no_pre_2014_contract;release_status_needs_dated_source
00-0027772,Anthony Dixon,RB,1987-09-24,corroborated,Mississippi State,SF,ACT,20,SF,historical_observation_only,,,,no_pre_2014_contract,3,,unknown,no_pre_2014_contract
00-0027774,Greg Hardy,DE,1988-07-28,corroborated,Mississippi,CAR,ACT,19,CAR,historical_observation_only,,2010,2013,estimated_not_verified,3,UFA,verified_two_pass,
00-0027775,Rusty Smith,QB,1987-01-28,single_provider,Florida Atlantic,TEN,ACT,17,TEN,historical_observation_only,,,,no_pre_2014_contract,3,,unknown,no_pre_2014_contract
00-0027777,Arthur Moats,MLB,1988-03-14,corroborated,James Madison,BUF,ACT,17,BUF,historical_observation_only,,2010,2013,estimated_not_verified,3,UFA,experience_estimate,
00-0027778,Sam Young,G,1987-06-24,corroborated,Notre Dame,JAX,ACT;TRD,17,,real_jaguars_only,,,,no_pre_2014_contract,3,,unknown,missing_or_conflicting_source_status;no_pre_2014_contract;real_jaguars_move_not_applied;release_status_needs_dated_source
00-0027779,Deji Karim,RB,1986-11-18,single_provider,Southern Illinois; Northeast Oklahoma,HOU,RES,16,HOU,historical_observation_only,,,,no_pre_2014_contract,3,,unknown,last_observed_before_week17;no_pre_2014_contract
00-0027780,Nate Byham,TE,1988-06-27,corroborated,Pittsburgh,TB,RES,4,TB,historical_observation_only,,,,no_pre_2014_contract,3,,unknown,last_observed_before_week17;no_pre_2014_contract
00-0027781,Eric Olsen,G,1988-06-16,single_provider,Notre Dame,PIT,ACT;TRC,17,PIT,historical_observation_only,,,,no_pre_2014_contract,3,,unknown,missing_or_conflicting_source_status;no_pre_2014_contract;release_status_needs_dated_source
00-0027784,Clifton Geathers,DE,1987-12-11,corroborated,South Carolina,PHI,ACT,18,PHI,historical_observation_only,,,,no_pre_2014_contract,3,,unknown,no_pre_2014_contract
00-0027785,Shelley Smith,G,1987-05-21,corroborated,Colorado State,STL,ACT,17,STL,historical_observation_only,,2010,2013,estimated_not_verified,3,UFA,experience_estimate,
00-0027786,Jonathan Dwyer,RB,1989-07-26,single_provider,Georgia Tech,PIT,ACT,17,PIT,historical_observation_only,,,,no_pre_2014_contract,3,,unknown,no_pre_2014_contract
00-0027787,Eugene Sims,DE,1986-03-18,corroborated,West Texas State; Jones County JC,STL,ACT,17,STL,historical_observation_only,,2013,2015,estimated_not_verified,3,,unknown,
00-0027791,James Starks,RB,1986-02-25,corroborated,Buffalo,GB,ACT,18,GB,historical_observation_only,,2010,2013,estimated_not_verified,3,UFA,experience_estimate,
00-0027793,Antonio Brown,WR,1988-07-10,corroborated,Central Michigan,PIT,ACT,17,PIT,historical_observation_only,,2012,2016,estimated_not_verified,3,,unknown,
00-0027796,Joe Webb,WR,1986-11-14,corroborated,UAB,MIN,ACT,17,MIN,historical_observation_only,,2010,2013,estimated_not_verified,3,UFA,experience_estimate,
00-0027799,Jordan Pugh,FS,1988-01-29,corroborated,Texas A&M,NO,ACT;TRD,19,NO,historical_observation_only,,,,no_pre_2014_contract,3,,unknown,missing_or_conflicting_source_status;no_pre_2014_contract;release_status_needs_dated_source
00-0027803,Thomas Welch,T,1987-06-19,corroborated,Vanderbilt,BUF,ACT,17,BUF,historical_observation_only,,,,no_pre_2014_contract,3,,unknown,no_pre_2014_contract
00-0027807,Chris McCoy,DE,1986-11-25,single_provider,Middle Tennessee State,JAX,DEV;TRD,1,,real_jaguars_only,,,,no_pre_2014_contract,3,,unknown,last_observed_before_week17;missing_or_conflicting_source_status;no_pre_2014_contract;real_jaguars_move_not_applied;release_status_needs_dated_source
00-0027808,Willie Young,DE,1985-09-19,corroborated,N.C. State,DET,ACT,17,DET,historical_observation_only,,2013,2013,estimated_not_verified,3,UFA,experience_estimate,
00-0027812,Dekoda Watson,OLB,1988-03-03,corroborated,Florida State,TB,ACT,17,TB,historical_observation_only,,2010,2013,estimated_not_verified,3,UFA,experience_estimate,
00-0027814,Jamar Chaney,OLB,1986-10-11,single_provider,Mississippi State,ATL,CUT,7,ATL,historical_observation_only,,,,no_pre_2014_contract,3,,unknown,last_observed_before_week17;no_pre_2014_contract;release_status_needs_dated_source
00-0027817,R.J. Stanford,CB,1988-05-06,corroborated,Utah,MIA,RES,14,MIA,historical_observation_only,,,,no_pre_2014_contract,3,,unknown,last_observed_before_week17;no_pre_2014_contract
00-0027818,George Selvie,DE,1987-03-06,corroborated,University of South Florida,DAL,ACT,17,DAL,historical_observation_only,,,,no_pre_2014_contract,3,,unknown,no_pre_2014_contract
00-0027819,Dorin Dickerson,TE,1988-03-31,single_provider,Pittsburgh,DET,RES,16,DET,historical_observation_only,,,,no_pre_2014_contract,3,,unknown,last_observed_before_week17;no_pre_2014_contract
00-0027822,C.J. Wilson,DE,1987-03-30,corroborated,East Carolina,GB,ACT,18,JAX,jacksonville_control,Active 53,,,branch_register_controls,3,,branch_register_controls,
00-0027825,Jim Dray,TE,1986-12-31,corroborated,Stanford,ARI,ACT,17,ARI,historical_observation_only,,,,no_pre_2014_contract,3,,unknown,no_pre_2014_contract
00-0027826,Sean Lissemore,DE,1987-09-11,corroborated,William & Mary,SD,ACT,19,SD,historical_observation_only,,,,no_matching_club_contract,3,,unknown,no_matching_club_contract
00-0027829,Ricardo Mathews,DE,1987-07-30,corroborated,Cincinnati,IND,ACT,19,IND,historical_observation_only,,,,no_pre_2014_contract,3,,unknown,no_pre_2014_contract
00-0027831,Kavell Conner,ILB,1987-02-23,corroborated,Clemson,IND,ACT,19,IND,historical_observation_only,,,,no_pre_2014_contract,3,,unknown,no_pre_2014_contract
00-0027835,Kurt Coleman,FS,1988-07-01,reviewed_source_conflict,Ohio State,PHI,ACT,18,PHI,historical_observation_only,,2010,2013,estimated_not_verified,3,UFA,experience_estimate,
00-0027838,Brandon Deaderick,DT,1987-08-19,single_provider,Alabama,JAX,RES,16,,real_jaguars_only,,,,no_pre_2014_contract,3,,unknown,last_observed_before_week17;no_pre_2014_contract;real_jaguars_move_not_applied
00-0027840,Robert McClain,CB,1988-07-22,corroborated,Connecticut,ATL,ACT,17,ATL,historical_observation_only,,,,no_pre_2014_contract,3,,unknown,no_pre_2014_contract
00-0027842,Stevie Brown,FS,1987-07-17,single_provider,Michigan,,,,,historical_observation_only,,,,club_unresolved,,,unknown,club_unresolved;missing_or_conflicting_source_status;no_2013_roster_observation;placement_unknown
00-0027843,Austin Spitler,MLB,1986-10-26,single_provider,Ohio State,MIA,ACT,17,MIA,historical_observation_only,,,,no_pre_2014_contract,3,,unknown,no_pre_2014_contract
00-0027844,Erik Lorig,FB,1986-11-17,single_provider,Stanford,TB,ACT,17,TB,historical_observation_only,,,,no_pre_2014_contract,3,,unknown,no_pre_2014_contract
00-0027845,Josh Hull,MLB,1987-05-21,single_provider,Penn State,WAS,ACT,17,WAS,historical_observation_only,,,,no_pre_2014_contract,3,,unknown,no_pre_2014_contract
00-0027853,Teddy Williams,WR,1988-07-03,single_provider,Texas-San Antonio,ARI,RES,11,ARI,historical_observation_only,,,,no_pre_2014_contract,3,,unknown,last_observed_before_week17;no_pre_2014_contract
00-0027854,Sam Bradford,QB,1987-11-08,corroborated,Oklahoma,STL,RES,7,STL,historical_observation_only,,2010,2014,estimated_not_verified,3,,unknown,last_observed_before_week17
00-0027855,Ndamukong Suh,DT,1987-01-06,corroborated,Nebraska,DET,ACT,17,DET,historical_observation_only,,2010,2014,estimated_not_verified,3,,unknown,
00-0027856,Gerald McCoy,DT,1988-02-25,corroborated,Oklahoma,TB,ACT,17,TB,historical_observation_only,,2010,2014,estimated_not_verified,3,,unknown,
00-0027857,Trent Williams,T,1988-07-19,corroborated,Oklahoma,WAS,ACT,17,WAS,historical_observation_only,,2010,2015,estimated_not_verified,3,,unknown,
00-0027858,Eric Berry,SS,1988-12-29,corroborated,Tennessee,KC,ACT,18,KC,historical_observation_only,,2010,2015,estimated_not_verified,3,,unknown,
00-0027859,Russell Okung,T,1988-10-07,corroborated,Oklahoma State,SEA,ACT,21,SEA,historical_observation_only,,2010,2015,estimated_not_verified,3,,unknown,
00-0027860,Joe Haden,CB,1989-04-14,corroborated,Florida,CLE,ACT,17,CLE,historical_observation_only,,2010,2014,estimated_not_verified,3,,unknown,
00-0027861,C.J. Spiller,RB,1987-08-05,corroborated,Clemson,BUF,ACT,17,BUF,historical_observation_only,,2010,2014,estimated_not_verified,3,,unknown,
00-0027862,Tyson Alualu,DT,1987-05-12,corroborated,California,JAX,ACT,17,JAX,jacksonville_control,Active 53,,,branch_register_controls,3,,branch_register_controls,
00-0027863,Anthony Davis,T,1989-10-11,corroborated,Rutgers,SF,ACT,20,SF,historical_observation_only,,2013,2017,estimated_not_verified,3,,unknown,
00-0027864,Ryan Mathews,RB,1987-10-10,corroborated,Fresno State,SD,ACT,19,SD,historical_observation_only,,2010,2014,estimated_not_verified,3,,unknown,
00-0027865,Brandon Graham,OLB,1988-04-03,corroborated,Michigan,PHI,ACT,18,PHI,historical_observation_only,,2010,2014,estimated_not_verified,3,,unknown,
00-0027866,Earl Thomas,FS,1989-05-07,corroborated,Texas,SEA,ACT,21,SEA,historical_observation_only,,2010,2014,estimated_not_verified,3,,unknown,
00-0027867,Jason Pierre-Paul,DE,1989-01-01,corroborated,University of South Florida; Fort Scott CC; College of the Canyons,NYG,ACT,17,NYG,historical_observation_only,,2010,2014,estimated_not_verified,3,,unknown,
00-0027868,Derrick Morgan,DE,1989-01-06,corroborated,Georgia Tech,TEN,ACT,17,TEN,historical_observation_only,,2010,2014,estimated_not_verified,3,,unknown,
00-0027869,Mike Iupati,G,1987-05-12,corroborated,Idaho,SF,ACT,20,SF,historical_observation_only,,2010,2014,estimated_not_verified,3,,unknown,
00-0027870,Maurkice Pouncey,C,1989-07-24,corroborated,Florida,PIT,RES,1,PIT,historical_observation_only,,2010,2014,estimated_not_verified,3,,unknown,last_observed_before_week17
00-0027871,Sean Weatherspoon,OLB,1987-12-29,corroborated,Missouri,ATL,ACT,17,ATL,historical_observation_only,,2010,2014,estimated_not_verified,3,,unknown,
00-0027872,Kareem Jackson,CB,1988-04-10,corroborated,Alabama,HOU,ACT,17,HOU,historical_observation_only,,2010,2014,estimated_not_verified,3,,unknown,
00-0027873,Jermaine Gresham,TE,1988-06-16,corroborated,Oklahoma,CIN,ACT,18,CIN,historical_observation_only,,2010,2014,estimated_not_verified,3,,unknown,
00-0027874,Demaryius Thomas,WR,1987-12-25,corroborated,Georgia Tech,DEN,ACT,21,DEN,historical_observation_only,,2010,2014,estimated_not_verified,3,,unknown,
00-0027875,Bryan Bulaga,OT,1989-03-21,single_provider,Iowa,,,,,historical_observation_only,,,,club_unresolved,,,unknown,club_unresolved;missing_or_conflicting_source_status;no_2013_roster_observation;placement_unknown
00-0027877,Dan Williams,NT,1987-06-01,corroborated,Tennessee,ARI,ACT,17,ARI,historical_observation_only,,2010,2014,estimated_not_verified,3,,unknown,
00-0027878,Jared Odrick,DT,1987-12-31,corroborated,Penn State,MIA,ACT,17,MIA,historical_observation_only,,2010,2014,estimated_not_verified,3,,unknown,
00-0027879,Kyle Wilson,CB,1987-09-08,corroborated,Boise State,NYJ,ACT,17,NYJ,historical_observation_only,,2010,2014,estimated_not_verified,3,,unknown,
00-0027881,Jerry Hughes,DE,1988-08-13,reviewed_source_conflict,TCU,BUF,ACT,17,BUF,historical_observation_only,,2010,2014,estimated_not_verified,3,,unknown,
00-0027882,Patrick Robinson,CB,1987-09-07,corroborated,Florida State,NO,RES,2,NO,historical_observation_only,,2010,2014,estimated_not_verified,3,,unknown,last_observed_before_week17
00-0027883,Koa Misi,OLB,1987-01-17,corroborated,Utah; Santa Rosa,MIA,ACT,17,MIA,historical_observation_only,,2013,2016,estimated_not_verified,3,,unknown,
00-0027885,Linval Joseph,DT,1988-10-10,corroborated,East Carolina,NYG,ACT,17,NYG,historical_observation_only,,2010,2013,estimated_not_verified,3,UFA,experience_estimate,
00-0027886,Daryl Washington,ILB,1986-10-09,single_provider,TCU,ARI,ACT,17,ARI,historical_observation_only,,2012,2015,estimated_not_verified,3,,unknown,
00-0027887,Taylor Mays,SS,1988-02-07,corroborated,USC,CIN,RES,8,CIN,historical_observation_only,,,,no_pre_2014_contract,3,,unknown,last_observed_before_week17;no_pre_2014_contract
00-0027888,Toby Gerhart,RB,1987-03-28,corroborated,Stanford,MIN,ACT,17,MIN,historical_observation_only,,2010,2013,estimated_not_verified,3,UFA,experience_estimate,
00-0027889,Jason Worilds,OLB,1988-03-03,corroborated,Virginia Tech,PIT,ACT,17,PIT,historical_observation_only,,2010,2013,estimated_not_verified,3,UFA,experience_estimate,
00-0027890,Ben Tate,RB,1988-08-21,corroborated,Auburn,HOU,RES,15,HOU,historical_observation_only,,,,no_pre_2014_contract,3,,unknown,last_observed_before_week17;no_pre_2014_contract
00-0027891,Golden Tate,WR,1988-08-02,corroborated,Notre Dame,SEA,ACT,21,SEA,historical_observation_only,,,,no_pre_2014_contract,3,UFA,verified_two_pass,no_pre_2014_contract
00-0027892,Pat Angerer,ILB,1987-01-31,corroborated,Iowa,IND,RES,15,IND,historical_observation_only,,,,missing_otc_id,3,,unknown,last_observed_before_week17;missing_otc_id
00-0027893,Damian Williams,WR,1988-05-26,corroborated,USC; Arkansas,TEN,ACT,17,TEN,historical_observation_only,,,,no_pre_2014_contract,3,,unknown,no_pre_2014_contract
00-0027894,Navorro Bowman,ILB,1988-05-28,corroborated,Penn State,SF,ACT,20,SF,historical_observation_only,,2012,2016,estimated_not_verified,3,,unknown,
00-0027902,Dez Bryant,WR,1988-11-04,corroborated,Oklahoma State,DAL,ACT,17,DAL,historical_observation_only,,2010,2014,estimated_not_verified,3,,unknown,
00-0027904,Rolando McClain,MLB,1989-07-14,single_provider,Alabama,,,,,historical_observation_only,,,,club_unresolved,,,unknown,club_unresolved;missing_or_conflicting_source_status;no_2013_roster_observation;placement_unknown
00-0027905,Will Tukuafu,RB,1984-01-03,corroborated,Oregon; Scottsdale CC; Mesa CC,SF,ACT,20,SF,historical_observation_only,,,,no_pre_2014_contract,3,,unknown,no_pre_2014_contract
00-0027914,Andrew Sendejo,FS,1987-09-09,corroborated,Rice,MIN,ACT,17,MIN,historical_observation_only,,,,ambiguous_same_year_terms,3,,unknown,ambiguous_same_year_terms
00-0027915,Isaiah Trufant,CB,1982-12-09,corroborated,Eastern Washington,NYJ,ACT,17,NYJ,historical_observation_only,,,,no_pre_2014_contract,3,,unknown,no_pre_2014_contract
00-0027917,Tyler Clutts,FB,1984-11-09,single_provider,Fresno State,DAL,ACT;TRC,17,DAL,historical_observation_only,,,,no_pre_2014_contract,5,,unknown,missing_or_conflicting_source_status;no_pre_2014_contract;release_status_needs_dated_source
00-0027918,Andrew Hawkins,WR,1986-03-10,single_provider,Toledo,CIN,ACT,18,CIN,historical_observation_only,,2013,2013,estimated_not_verified,2,RFA,verified_two_pass,
00-0027925,James Develin,RB,1988-07-23,corroborated,Brown,NE,ACT,20,NE,historical_observation_only,,,,no_pre_2014_contract,3,,unknown,no_pre_2014_contract
00-0027939,Cam Newton,QB,1989-05-11,corroborated,Auburn; Blinn College; Florida,CAR,ACT,19,CAR,historical_observation_only,,2011,2014,estimated_not_verified,2,,unknown,
00-0027940,Von Miller,OLB,1989-03-26,single_provider,Texas A&M,DEN,RES,16,DEN,historical_observation_only,,2011,2015,estimated_not_verified,2,,unknown,last_observed_before_week17
00-0027941,Marcell Dareus,DT,1990-03-13,corroborated,Alabama,BUF,ACT,17,BUF,historical_observation_only,,2011,2015,estimated_not_verified,2,,unknown,
00-0027942,A.J. Green,WR,1988-07-31,corroborated,Georgia,CIN,ACT,18,CIN,historical_observation_only,,2011,2015,estimated_not_verified,2,,unknown,
00-0027943,Patrick Peterson,CB,1990-07-11,corroborated,LSU,ARI,ACT,17,ARI,historical_observation_only,,2011,2015,estimated_not_verified,2,,unknown,
00-0027944,Julio Jones,WR,1989-02-08,corroborated,Alabama,ATL,RES,5,ATL,historical_observation_only,,2011,2014,estimated_not_verified,2,,unknown,last_observed_before_week17
00-0027945,Aldon Smith,OLB,1989-09-25,corroborated,Missouri,SF,ACT,20,SF,historical_observation_only,,2011,2014,estimated_not_verified,2,,unknown,
00-0027946,Jake Locker,QB,1988-06-15,corroborated,Washington,TEN,RES,10,TEN,historical_observation_only,,2011,2014,estimated_not_verified,2,,unknown,last_observed_before_week17
00-0027947,Tyron Smith,T,1990-12-12,corroborated,USC,DAL,ACT,17,DAL,historical_observation_only,,2011,2015,estimated_not_verified,2,,unknown,
00-0027948,Blaine Gabbert,QB,1989-10-15,corroborated,Missouri,JAX,ACT,17,GB,existing_branch_placement,,2011,2014,estimated_not_verified,2,,unknown,branch_contract_review
00-0027949,J.J. Watt,DE,1989-03-22,corroborated,Wisconsin; Central Michigan,HOU,ACT,17,HOU,historical_observation_only,,2011,2014,estimated_not_verified,2,,unknown,
00-0027950,Christian Ponder,QB,1988-02-25,corroborated,Florida State,MIN,ACT,17,MIN,historical_observation_only,,2011,2014,estimated_not_verified,2,,unknown,
00-0027951,Nick Fairley,DT,1988-01-23,corroborated,Auburn; Copiah-Lincoln Junior College,DET,ACT,17,DET,historical_observation_only,,2011,2014,estimated_not_verified,2,,unknown,
00-0027952,Robert Quinn,DE,1990-05-18,corroborated,North Carolina,STL,ACT,17,STL,historical_observation_only,,2011,2015,estimated_not_verified,2,,unknown,
00-0027953,Mike Pouncey,C,1989-07-24,corroborated,Florida,MIA,ACT,17,MIA,historical_observation_only,,2011,2015,estimated_not_verified,2,,unknown,
00-0027954,Ryan Kerrigan,OLB,1988-08-16,corroborated,Purdue,WAS,ACT,17,WAS,historical_observation_only,,2011,2015,estimated_not_verified,2,,unknown,
00-0027955,Nate Solder,T,1988-04-12,corroborated,Colorado,NE,ACT,20,NE,historical_observation_only,,2011,2015,estimated_not_verified,2,,unknown,
00-0027956,Corey Liuget,DE,1990-03-18,corroborated,Illinois,SD,ACT,19,SD,historical_observation_only,,2011,2015,estimated_not_verified,2,,unknown,
00-0027957,Prince Amukamara,CB,1989-06-06,corroborated,Nebraska,NYG,ACT,17,NYG,historical_observation_only,,2011,2015,estimated_not_verified,2,,unknown,
00-0027958,Adrian Clayborn,DE,1988-07-06,corroborated,Iowa,TB,ACT,17,TB,historical_observation_only,,2011,2014,estimated_not_verified,2,,unknown,
00-0027959,Phillip Taylor,NT,1988-04-07,corroborated,Baylor; Penn State,CLE,ACT,17,CLE,historical_observation_only,,2011,2015,estimated_not_verified,2,,unknown,
00-0027960,Anthony Castonzo,T,1988-08-09,corroborated,Boston College,IND,ACT,19,IND,historical_observation_only,,2011,2015,estimated_not_verified,2,,unknown,
00-0027961,Danny Watkins,G,1984-11-06,single_provider,Baylor; Butte College,MIA,ACT,17,MIA,historical_observation_only,,2013,2013,estimated_not_verified,2,RFA,experience_estimate,
00-0027962,Cameron Jordan,DE,1989-07-10,corroborated,California,NO,ACT,19,NO,historical_observation_only,,2011,2014,estimated_not_verified,2,,unknown,
00-0027963,James Carpenter,G,1989-03-22,corroborated,Alabama; Coffeyville CC,SEA,ACT,21,SEA,historical_observation_only,,2011,2014,estimated_not_verified,2,,unknown,
00-0027964,Jon Baldwin,WR,1989-08-10,corroborated,Pittsburgh,SF,ACT,20,SF,historical_observation_only,,2011,2014,estimated_not_verified,2,,unknown,
00-0027965,Jimmy Smith,CB,1988-07-26,corroborated,Colorado,BAL,ACT,17,BAL,historical_observation_only,,2011,2015,estimated_not_verified,2,,unknown,
00-0027966,Mark Ingram,RB,1989-12-21,corroborated,Alabama,NO,ACT,19,NO,historical_observation_only,,2011,2014,estimated_not_verified,2,,unknown,
00-0027967,Gabe Carimi,G,1988-06-13,corroborated,Wisconsin,TB,ACT,17,TB,historical_observation_only,,2011,2014,estimated_not_verified,2,,unknown,
00-0027968,Muhammad Wilkerson,DE,1989-10-22,corroborated,Temple,NYJ,ACT,17,NYJ,historical_observation_only,,2011,2015,estimated_not_verified,2,,unknown,
00-0027969,Cameron Heyward,DE,1989-05-06,corroborated,Ohio State,PIT,ACT,17,PIT,historical_observation_only,,2011,2015,estimated_not_verified,2,,unknown,
00-0027970,Derek Sherrod,T,1989-04-23,single_provider,Mississippi State,GB,ACT,18,GB,historical_observation_only,,2011,2014,estimated_not_verified,2,,unknown,
00-0027971,Ras-I Dowling,DB,1988-05-09,single_provider,Virginia,,,,,historical_observation_only,,,,club_unresolved,,,unknown,club_unresolved;missing_or_conflicting_source_status;no_2013_roster_observation;placement_unknown
00-0027972,Aaron Williams,CB,1990-04-23,corroborated,Texas,BUF,RES,16,BUF,historical_observation_only,,2011,2014,estimated_not_verified,2,,unknown,last_observed_before_week17
00-0027973,Andy Dalton,QB,1987-10-29,corroborated,TCU,CIN,ACT,18,CIN,historical_observation_only,,2011,2014,estimated_not_verified,2,,unknown,
00-0027974,Colin Kaepernick,QB,1987-11-03,corroborated,Nevada,SF,ACT,20,SF,historical_observation_only,,2011,2014,estimated_not_verified,2,,unknown,
00-0027975,Jabaal Sheard,OLB,1989-05-10,corroborated,Pittsburgh,CLE,ACT,17,CLE,historical_observation_only,,2011,2014,estimated_not_verified,2,,unknown,
00-0027976,Ryan Williams,RB,1990-04-09,corroborated,Virginia Tech,ARI,ACT,17,ARI,historical_observation_only,,2011,2014,estimated_not_verified,2,,unknown,
00-0027977,Akeem Ayers,OLB,1989-07-10,corroborated,UCLA,TEN,ACT,17,TEN,historical_observation_only,,2011,2014,estimated_not_verified,2,,unknown,
00-0027978,Bruce Carter,OLB,1988-02-19,corroborated,North Carolina,DAL,ACT,17,DAL,historical_observation_only,,2011,2014,estimated_not_verified,2,,unknown,
00-0027979,Jarvis Jenkins,DE,1988-04-24,single_provider,Clemson,WAS,ACT,17,WAS,historical_observation_only,,2011,2014,estimated_not_verified,2,,unknown,
00-0027980,Brooks Reed,OLB,1987-02-28,corroborated,Arizona,HOU,ACT,17,HOU,historical_observation_only,,2011,2014,estimated_not_verified,2,,unknown,
00-0027981,Kyle Rudolph,TE,1989-11-09,corroborated,Notre Dame,MIN,RES,14,MIN,historical_observation_only,,2011,2014,estimated_not_verified,2,,unknown,last_observed_before_week17
00-0027982,Titus Young,WR,1989-08-21,single_provider,Boise State,,,,,historical_observation_only,,,,club_unresolved,,,unknown,club_unresolved;missing_or_conflicting_source_status;no_2013_roster_observation;placement_unknown
00-0027983,Rahim Moore,FS,1990-02-11,corroborated,UCLA,DEN,RSR,11,DEN,historical_observation_only,,2011,2014,estimated_not_verified,2,,unknown,last_observed_before_week17;release_status_needs_dated_source
00-0027984,Orlando Franklin,T,1987-12-16,corroborated,Miami,DEN,ACT,21,DEN,historical_observation_only,,2011,2014,estimated_not_verified,2,,unknown,
00-0027985,Lance Kendricks,TE,1988-01-30,corroborated,Wisconsin,STL,ACT,17,STL,historical_observation_only,,2011,2014,estimated_not_verified,2,,unknown,
00-0027986,Stefen Wisniewski,C,1989-03-22,corroborated,Penn State,OAK,ACT,17,OAK,historical_observation_only,,2011,2014,estimated_not_verified,2,,unknown,
00-0027987,Ben Ijalana,T,1989-08-06,single_provider,Villanova,NYJ,ACT,17,NYJ,historical_observation_only,,2011,2014,estimated_not_verified,2,,unknown,
00-0027988,Marcus Gilchrist,SS,1988-12-08,corroborated,Clemson,SD,ACT,19,SD,historical_observation_only,,2011,2014,estimated_not_verified,2,,unknown,
00-0027989,Da'Quan Bowers,DE,1990-02-23,corroborated,Clemson,TB,RES,16,TB,historical_observation_only,,2011,2014,estimated_not_verified,2,,unknown,last_observed_before_week17
00-0027990,Marvin Austin,DT,1989-01-10,single_provider,North Carolina,DAL,CUT;TRC,9,DAL,historical_observation_only,,2013,2013,estimated_not_verified,2,RFA,experience_estimate,last_observed_before_week17;missing_or_conflicting_source_status;release_status_needs_dated_source
00-0027991,Stephen Paea,NT,1988-05-11,corroborated,Oregon State; Snow,CHI,ACT,17,CHI,historical_observation_only,,2011,2014,estimated_not_verified,2,,unknown,
00-0027992,Jaiquawn Jarrett,FS,1989-09-21,corroborated,Temple,NYJ,ACT,17,NYJ,historical_observation_only,,2013,2014,estimated_not_verified,2,,unknown,
00-0027993,Rodney Hudson,C,1989-07-12,corroborated,Florida State,KC,ACT,18,KC,historical_observation_only,,2011,2014,estimated_not_verified,2,,unknown,
00-0027994,Shane Vereen,RB,1989-03-02,corroborated,California,NE,ACT,20,NE,historical_observation_only,,2011,2014,estimated_not_verified,2,,unknown,
00-0027995,Mikel Leshoure,RB,1990-03-30,corroborated,Illinois,DET,ACT,17,DET,historical_observation_only,,2011,2014,estimated_not_verified,2,,unknown,
00-0027996,Torrey Smith,WR,1989-01-26,corroborated,Maryland,BAL,ACT,17,BAL,historical_observation_only,,2011,2014,estimated_not_verified,2,,unknown,
00-0027997,Greg Little,WR,1989-05-30,corroborated,North Carolina,CLE,ACT,17,CLE,historical_observation_only,,2011,2014,estimated_not_verified,2,,unknown,
00-0027998,Brandon Harris,CB,1990-01-24,corroborated,Miami,HOU,ACT,17,HOU,historical_observation_only,,2011,2014,estimated_not_verified,2,,unknown,
00-0027999,Jonas Mouton,LB,1988-03-17,single_provider,Michigan,,,,,historical_observation_only,,,,club_unresolved,,,unknown,club_unresolved;missing_or_conflicting_source_status;no_2013_roster_observation;placement_unknown
00-0028000,Daniel Thomas,RB,1987-10-29,corroborated,Kansas State; Manhattan Christian Coll. KS (J.C.); Butler County JC; Northwest Mississippi CC,MIA,ACT,17,MIA,historical_observation_only,,2011,2014,estimated_not_verified,2,,unknown,
00-0028001,Marcus Gilbert,T,1988-02-15,corroborated,Florida,PIT,ACT,17,PIT,historical_observation_only,,2011,2014,estimated_not_verified,2,,unknown,
00-0028002,Randall Cobb,WR,1990-08-22,corroborated,Kentucky,GB,ACT,18,GB,historical_observation_only,,2011,2014,estimated_not_verified,2,,unknown,
00-0028003,Terrell McClain,DT,1988-07-20,corroborated,University of South Florida,HOU,ACT,17,HOU,historical_observation_only,,2012,2013,estimated_not_verified,2,RFA,experience_estimate,
00-0028004,Dontay Moch,OLB,1988-07-19,single_provider,Nevada,ARI,ACT,17,ARI,historical_observation_only,,2013,2014,estimated_not_verified,2,,unknown,
00-0028005,Nate Irving,OLB,1988-07-12,corroborated,N.C. State,DEN,ACT,21,DEN,historical_observation_only,,2011,2014,estimated_not_verified,2,,unknown,
00-0028006,Kelvin Sheppard,ILB,1988-01-02,corroborated,LSU,IND,ACT,19,IND,historical_observation_only,,2011,2014,estimated_not_verified,2,,unknown,
00-0028007,Rob Housler,TE,1988-03-17,corroborated,Florida Atlantic,ARI,ACT,17,ARI,historical_observation_only,,2011,2014,estimated_not_verified,2,,unknown,
00-0028008,Justin Houston,OLB,1989-01-21,corroborated,Georgia,KC,ACT,18,KC,historical_observation_only,,2011,2014,estimated_not_verified,2,,unknown,
00-0028009,DeMarco Murray,RB,1988-02-12,corroborated,Oklahoma,DAL,ACT,17,DAL,historical_observation_only,,2011,2014,estimated_not_verified,2,,unknown,
00-0028010,Martez Wilson,DE,1988-09-21,corroborated,Illinois,DAL,ACT;TRC;TRD,17,DAL,historical_observation_only,,,,no_matching_club_contract,2,,unknown,missing_or_conflicting_source_status;no_matching_club_contract;release_status_needs_dated_source
00-0028011,Stevan Ridley,RB,1989-01-27,corroborated,LSU,NE,ACT,20,NE,historical_observation_only,,2011,2014,estimated_not_verified,2,,unknown,
00-0028012,Ryan Mallett,QB,1988-06-05,corroborated,Arkansas; Michigan,NE,ACT,20,NE,historical_observation_only,,2011,2014,estimated_not_verified,2,,unknown,
00-0028013,John Moffitt,G,1986-10-28,corroborated,Wisconsin,DEN,NWT,9,DEN,historical_observation_only,,2011,2014,estimated_not_verified,2,,unknown,last_observed_before_week17;release_status_needs_dated_source
00-0028014,Will Rackley,G,1989-10-11,corroborated,Lehigh University,JAX,RES,15,JAX,jacksonville_control,Active 53,,,branch_register_controls,2,,branch_register_controls,last_observed_before_week17
00-0028015,Jurrell Casey,DT,1989-12-05,corroborated,USC,TEN,ACT,17,TEN,historical_observation_only,,2011,2014,estimated_not_verified,2,,unknown,
00-0028016,Austin Pettis,WR,1988-02-08,corroborated,Boise State,STL,ACT,17,STL,historical_observation_only,,2011,2014,estimated_not_verified,2,,unknown,
00-0028017,Leonard Hankerson,WR,1989-01-30,corroborated,Miami,WAS,RES,11,WAS,historical_observation_only,,2011,2014,estimated_not_verified,2,,unknown,last_observed_before_week17
00-0028018,Chris Culliver,DB,1988-08-17,single_provider,South Carolina,,,,,historical_observation_only,,,,club_unresolved,,,unknown,club_unresolved;missing_or_conflicting_source_status;no_2013_roster_observation;placement_unknown
00-0028019,DeMarcus Van Dyke,FS,1989-01-17,single_provider,Miami,PIT,CUT,13,PIT,historical_observation_only,,2013,2013,estimated_not_verified,2,RFA,experience_estimate,last_observed_before_week17;release_status_needs_dated_source
00-0028020,Vincent Brown,WR,1989-01-25,corroborated,San Diego State,SD,ACT,19,SD,historical_observation_only,,2011,2014,estimated_not_verified,2,,unknown,
00-0028021,Jerrel Jernigan,WR,1989-06-14,corroborated,Troy,NYG,ACT,17,NYG,historical_observation_only,,2011,2014,estimated_not_verified,2,,unknown,
00-0028022,Mason Foster,MLB,1989-03-01,corroborated,Washington,TB,ACT,17,TB,historical_observation_only,,2011,2014,estimated_not_verified,2,,unknown,
00-0028023,Jah Reid,G,1988-07-21,corroborated,UCF,BAL,ACT,17,BAL,historical_observation_only,,2011,2014,estimated_not_verified,2,,unknown,
00-0028024,Allen Bailey,DE,1989-03-25,corroborated,Miami,KC,ACT,18,KC,historical_observation_only,,2011,2014,estimated_not_verified,2,,unknown,
00-0028025,Drake Nevis,DT,1989-05-08,corroborated,LSU,JAX,ACT;TRC;TRD,17,,real_jaguars_only,,2013,2014,estimated_not_verified,2,,unknown,missing_or_conflicting_source_status;real_jaguars_move_not_applied;release_status_needs_dated_source
00-0028026,Johnny Patrick,CB,1988-08-17,corroborated,Louisville,SD,RES,15,SD,historical_observation_only,,,,no_matching_club_contract,2,,unknown,last_observed_before_week17;no_matching_club_contract
00-0028027,Shareece Wright,CB,1987-04-08,corroborated,USC,SD,ACT,19,SD,historical_observation_only,,2011,2014,estimated_not_verified,2,,unknown,
00-0028028,Curtis Marsh,CB,1988-03-01,single_provider,Utah State,PHI,ACT;TRC,18,PHI,historical_observation_only,,2013,2014,estimated_not_verified,2,,unknown,missing_or_conflicting_source_status;release_status_needs_dated_source
00-0028029,Akeem Dent,MLB,1987-09-27,corroborated,Georgia,ATL,ACT,17,ATL,historical_observation_only,,2011,2014,estimated_not_verified,2,,unknown,
00-0028030,Joe Barksdale,T,1989-01-04,corroborated,LSU,STL,ACT,17,STL,historical_observation_only,,,,no_matching_club_contract,2,,unknown,no_matching_club_contract
00-0028031,Chris Conte,FS,1989-02-23,corroborated,California,CHI,ACT,17,CHI,historical_observation_only,,2011,2014,estimated_not_verified,2,,unknown,
00-0028032,Kenrick Ellis,DT,1987-12-10,single_provider,Hampton; South Carolina,NYJ,ACT,17,NYJ,historical_observation_only,,2011,2014,estimated_not_verified,2,,unknown,
00-0028033,Curtis Brown,CB,1988-09-24,corroborated,Texas,PIT,RES,12,PIT,historical_observation_only,,2011,2014,estimated_not_verified,2,,unknown,last_observed_before_week17
00-0028034,Alex Green,RB,1988-06-23,corroborated,Hawaii; Butte College,NYJ,ACT,17,NYJ,historical_observation_only,,2011,2014,estimated_not_verified,2,,unknown,
00-0028035,Sione Fua,G,1988-06-15,single_provider,Stanford,DEN,ACT;TRC,21,DEN,historical_observation_only,,2013,2014,estimated_not_verified,2,,unknown,missing_or_conflicting_source_status;release_status_needs_dated_source
00-0028036,Brandon Hogan,CB,1988-04-01,single_provider,West Virginia,,,,,historical_observation_only,,,,club_unresolved,,,unknown,club_unresolved;missing_or_conflicting_source_status;no_2013_roster_observation;placement_unknown
00-0028037,K.J. Wright,OLB,1989-07-23,corroborated,Mississippi State,SEA,ACT,21,SEA,historical_observation_only,,2011,2014,estimated_not_verified,2,,unknown,
00-0028038,Da'Norris Searcy,FS,1988-11-16,corroborated,North Carolina,BUF,ACT,17,BUF,historical_observation_only,,2011,2014,estimated_not_verified,2,,unknown,
00-0028039,Clint Boling,G,1989-05-09,corroborated,Georgia,CIN,RES,13,CIN,historical_observation_only,,2011,2014,estimated_not_verified,2,,unknown,last_observed_before_week17
00-0028040,Jordan Cameron,TE,1988-08-07,corroborated,USC; Ventura; BYU,CLE,ACT,17,CLE,historical_observation_only,,2011,2014,estimated_not_verified,2,,unknown,
00-0028041,Sam Acho,OLB,1988-09-06,corroborated,Texas,ARI,RES,3,ARI,historical_observation_only,,2011,2014,estimated_not_verified,2,,unknown,last_observed_before_week17
00-0028042,Luke Stocker,TE,1988-07-17,reviewed_source_conflict,Tennessee,TB,RES,3,TB,historical_observation_only,,2011,2014,estimated_not_verified,2,,unknown,last_observed_before_week17
00-0028043,Roy Helu,RB,1988-12-07,corroborated,Nebraska,WAS,ACT,17,WAS,historical_observation_only,,2011,2014,estimated_not_verified,2,,unknown,
00-0028044,Christian Ballard,DE,1989-01-03,single_provider,Iowa,,,,,historical_observation_only,,,,club_unresolved,,,unknown,club_unresolved;missing_or_conflicting_source_status;no_2013_roster_observation;placement_unknown
00-0028045,Kris Durham,WR,1988-03-17,corroborated,Georgia,DET,ACT,17,DET,historical_observation_only,,2013,2013,estimated_not_verified,2,RFA,experience_estimate,
00-0028046,Quinton Carter,S,1988-07-20,single_provider,Oklahoma,,,,,historical_observation_only,,,,club_unresolved,,,unknown,club_unresolved;missing_or_conflicting_source_status;no_2013_roster_observation;placement_unknown
00-0028047,Colin McCarthy,MLB,1988-05-30,corroborated,Miami,TEN,ACT,17,TEN,historical_observation_only,,2011,2014,estimated_not_verified,2,,unknown,
00-0028048,David Arkin,G,1987-10-07,corroborated,Missouri State,MIA,ACT;TRC,17,MIA,historical_observation_only,,2013,2014,estimated_not_verified,2,,unknown,missing_or_conflicting_source_status;release_status_needs_dated_source
00-0028049,Edmond Gates,WR,1986-06-13,corroborated,Abilene Christian; Tyler JC,NYJ,RES,6,NYJ,historical_observation_only,,,,no_matching_club_contract,2,,unknown,last_observed_before_week17;no_matching_club_contract
00-0028050,Greg Salas,WR,1988-08-25,single_provider,Hawaii,NYJ,ACT;TRC,17,NYJ,historical_observation_only,,2013,2014,estimated_not_verified,2,,unknown,missing_or_conflicting_source_status;release_status_needs_dated_source
00-0028051,Chimdi Chekwa,CB,1988-01-07,corroborated,Ohio State,OAK,ACT,17,OAK,historical_observation_only,,2012,2014,estimated_not_verified,2,,unknown,
00-0028052,Cecil Shorts,WR,1987-12-22,corroborated,Mount Union College,JAX,RES,15,JAX,jacksonville_control,Active 53,,,branch_register_controls,2,,branch_register_controls,last_observed_before_week17
00-0028053,Kendall Hunter,RB,1988-09-16,corroborated,Oklahoma State,SF,ACT,20,SF,historical_observation_only,,2011,2014,estimated_not_verified,2,,unknown,
00-0028054,Casey Matthews,ILB,1989-01-16,corroborated,Oregon,PHI,ACT,18,PHI,historical_observation_only,,2011,2014,estimated_not_verified,2,,unknown,
00-0028055,James Brewer,G,1987-12-23,corroborated,Indiana,NYG,ACT,17,NYG,historical_observation_only,,2011,2014,estimated_not_verified,2,,unknown,
00-0028056,Jalil Brown,CB,1987-10-14,single_provider,Colorado,MIA,ACT;TRD,17,MIA,historical_observation_only,,2013,2014,estimated_not_verified,2,,unknown,missing_or_conflicting_source_status;release_status_needs_dated_source
00-0028057,Delone Carter,RB,1987-06-22,single_provider,Syracuse,JAX,ACT,17,,real_jaguars_only,,2013,2014,estimated_not_verified,2,,unknown,real_jaguars_move_not_applied
00-0028058,Alex Henery,K,1987-08-18,corroborated,Nebraska,PHI,ACT,18,PHI,historical_observation_only,,2011,2014,estimated_not_verified,2,,unknown,
00-0028059,Chris Prosinski,S,1987-04-28,corroborated,Wyoming,JAX,ACT,17,JAX,jacksonville_control,Active 53,,,branch_register_controls,2,,branch_register_controls,
00-0028060,Chris Hairston,OT,1989-04-26,single_provider,Clemson,,,,,historical_observation_only,,,,club_unresolved,,,unknown,club_unresolved;missing_or_conflicting_source_status;no_2013_roster_observation;placement_unknown
00-0028061,Tandon Doss,WR,1989-09-22,single_provider,Indiana,BAL,ACT,17,BAL,historical_observation_only,,2013,2013,estimated_not_verified,2,RFA,experience_estimate,
00-0028062,Owen Marecic,FB,1988-10-04,single_provider,Stanford,SF,CUT,4,SF,historical_observation_only,,2013,2013,estimated_not_verified,2,RFA,experience_estimate,last_observed_before_week17;release_status_needs_dated_source
00-0028063,Taiwan Jones,CB,1988-07-26,corroborated,Eastern Washington,OAK,ACT,17,OAK,historical_observation_only,,2011,2013,estimated_not_verified,2,RFA,experience_estimate,
00-0028064,Bilal Powell,RB,1988-10-27,corroborated,Louisville,NYJ,ACT,17,NYJ,historical_observation_only,,2011,2014,estimated_not_verified,2,,unknown,
00-0028065,Rashad Carmichael,CB,1988-09-09,single_provider,Virginia Tech,PHI,ACT;TRC,18,PHI,historical_observation_only,,2013,2014,estimated_not_verified,2,,unknown,missing_or_conflicting_source_status;release_status_needs_dated_source
00-0028066,Cortez Allen,CB,1988-10-29,corroborated,The Citadel,PIT,ACT,17,PIT,historical_observation_only,,2011,2014,estimated_not_verified,2,,unknown,
00-0028067,Julius Thomas,TE,1988-06-27,corroborated,Portland State,DEN,ACT,21,DEN,historical_observation_only,,2011,2014,estimated_not_verified,2,,unknown,
00-0028068,Jamie Harper,RB,1989-09-11,single_provider,Clemson,,,,,historical_observation_only,,,,club_unresolved,,,unknown,club_unresolved;missing_or_conflicting_source_status;no_2013_roster_observation;placement_unknown
00-0028069,Davon House,CB,1989-07-10,corroborated,New Mexico State,GB,ACT,18,GB,historical_observation_only,,2011,2014,estimated_not_verified,2,,unknown,
00-0028070,Kealoha Pilares,WR,1988-02-20,single_provider,Hawaii,,,,,historical_observation_only,,,,club_unresolved,,,unknown,club_unresolved;missing_or_conflicting_source_status;no_2013_roster_observation;placement_unknown
00-0028071,Johnny White,RB,1988-02-03,single_provider,North Carolina,,,,,historical_observation_only,,,,club_unresolved,,,unknown,club_unresolved;missing_or_conflicting_source_status;no_2013_roster_observation;placement_unknown
00-0028072,Robert Sands,DB,1989-11-03,single_provider,West Virginia,,,,,historical_observation_only,,,,club_unresolved,,,unknown,club_unresolved;missing_or_conflicting_source_status;no_2013_roster_observation;placement_unknown
00-0028073,Ricky Stanzi,QB,1987-09-03,single_provider,Iowa,JAX,ACT,17,,real_jaguars_only,,2013,2014,estimated_not_verified,2,,unknown,real_jaguars_move_not_applied
00-0028074,Anthony Sherman,FB,1988-12-11,corroborated,Connecticut,KC,ACT,18,KC,historical_observation_only,,2011,2014,estimated_not_verified,2,,unknown,
00-0028075,Buster Skrine,CB,1989-04-26,corroborated,Tennessee-Chattanooga,CLE,ACT,17,CLE,historical_observation_only,,2011,2014,estimated_not_verified,2,,unknown,
00-0028076,Marcus Cannon,T,1988-05-06,corroborated,TCU; Trinity Valley CC,NE,ACT,20,NE,historical_observation_only,,2011,2014,estimated_not_verified,2,,unknown,
00-0028077,Brandon Burton,CB,1989-07-31,corroborated,Utah,BUF,CUT,7,BUF,historical_observation_only,,2011,2014,estimated_not_verified,2,,unknown,last_observed_before_week17;release_status_needs_dated_source
00-0028078,Gabe Miller,LB,1987-12-05,single_provider,Oregon State,,,,,historical_observation_only,,,,club_unresolved,,,unknown,club_unresolved;missing_or_conflicting_source_status;no_2013_roster_observation;placement_unknown
00-0028079,D.J. Williams,TE,1988-09-10,single_provider,Arkansas,NE,ACT;TRD,20,NE,historical_observation_only,,2013,2013,estimated_not_verified,2,RFA,experience_estimate,missing_or_conflicting_source_status;release_status_needs_dated_source
00-0028080,Karl Klug,DE,1988-03-31,corroborated,Iowa,TEN,ACT,17,TEN,historical_observation_only,,2011,2014,estimated_not_verified,2,,unknown,
00-0028081,Josh Thomas,CB,1989-05-03,corroborated,Buffalo,CAR,ACT,19,CAR,historical_observation_only,,2011,2014,estimated_not_verified,2,,unknown,
00-0028082,Shiloh Keo,FS,1987-12-17,corroborated,Idaho,HOU,ACT,17,HOU,historical_observation_only,,,,ambiguous_same_year_terms,2,,unknown,ambiguous_same_year_terms
00-0028083,Jacquizz Rodgers,RB,1990-02-06,corroborated,Oregon State,ATL,ACT,17,ATL,historical_observation_only,,2011,2014,estimated_not_verified,2,,unknown,
00-0028084,DeJon Gomes,SS,1989-11-17,corroborated,Nebraska; City College (SF),DET,ACT,17,DET,historical_observation_only,,2011,2012,stale_contract,2,,unknown,stale_contract
00-0028085,Rod Issac,DB,1989-02-20,single_provider,Middle Tennessee State,,,,,historical_observation_only,,,,club_unresolved,,,unknown,club_unresolved;missing_or_conflicting_source_status;no_2013_roster_observation;placement_unknown
00-0028086,Denarius Moore,WR,1988-12-09,corroborated,Tennessee,OAK,ACT,17,OAK,historical_observation_only,,2011,2014,estimated_not_verified,2,,unknown,
00-0028087,Dion Lewis,RB,1990-09-27,single_provider,Pittsburgh,,,,,historical_observation_only,,,,club_unresolved,,,unknown,club_unresolved;missing_or_conflicting_source_status;no_2013_roster_observation;placement_unknown
00-0028088,Jason Pinkston,G,1987-09-05,single_provider,Pittsburgh,CLE,ACT,17,CLE,historical_observation_only,,2011,2014,estimated_not_verified,2,,unknown,
00-0028089,Ahmad Black,FS,1989-12-12,corroborated,Florida,TB,CUT,4,TB,historical_observation_only,,,,ambiguous_same_year_terms,2,,unknown,ambiguous_same_year_terms;last_observed_before_week17;release_status_needs_dated_source
00-0028090,T.J. Yates,QB,1987-05-28,corroborated,North Carolina,HOU,ACT,17,HOU,historical_observation_only,,2011,2014,estimated_not_verified,2,,unknown,
00-0028091,Jeremy Kerley,WR,1988-11-08,corroborated,TCU,NYJ,ACT,17,NYJ,historical_observation_only,,2011,2014,estimated_not_verified,2,,unknown,
00-0028092,Richard Sherman,CB,1988-03-30,corroborated,Stanford,SEA,ACT,21,SEA,historical_observation_only,,2011,2014,estimated_not_verified,2,,unknown,
00-0028093,Niles Paul,TE,1989-08-09,corroborated,Nebraska,WAS,ACT,17,WAS,historical_observation_only,,2011,2014,estimated_not_verified,2,,unknown,
00-0028094,Mark LeGree,DB,1989-07-08,single_provider,Appalachian State,,,,,historical_observation_only,,,,club_unresolved,,,unknown,club_unresolved;missing_or_conflicting_source_status;no_2013_roster_observation;placement_unknown
00-0028095,Doug Hogue,LB,1989-02-01,single_provider,Syracuse,,,,,historical_observation_only,,,,club_unresolved,,,unknown,club_unresolved;missing_or_conflicting_source_status;no_2013_roster_observation;placement_unknown
00-0028096,Jermale Hines,DB,1987-11-11,single_provider,Ohio State,,,,,historical_observation_only,,,,club_unresolved,,,unknown,club_unresolved;missing_or_conflicting_source_status;no_2013_roster_observation;placement_unknown
00-0028097,Lee Smith,TE,1987-11-21,corroborated,Marshall; Tennessee,BUF,ACT,17,BUF,historical_observation_only,,2011,2014,estimated_not_verified,2,,unknown,
00-0028098,Nathan Enderle,QB,1988-01-12,single_provider,Idaho,,,,,historical_observation_only,,,,club_unresolved,,,unknown,club_unresolved;missing_or_conflicting_source_status;no_2013_roster_observation;placement_unknown
00-0028099,Julian Vandervelde,G,1987-10-07,corroborated,Iowa,PHI,ACT,18,PHI,historical_observation_only,,2013,2014,estimated_not_verified,2,,unknown,
00-0028100,Chris Carter,OLB,1989-04-06,corroborated,Fresno State,PIT,ACT,17,PIT,historical_observation_only,,2011,2014,estimated_not_verified,2,,unknown,
00-0028101,Daniel Kilgore,C,1987-12-18,corroborated,Appalachian State,SF,ACT,20,SF,historical_observation_only,,2011,2014,estimated_not_verified,2,,unknown,
00-0028102,Chykie Brown,CB,1986-12-26,corroborated,Texas,BAL,ACT,17,BAL,historical_observation_only,,2011,2014,estimated_not_verified,2,,unknown,
00-0028103,Pernell McPhee,OLB,1988-12-17,corroborated,Mississippi State; Itawamba JC,BAL,ACT,17,BAL,historical_observation_only,,2011,2014,estimated_not_verified,2,,unknown,
00-0028104,Lawrence Wilson,LB,1987-11-16,single_provider,Connecticut,,,,,historical_observation_only,,,,club_unresolved,,,unknown,club_unresolved;missing_or_conflicting_source_status;no_2013_roster_observation;placement_unknown
00-0028105,Ryan Whalen,WR,1989-07-26,corroborated,Stanford,CIN,ACT,18,CIN,historical_observation_only,,2011,2014,estimated_not_verified,2,,unknown,
00-0028106,DeMarcus Love,T,1988-03-07,single_provider,Arkansas,JAX,DEV;TRC,9,,real_jaguars_only,,,,ambiguous_same_year_terms,2,,unknown,ambiguous_same_year_terms;last_observed_before_week17;missing_or_conflicting_source_status;real_jaguars_move_not_applied;release_status_needs_dated_source
00-0028107,Chris White,OLB,1989-01-15,corroborated,Mississippi State; Mississippi Gulf Coast CC,NE,ACT,20,NE,historical_observation_only,,2011,2014,estimated_not_verified,2,,unknown,
00-0028108,Mistral Raymond,SS,1987-09-07,corroborated,University of South Florida; Ellsworth CC,MIN,ACT,17,MIN,historical_observation_only,,2011,2014,estimated_not_verified,2,,unknown,
00-0028109,Quan Sturdivant,LB,1988-12-05,single_provider,North Carolina,,,,,historical_observation_only,,,,club_unresolved,,,unknown,club_unresolved;missing_or_conflicting_source_status;no_2013_roster_observation;placement_unknown
00-0028110,Brandon Fusco,G,1988-07-26,corroborated,Slippery Rock,MIN,ACT,17,MIN,historical_observation_only,,2011,2014,estimated_not_verified,2,,unknown,
00-0028111,Byron Maxwell,CB,1988-02-23,corroborated,Clemson,SEA,ACT,21,SEA,historical_observation_only,,2011,2014,estimated_not_verified,2,,unknown,
00-0028112,Charles Clay,TE,1989-02-13,corroborated,Tulsa,MIA,ACT,17,MIA,historical_observation_only,,2011,2014,estimated_not_verified,2,,unknown,
00-0028113,Byron Stingily,T,1988-09-09,corroborated,Louisville; Joliet Junior College,TEN,ACT,17,TEN,historical_observation_only,,2011,2014,estimated_not_verified,2,,unknown,
00-0028114,Dwayne Harris,WR,1987-09-16,corroborated,East Carolina,DAL,ACT,17,DAL,historical_observation_only,,,,ambiguous_same_year_terms,2,,unknown,ambiguous_same_year_terms
00-0028115,Evan Royster,RB,1987-11-26,corroborated,Penn State,WAS,RES,14,WAS,historical_observation_only,,,,ambiguous_same_year_terms,2,,unknown,ambiguous_same_year_terms;last_observed_before_week17
00-0028116,Aldrick Robinson,WR,1988-09-24,corroborated,SMU,WAS,ACT,17,WAS,historical_observation_only,,,,ambiguous_same_year_terms,2,,unknown,ambiguous_same_year_terms
00-0028117,Caleb Schlauderaff,C,1987-11-07,corroborated,Utah,NYJ,ACT,17,NYJ,historical_observation_only,,2011,2014,estimated_not_verified,2,,unknown,
00-0028118,Tyrod Taylor,QB,1989-08-03,corroborated,Virginia Tech,BAL,ACT,17,BAL,historical_observation_only,,2011,2014,estimated_not_verified,2,,unknown,
00-0028119,Richard Gordon,TE,1987-06-07,single_provider,Miami,KC,ACT;TRD,18,KC,historical_observation_only,,2013,2013,estimated_not_verified,2,RFA,experience_estimate,missing_or_conflicting_source_status;release_status_needs_dated_source
00-0028120,Ronald Johnson,WR,1988-08-03,single_provider,USC,,,,,historical_observation_only,,,,club_unresolved,,,unknown,club_unresolved;missing_or_conflicting_source_status;no_2013_roster_observation;placement_unknown
00-0028121,Jordan Todman,RB,1990-02-24,single_provider,Connecticut,JAX,ACT,17,,real_jaguars_only,,2012,2013,estimated_not_verified,2,,unknown,real_jaguars_move_not_applied
00-0028122,David Carter,NT,1987-12-10,single_provider,UCLA,DAL,CUT,6,DAL,historical_observation_only,,2013,2014,estimated_not_verified,2,,unknown,last_observed_before_week17;release_status_needs_dated_source
00-0028123,Greg K. Jones,LB,1988-10-05,single_provider,Michigan State,,,,,historical_observation_only,,,,club_unresolved,,,unknown,club_unresolved;missing_or_conflicting_source_status;no_2013_roster_observation;placement_unknown
00-0028124,D.J. Smith,ILB,1989-02-24,single_provider,Appalachian State,HOU,CUT,11,HOU,historical_observation_only,,2013,2014,estimated_not_verified,2,,unknown,last_observed_before_week17;release_status_needs_dated_source
00-0028125,Allen Bradford,LB,1988-08-31,corroborated,USC,NYG,ACT;TRD,17,NYG,historical_observation_only,,2012,2015,estimated_not_verified,2,,unknown,missing_or_conflicting_source_status;release_status_needs_dated_source
00-0028126,Chris Rucker,CB,1988-10-12,single_provider,Michigan State,,,,,historical_observation_only,,,,club_unresolved,,,unknown,club_unresolved;missing_or_conflicting_source_status;no_2013_roster_observation;placement_unknown
00-0028127,Mike Mohamed,OLB,1988-03-11,single_provider,California,HOU,ACT,17,HOU,historical_observation_only,,,,ambiguous_same_year_terms,2,,unknown,ambiguous_same_year_terms
00-0028128,Colin Jones,FS,1987-10-27,corroborated,TCU,CAR,ACT,19,CAR,historical_observation_only,,2011,2014,estimated_not_verified,2,,unknown,
00-0028129,Jason Kelce,C,1987-11-05,corroborated,Cincinnati,PHI,ACT,18,PHI,historical_observation_only,,2011,2014,estimated_not_verified,2,,unknown,
00-0028130,Matt Bosher,P,1987-10-18,corroborated,Miami,ATL,ACT,17,ATL,historical_observation_only,,2011,2014,estimated_not_verified,2,,unknown,
00-0028131,Brian Rolle,LB,1988-11-20,single_provider,Ohio State,,,,,historical_observation_only,,,,club_unresolved,,,unknown,club_unresolved;missing_or_conflicting_source_status;no_2013_roster_observation;placement_unknown
00-0028132,Markell Carter,LB,1989-12-21,single_provider,Central Arkansas,,,,,historical_observation_only,,,,club_unresolved,,,unknown,club_unresolved;missing_or_conflicting_source_status;no_2013_roster_observation;placement_unknown
00-0028133,J.T. Thomas,OLB,1988-08-15,single_provider,West Virginia,JAX,ACT,17,,real_jaguars_only,,2011,2014,estimated_not_verified,2,,unknown,real_jaguars_move_not_applied
00-0028134,Keith Williams,G,1988-04-08,single_provider,Nebraska,,,,,historical_observation_only,,,,club_unresolved,,,unknown,club_unresolved;missing_or_conflicting_source_status;no_2013_roster_observation;placement_unknown
00-0028135,Ricky Elmore,LB,1988-02-01,single_provider,Arizona,,,,,historical_observation_only,,,,club_unresolved,,,unknown,club_unresolved;missing_or_conflicting_source_status;no_2013_roster_observation;placement_unknown
00-0028136,Tyler Sash,DB,1988-05-27,single_provider,Iowa,,,,,historical_observation_only,,,,club_unresolved,,,unknown,club_unresolved;missing_or_conflicting_source_status;no_2013_roster_observation;placement_unknown
00-0028137,Jerrell Powe,DT,1987-03-15,single_provider,Mississippi,KC,ACT,18,KC,historical_observation_only,,2013,2013,estimated_not_verified,2,RFA,experience_estimate,
00-0028139,Stephen Schilling,T,1988-07-21,single_provider,Michigan,SD,ACT,19,SD,historical_observation_only,,2013,2013,estimated_not_verified,2,RFA,experience_estimate,
00-0028140,Jacquian Williams,OLB,1988-07-20,corroborated,University of South Florida; Fort Scott CC,NYG,ACT,17,NYG,historical_observation_only,,2011,2014,estimated_not_verified,2,,unknown,
00-0028141,Zack Williams,C,1988-12-27,single_provider,Washington State; Glendale Community College,,,,,historical_observation_only,,,,club_unresolved,,,unknown,club_unresolved;missing_or_conflicting_source_status;no_2013_roster_observation;placement_unknown
00-0028142,Virgil Green,TE,1988-08-03,corroborated,Nevada,DEN,ACT,21,DEN,historical_observation_only,,2011,2014,estimated_not_verified,2,,unknown,
00-0028143,Lazarius Levingston,DE,1987-11-16,single_provider,LSU,,,,,historical_observation_only,,,,club_unresolved,,,unknown,club_unresolved;missing_or_conflicting_source_status;no_2013_roster_observation;placement_unknown
00-0028144,Justin Rogers,CB,1988-01-16,corroborated,Richmond,MIA,CUT;TRD;TRT,15,MIA,historical_observation_only,,2013,2013,estimated_not_verified,2,RFA,experience_estimate,last_observed_before_week17;missing_or_conflicting_source_status;release_status_needs_dated_source
00-0028145,Korey Lindsey,DB,1989-02-03,single_provider,Southern Illinois,,,,,historical_observation_only,,,,club_unresolved,,,unknown,club_unresolved;missing_or_conflicting_source_status;no_2013_roster_observation;placement_unknown
00-0028146,Greg McElroy,QB,1988-05-10,single_provider,Alabama,,,,,historical_observation_only,,,,club_unresolved,,,unknown,club_unresolved;missing_or_conflicting_source_status;no_2013_roster_observation;placement_unknown
00-0028147,Johnny Culbreath,OT,1988-05-18,single_provider,South Carolina State,,,,,historical_observation_only,,,,club_unresolved,,,unknown,club_unresolved;missing_or_conflicting_source_status;no_2013_roster_observation;placement_unknown
00-0028149,Bruce Miller,FB,1987-08-06,corroborated,UCF,SF,RES,15,SF,historical_observation_only,,2011,2014,estimated_not_verified,2,,unknown,last_observed_before_week17
00-0028150,Zach Clayton,DT,1988-01-01,single_provider,Auburn,,,,,historical_observation_only,,,,club_unresolved,,,unknown,club_unresolved;missing_or_conflicting_source_status;no_2013_roster_observation;placement_unknown
00-0028151,Brandyn Thompson,DB,1989-10-30,single_provider,Boise State,,,,,historical_observation_only,,,,club_unresolved,,,unknown,club_unresolved;missing_or_conflicting_source_status;no_2013_roster_observation;placement_unknown
00-0028152,Derek Newton,T,1987-11-16,corroborated,Arkansas State; Hinds CC,HOU,ACT,17,HOU,historical_observation_only,,2011,2014,estimated_not_verified,2,,unknown,
00-0028153,D'Aundre Reed,DE,1988-01-01,single_provider,Arizona,,,,,historical_observation_only,,,,club_unresolved,,,unknown,club_unresolved;missing_or_conflicting_source_status;no_2013_roster_observation;placement_unknown
00-0028154,Mikail Baker,DB,1987-06-19,single_provider,Baylor,,,,,historical_observation_only,,,,club_unresolved,,,unknown,club_unresolved;missing_or_conflicting_source_status;no_2013_roster_observation;placement_unknown
00-0028155,Maurice Hurt,G,1987-11-08,single_provider,Florida,,,,,historical_observation_only,,,,club_unresolved,,,unknown,club_unresolved;missing_or_conflicting_source_status;no_2013_roster_observation;placement_unknown
00-0028156,Ryan Taylor,TE,1987-11-16,corroborated,North Carolina,GB,ACT,18,GB,historical_observation_only,,2011,2014,estimated_not_verified,2,,unknown,
00-0028157,Malcolm Williams,DB,1987-11-22,single_provider,TCU; Trinity Valley CC,,,,,historical_observation_only,,,,club_unresolved,,,unknown,club_unresolved;missing_or_conflicting_source_status;no_2013_roster_observation;placement_unknown
00-0028158,Shaun Chapas,RB,1988-05-02,single_provider,Georgia,,,,,historical_observation_only,,,,club_unresolved,,,unknown,club_unresolved;missing_or_conflicting_source_status;no_2013_roster_observation;placement_unknown
00-0028159,Da'Rel Scott,RB,1988-05-26,corroborated,Maryland,NYG,RES,6,NYG,historical_observation_only,,2013,2013,estimated_not_verified,2,RFA,experience_estimate,last_observed_before_week17
00-0028160,Anthony Gaitor,DB,1988-10-09,single_provider,Florida International,,,,,historical_observation_only,,,,club_unresolved,,,unknown,club_unresolved;missing_or_conflicting_source_status;no_2013_roster_observation;placement_unknown
00-0028161,Shane Bannon,FB,1989-04-20,single_provider,Yale,,,,,historical_observation_only,,,,club_unresolved,,,unknown,club_unresolved;missing_or_conflicting_source_status;no_2013_roster_observation;placement_unknown
00-0028162,Markus White,LB,1987-11-25,single_provider,Florida State; Butler County JC,,,,,historical_observation_only,,,,club_unresolved,,,unknown,club_unresolved;missing_or_conflicting_source_status;no_2013_roster_observation;placement_unknown
00-0028163,Anthony Allen,RB,1988-08-06,single_provider,Georgia Tech; Louisville,,,,,historical_observation_only,,,,club_unresolved,,,unknown,club_unresolved;missing_or_conflicting_source_status;no_2013_roster_observation;placement_unknown
00-0028164,Greg Romeus,DE,1988-04-29,single_provider,Pittsburgh,,,,,historical_observation_only,,,,club_unresolved,,,unknown,club_unresolved;missing_or_conflicting_source_status;no_2013_roster_observation;placement_unknown
00-0028165,Scotty McKnight,WR,1988-02-11,single_provider,Colorado,,,,,historical_observation_only,,,,club_unresolved,,,unknown,club_unresolved;missing_or_conflicting_source_status;no_2013_roster_observation;placement_unknown
00-0028166,Jabara Williams,LB,1989-07-06,single_provider,Stephen F. Austin State,,,,,historical_observation_only,,,,club_unresolved,,,unknown,club_unresolved;missing_or_conflicting_source_status;no_2013_roster_observation;placement_unknown
00-0028167,Jonathan Nelson,S,1988-05-06,single_provider,Oklahoma,,,,,historical_observation_only,,,,club_unresolved,,,unknown,club_unresolved;missing_or_conflicting_source_status;no_2013_roster_observation;placement_unknown
00-0028168,Cliff Matthews,DE,1989-08-05,corroborated,South Carolina,ATL,ACT,17,ATL,historical_observation_only,,2011,2014,estimated_not_verified,2,,unknown,
00-0028169,Frank Kearse,DT,1988-10-28,single_provider,Alabama A&M,DAL,ACT;TRC,17,DAL,historical_observation_only,,2013,2014,estimated_not_verified,2,,unknown,missing_or_conflicting_source_status;release_status_needs_dated_source
00-0028170,Baron Batch,RB,1987-12-21,single_provider,Texas Tech,,,,,historical_observation_only,,,,club_unresolved,,,unknown,club_unresolved;missing_or_conflicting_source_status;no_2013_roster_observation;placement_unknown
00-0028171,Lawrence Guy,DE,1990-03-17,single_provider,Arizona State,SD,ACT;TRD,19,SD,historical_observation_only,,,,no_matching_club_contract,2,,unknown,missing_or_conflicting_source_status;no_matching_club_contract;release_status_needs_dated_source
00-0028172,Andrew Gachkar,ILB,1988-11-04,corroborated,Missouri,SD,ACT,19,SD,historical_observation_only,,2011,2014,estimated_not_verified,2,,unknown,
00-0028173,Jimmy Wilson,FS,1986-07-30,corroborated,Montana,MIA,ACT,17,MIA,historical_observation_only,,2011,2014,estimated_not_verified,2,,unknown,
00-0028174,Stephen Burton,WR,1989-12-11,single_provider,West Texas State; Long Beach City College,JAX,RES,14,,real_jaguars_only,,2011,2014,estimated_not_verified,2,,unknown,last_observed_before_week17;real_jaguars_move_not_applied
00-0028175,Greg Lloyd,LB,1989-02-10,single_provider,Connecticut,,,,,historical_observation_only,,,,club_unresolved,,,unknown,club_unresolved;missing_or_conflicting_source_status;no_2013_roster_observation;placement_unknown
00-0028176,Daniel Hardy,TE,1987-09-07,single_provider,Idaho,,,,,historical_observation_only,,,,club_unresolved,,,unknown,club_unresolved;missing_or_conflicting_source_status;no_2013_roster_observation;placement_unknown
00-0028177,Mike Person,T,1988-06-17,corroborated,Montana State,STL,ACT;TRT,17,STL,historical_observation_only,,,,no_matching_club_contract,2,,unknown,missing_or_conflicting_source_status;no_matching_club_contract;release_status_needs_dated_source
00-0028178,Stanley Havili,FB,1987-11-14,corroborated,USC,IND,ACT,19,IND,historical_observation_only,,2012,2014,estimated_not_verified,2,,unknown,
00-0028179,David Ausberry,TE,1987-09-25,corroborated,USC,OAK,RES,2,OAK,historical_observation_only,,2011,2014,estimated_not_verified,2,,unknown,last_observed_before_week17
00-0028180,Malcolm Smith,OLB,1989-07-05,corroborated,USC,SEA,ACT,21,SEA,historical_observation_only,,2011,2014,estimated_not_verified,2,,unknown,
00-0028181,Nate Bussey,LB,1989-02-20,single_provider,Illinois,,,,,historical_observation_only,,,,club_unresolved,,,unknown,club_unresolved;missing_or_conflicting_source_status;no_2013_roster_observation;placement_unknown
00-0028182,Lee Ziemba,OT,1989-03-29,single_provider,Auburn,,,,,historical_observation_only,,,,club_unresolved,,,unknown,club_unresolved;missing_or_conflicting_source_status;no_2013_roster_observation;placement_unknown
00-0028183,Michael Jasper,G,1986-10-08,single_provider,Bethel College (Tenn.); Middle Tennessee State; Tennessee-Martin,,,,,historical_observation_only,,,,club_unresolved,,,unknown,club_unresolved;missing_or_conflicting_source_status;no_2013_roster_observation;placement_unknown
00-0028184,Jay Finley,RB,1988-05-15,single_provider,Baylor,,,,,historical_observation_only,,,,club_unresolved,,,unknown,club_unresolved;missing_or_conflicting_source_status;no_2013_roster_observation;placement_unknown
00-0028185,Jeremy Beal,DE,1987-12-02,single_provider,Oklahoma,,,,,historical_observation_only,,,,club_unresolved,,,unknown,club_unresolved;missing_or_conflicting_source_status;no_2013_roster_observation;placement_unknown
00-0028186,Eric Hagg,FS,1989-09-15,single_provider,Nebraska,,,,,historical_observation_only,,,,club_unresolved,,,unknown,club_unresolved;missing_or_conflicting_source_status;no_2013_roster_observation;placement_unknown
00-0028187,DeMarco Sampson,WR,1985-12-19,single_provider,San Diego State,,,,,historical_observation_only,,,,club_unresolved,,,unknown,club_unresolved;missing_or_conflicting_source_status;no_2013_roster_observation;placement_unknown
00-0028189,Tommie Campbell,CB,1987-09-19,corroborated,California (PA); Pittsburgh; University of Edinboro,TEN,RES,11,TEN,historical_observation_only,,2011,2014,estimated_not_verified,2,,unknown,last_observed_before_week17
00-0028190,Bill Nagy,G,1987-10-26,single_provider,Wisconsin,,,,,historical_observation_only,,,,club_unresolved,,,unknown,club_unresolved;missing_or_conflicting_source_status;no_2013_roster_observation;placement_unknown
00-0028191,Chris Neild,NT,1987-12-01,corroborated,West Virginia,WAS,ACT,17,WAS,historical_observation_only,,2011,2014,estimated_not_verified,2,,unknown,
00-0028192,Cheta Ozougwu,DE,1988-11-18,single_provider,Rice,CHI,ACT,17,CHI,historical_observation_only,,,,ambiguous_same_year_terms,2,,unknown,ambiguous_same_year_terms
00-0028198,Matt Asiata,RB,1987-07-24,corroborated,Utah; Snow,MIN,ACT,17,MIN,historical_observation_only,,,,no_pre_2014_contract,2,,unknown,no_pre_2014_contract
00-0028201,Willie Smith,T,1986-11-13,single_provider,East Carolina,SD,ACT;TRT,19,SD,historical_observation_only,,,,no_matching_club_contract,2,,unknown,missing_or_conflicting_source_status;no_matching_club_contract;release_status_needs_dated_source
00-0028202,Shaun Draughn,RB,1987-12-07,single_provider,North Carolina,BAL,CUT,5,BAL,historical_observation_only,,,,no_pre_2014_contract,2,,unknown,last_observed_before_week17;no_pre_2014_contract;release_status_needs_dated_source
00-0028211,Mario Harvey,ILB,1987-08-10,corroborated,Marshall,IND,RES,13,IND,historical_observation_only,,,,no_pre_2014_contract,2,,unknown,last_observed_before_week17;no_pre_2014_contract
00-0028224,Chris Harris,CB,1989-06-18,corroborated,Kansas,DEN,RES,19,DEN,historical_observation_only,,2011,2013,estimated_not_verified,2,RFA,experience_estimate,
00-0028237,Chris Hogan,WR,1987-10-24,corroborated,Monmouth; Penn State,BUF,ACT,17,BUF,historical_observation_only,,,,ambiguous_same_year_terms,2,,unknown,ambiguous_same_year_terms
00-0028238,Konrad Reuland,TE,1987-04-04,corroborated,Stanford; Notre Dame,NYJ,RES,11,NYJ,historical_observation_only,,,,no_pre_2014_contract,2,,unknown,last_observed_before_week17;no_pre_2014_contract
00-0028240,Kenny Wiggins,T,1988-08-08,single_provider,Fresno State,SD,ACT,19,SD,historical_observation_only,,,,ambiguous_same_year_terms,2,,unknown,ambiguous_same_year_terms
00-0028241,Ian Williams,NT,1989-08-31,corroborated,Notre Dame,SF,RES,2,SF,historical_observation_only,,,,no_pre_2014_contract,2,,unknown,last_observed_before_week17;no_pre_2014_contract
00-0028249,Jeremy Ross,WR,1988-03-16,corroborated,California,DET,ACT;TRT,17,DET,historical_observation_only,,,,no_pre_2014_contract,2,,unknown,missing_or_conflicting_source_status;no_pre_2014_contract;release_status_needs_dated_source
00-0028251,Jeff Tarpinian,LB,1987-10-16,single_provider,Iowa,HOU,ACT;TRC,17,HOU,historical_observation_only,,,,no_matching_club_contract,2,,unknown,missing_or_conflicting_source_status;no_matching_club_contract;release_status_needs_dated_source
00-0028253,Will Yeatman,T,1988-04-10,corroborated,Maryland; Notre Dame,MIA,RES,10,MIA,historical_observation_only,,,,no_pre_2014_contract,2,,unknown,last_observed_before_week17;no_pre_2014_contract
00-0028256,Sealver Siliga,NT,1990-04-26,single_provider,Utah,NE,ACT;TRC,20,NE,historical_observation_only,,,,no_pre_2014_contract,2,,unknown,missing_or_conflicting_source_status;no_pre_2014_contract;release_status_needs_dated_source
00-0028260,Larry Dean,OLB,1988-08-07,corroborated,Valdosta State,MIN,ACT,17,MIN,historical_observation_only,,,,no_pre_2014_contract,2,,unknown,no_pre_2014_contract
00-0028263,Andre Holmes,WR,1988-06-16,single_provider,Hillsdale,OAK,ACT,17,OAK,historical_observation_only,,,,no_matching_club_contract,2,,unknown,no_matching_club_contract
00-0028267,Allen Reisner,TE,1988-09-29,corroborated,Iowa,JAX,ACT,17,JAX,jacksonville_control,Active 53,,,branch_register_controls,2,,branch_register_controls,
00-0028270,Weslye Saunders,TE,1989-01-16,single_provider,South Carolina,IND,ACT,19,IND,historical_observation_only,,,,no_matching_club_contract,2,,unknown,no_matching_club_contract
00-0028274,Tim Barnes,C,1988-05-14,corroborated,Missouri,STL,ACT,17,STL,historical_observation_only,,2013,2013,estimated_not_verified,2,RFA,experience_estimate,
00-0028278,Josh Bynes,ILB,1989-08-24,corroborated,Auburn,BAL,ACT,17,BAL,historical_observation_only,,2011,2013,estimated_not_verified,2,RFA,experience_estimate,
00-0028286,Josh Victorian,DB,1988-07-10,single_provider,Louisiana Tech,HOU,ACT,17,HOU,historical_observation_only,,,,no_pre_2014_contract,2,,unknown,no_pre_2014_contract
00-0028288,LaQuan Williams,WR,1988-06-27,single_provider,Maryland,NE,CUT,10,NE,historical_observation_only,,,,no_matching_club_contract,2,,unknown,last_observed_before_week17;no_matching_club_contract;release_status_needs_dated_source
00-0028292,Nick Bellore,ILB,1989-05-12,corroborated,Central Michigan,NYJ,ACT,17,NYJ,historical_observation_only,,,,no_pre_2014_contract,2,,unknown,no_pre_2014_contract
00-0028293,Michael Campbell,WR,1989-08-12,single_provider,Temple,NYJ,DEV,8,NYJ,historical_observation_only,,,,no_pre_2014_contract,2,,unknown,last_observed_before_week17;no_pre_2014_contract
00-0028307,D.J. Davis,WR,1989-01-04,corroborated,Oregon,ATL,ACT,17,ATL,historical_observation_only,,,,no_pre_2014_contract,2,,unknown,no_pre_2014_contract
00-0028309,Christian Yount,LS,1988-07-08,corroborated,UCLA,CLE,ACT,17,CLE,historical_observation_only,,,,no_pre_2014_contract,2,,unknown,no_pre_2014_contract
00-0028334,Darrin Walls,CB,1988-06-20,corroborated,Notre Dame,NYJ,ACT,17,NYJ,historical_observation_only,,,,no_matching_club_contract,2,,unknown,no_matching_club_contract
00-0028337,Kyle Adams,TE,1988-01-19,corroborated,Purdue,TB,ACT;TRD,17,TB,historical_observation_only,,,,no_matching_club_contract,2,,unknown,missing_or_conflicting_source_status;no_matching_club_contract;release_status_needs_dated_source
00-0028339,Mario Addison,DE,1987-09-06,corroborated,Troy; Booneville JC (MS),CAR,ACT,19,CAR,historical_observation_only,,2012,2014,estimated_not_verified,2,,unknown,
00-0028344,Dom DeCicco,LB,1988-09-11,single_provider,Pittsburgh,,,,,historical_observation_only,,,,club_unresolved,,,unknown,club_unresolved;missing_or_conflicting_source_status;no_2013_roster_observation;placement_unknown
00-0028345,Robert Hughes,RB,1989-06-21,single_provider,Notre Dame,IND,DEV;TRC,5,IND,historical_observation_only,,,,no_pre_2014_contract,2,,unknown,last_observed_before_week17;missing_or_conflicting_source_status;no_pre_2014_contract;release_status_needs_dated_source
00-0028347,Spencer Lanning,P,1988-05-21,corroborated,South Carolina,CLE,ACT,17,CLE,historical_observation_only,,,,no_pre_2014_contract,2,,unknown,no_pre_2014_contract
00-0028349,Jordan Miller,DT,1988-02-01,single_provider,Southern,JAX,ACT;TRD,17,,real_jaguars_only,,,,ambiguous_same_year_terms,2,,unknown,ambiguous_same_year_terms;missing_or_conflicting_source_status;real_jaguars_move_not_applied;release_status_needs_dated_source
00-0028352,Dane Sanzenbacher,WR,1988-10-13,corroborated,Ohio State,CIN,ACT,18,CIN,historical_observation_only,,,,no_matching_club_contract,2,,unknown,no_matching_club_contract
00-0028353,Andre Smith,TE,1988-09-26,corroborated,Virginia Tech,CLE,ACT;TRC,17,CLE,historical_observation_only,,2013,2014,estimated_not_verified,2,,unknown,missing_or_conflicting_source_status;release_status_needs_dated_source
00-0028357,Anthony Walters,SS,1988-09-19,corroborated,Delaware,CHI,ACT,17,CHI,historical_observation_only,,,,no_pre_2014_contract,2,,unknown,no_pre_2014_contract
00-0028359,McLeod Bethel-Thompson,QB,1988-07-03,corroborated,Sacramento State,SF,DEV;TRD,12,SF,historical_observation_only,,,,no_pre_2014_contract,2,,unknown,last_observed_before_week17;missing_or_conflicting_source_status;no_pre_2014_contract;release_status_needs_dated_source
00-0028362,Michael Preston,WR,1989-06-01,corroborated,Heidelberg College,TEN,ACT,17,TEN,historical_observation_only,,,,no_pre_2014_contract,2,,unknown,no_pre_2014_contract
00-0028368,Spencer Paysinger,OLB,1988-06-28,corroborated,Oregon,NYG,ACT,17,NYG,historical_observation_only,,,,no_pre_2014_contract,2,,unknown,no_pre_2014_contract
00-0028374,Kyle Nelson,LS,1986-10-03,single_provider,New Mexico State,WAS,ACT,17,WAS,historical_observation_only,,,,no_pre_2014_contract,2,,unknown,no_pre_2014_contract
00-0028381,Julian Posey,DB,1988-07-17,single_provider,Ohio,CLE,ACT,17,CLE,historical_observation_only,,,,no_pre_2014_contract,2,,unknown,no_pre_2014_contract
00-0028394,Jake McQuaide,LS,1987-12-07,reviewed_source_conflict,Ohio State,STL,ACT,17,STL,historical_observation_only,,2013,2016,estimated_not_verified,2,,unknown,
00-0028401,Cameron Bradfield,OT,1987-09-14,corroborated,Grand Valley,JAX,ACT,17,JAX,jacksonville_control,Active 53,,,branch_register_controls,2,,branch_register_controls,
00-0028410,T.J. Heath,DB,1987-09-11,single_provider,Jacksonville State,,,,,historical_observation_only,,,,club_unresolved,,,unknown,club_unresolved;missing_or_conflicting_source_status;no_2013_roster_observation;placement_unknown
00-0028411,Dontrelle Inman,WR,1989-01-31,single_provider,Virginia,,,,,historical_observation_only,,,,club_unresolved,,,unknown,club_unresolved;missing_or_conflicting_source_status;no_2013_roster_observation;placement_unknown
00-0028416,Richard Murphy,RB,1986-09-18,corroborated,LSU,,,,JAX,jacksonville_control,Practice squad,,,branch_register_controls,,,branch_register_controls,missing_or_conflicting_source_status;no_2013_roster_observation
00-0028420,Kevin Rutland,CB,1988-04-02,corroborated,Missouri,,,,JAX,jacksonville_control,Active 53,,,branch_register_controls,,,branch_register_controls,missing_or_conflicting_source_status;no_2013_roster_observation
00-0028424,Cedric Thornton,DE,1988-06-21,corroborated,Southern Arkansas,PHI,ACT,18,PHI,historical_observation_only,,,,ambiguous_same_year_terms,2,,unknown,ambiguous_same_year_terms
00-0028434,Doug Baldwin,WR,1988-09-21,corroborated,Stanford,SEA,ACT,21,SEA,historical_observation_only,,2011,2013,estimated_not_verified,2,RFA,experience_estimate,
00-0028441,Jeron Johnson,SS,1988-06-12,corroborated,Boise State,SEA,RES,14,SEA,historical_observation_only,,,,no_pre_2014_contract,2,,unknown,last_observed_before_week17;no_pre_2014_contract
00-0028442,Ricardo Lockette,WR,1986-05-21,single_provider,Fort Valley State College; Wallace State CC AL (J.C.),SEA,ACT;TRD,21,SEA,historical_observation_only,,,,no_pre_2014_contract,2,,unknown,missing_or_conflicting_source_status;no_pre_2014_contract;release_status_needs_dated_source
00-0028443,Michael Morgan,OLB,1988-01-16,corroborated,USC,SEA,ACT,21,SEA,historical_observation_only,,,,no_pre_2014_contract,2,,unknown,no_pre_2014_contract
00-0028445,Ron Parker,DB,1987-08-17,corroborated,Newberry,KC,ACT,18,KC,historical_observation_only,,2013,2014,estimated_not_verified,2,,unknown,
00-0028453,Pat Devlin,QB,1988-04-12,corroborated,Delaware,MIA,ACT,17,MIA,historical_observation_only,,,,no_pre_2014_contract,2,,unknown,no_pre_2014_contract
00-0028454,Jonathan Freeny,OLB,1989-06-15,corroborated,Rutgers,MIA,ACT,17,MIA,historical_observation_only,,,,no_pre_2014_contract,2,,unknown,no_pre_2014_contract
00-0028479,Demarcus Dobbs,TE,1987-11-30,single_provider,Georgia,SF,ACT,20,SF,historical_observation_only,,,,no_pre_2014_contract,2,,unknown,no_pre_2014_contract
00-0028492,Henry Hynoski,FB,1988-12-30,corroborated,Pittsburgh,NYG,RES,3,NYG,historical_observation_only,,,,no_pre_2014_contract,2,,unknown,last_observed_before_week17;no_pre_2014_contract
00-0028495,Justin Trattou,DE,1988-08-28,corroborated,Florida,MIN,ACT;TRD,17,MIN,historical_observation_only,,,,no_matching_club_contract,2,,unknown,missing_or_conflicting_source_status;no_matching_club_contract;release_status_needs_dated_source
00-0028496,Danny Aiken,LS,1988-08-28,corroborated,Virginia,NE,ACT,20,NE,historical_observation_only,,,,no_pre_2014_contract,2,,unknown,no_pre_2014_contract
00-0028497,Kamar Aiken,WR,1989-05-30,single_provider,UCF,,,,,historical_observation_only,,,,club_unresolved,,,unknown,club_unresolved;missing_or_conflicting_source_status;no_2013_roster_observation;placement_unknown
00-0028536,Bryan Braman,OLB,1987-05-04,corroborated,West Texas State; Idaho; Long Beach City College,HOU,ACT,17,HOU,historical_observation_only,,,,no_pre_2014_contract,2,,unknown,no_pre_2014_contract
00-0028542,Lestar Jean,WR,1988-02-05,corroborated,Florida Atlantic,HOU,ACT,17,HOU,historical_observation_only,,,,no_pre_2014_contract,2,,unknown,no_pre_2014_contract
00-0028543,Jeff Maehl,WR,1989-03-16,corroborated,Oregon,PHI,ACT,18,PHI,historical_observation_only,,,,no_pre_2014_contract,2,,unknown,no_pre_2014_contract
00-0028550,Colin Cochart,TE,1987-07-07,single_provider,South Dakota State,,,,,historical_observation_only,,,,club_unresolved,,,unknown,club_unresolved;missing_or_conflicting_source_status;no_2013_roster_observation;placement_unknown
00-0028564,Isa Abdul-Quddus,FS,1989-08-03,corroborated,Fordham,NO,CUT,18,NO,historical_observation_only,,2011,2013,estimated_not_verified,2,RFA,experience_estimate,release_status_needs_dated_source
00-0028570,Taylor Boggs,C,1987-02-20,corroborated,Humboldt State,CHI,ACT,17,CHI,historical_observation_only,,,,no_pre_2014_contract,2,,unknown,no_pre_2014_contract
00-0028574,Mossis Madu,RB,1987-11-04,single_provider,Oklahoma,,,,,historical_observation_only,,,,club_unresolved,,,unknown,club_unresolved;missing_or_conflicting_source_status;no_2013_roster_observation;placement_unknown
00-0028575,Bront Bird,ILB,1989-03-17,corroborated,Texas Tech,SD,ACT,19,SD,historical_observation_only,,2012,2013,estimated_not_verified,2,RFA,experience_estimate,
00-0028581,Patrick DiMarco,RB,1989-04-30,single_provider,South Carolina,ATL,ACT,17,ATL,historical_observation_only,,,,ambiguous_same_year_terms,2,,unknown,ambiguous_same_year_terms
00-0028582,Darryl Gamble,LB,1987-11-17,single_provider,Georgia,,,,,historical_observation_only,,,,club_unresolved,,,unknown,club_unresolved;missing_or_conflicting_source_status;no_2013_roster_observation;placement_unknown
00-0028595,Scott Tolzien,QB,1987-09-04,single_provider,Wisconsin,GB,ACT,18,GB,historical_observation_only,,,,no_pre_2014_contract,2,,unknown,no_pre_2014_contract
00-0028596,Tori Gurley,WR,1987-11-22,single_provider,South Carolina,CLE,DEV,7,CLE,historical_observation_only,,,,no_pre_2014_contract,2,,unknown,last_observed_before_week17;no_pre_2014_contract
00-0028598,M.D. Jennings,SS,1988-07-25,corroborated,Arkansas State,GB,ACT,18,GB,historical_observation_only,,,,no_pre_2014_contract,2,,unknown,no_pre_2014_contract
00-0028600,Jamari Lattimore,ILB,1988-10-06,corroborated,Middle Tennessee State; Dodge City CC,GB,ACT,18,GB,historical_observation_only,,,,no_pre_2014_contract,2,,unknown,no_pre_2014_contract
00-0028601,Brandian Ross,SS,1989-09-28,corroborated,Youngstown State,OAK,ACT,17,OAK,historical_observation_only,,,,no_pre_2014_contract,2,,unknown,no_pre_2014_contract
00-0028602,Brandon Saine,RB,1988-12-14,single_provider,Ohio State,,,,,historical_observation_only,,,,club_unresolved,,,unknown,club_unresolved;missing_or_conflicting_source_status;no_2013_roster_observation;placement_unknown
00-0028605,Vic So'oto,OLB,1987-08-19,single_provider,BYU,ARI,DEV;TRD,4,ARI,historical_observation_only,,,,no_matching_club_contract,2,,unknown,last_observed_before_week17;missing_or_conflicting_source_status;no_matching_club_contract;release_status_needs_dated_source
00-0028606,Kerry Taylor,WR,1989-02-20,single_provider,Arizona State,JAX,ACT;TRC,17,,real_jaguars_only,,,,no_pre_2014_contract,2,,unknown,missing_or_conflicting_source_status;no_pre_2014_contract;real_jaguars_move_not_applied;release_status_needs_dated_source
00-0028613,Phillip Tanner,RB,1988-08-08,corroborated,Middle Tennessee State,DAL,ACT,17,DAL,historical_observation_only,,,,no_pre_2014_contract,2,,unknown,no_pre_2014_contract
00-0028614,Alex Albright,OLB,1988-01-29,single_provider,Boston College,,,,,historical_observation_only,,,,club_unresolved,,,unknown,club_unresolved;missing_or_conflicting_source_status;no_2013_roster_observation;placement_unknown
00-0028620,Mark Herzlich,MLB,1987-09-01,corroborated,Boston College,NYG,ACT,17,NYG,historical_observation_only,,,,no_pre_2014_contract,2,,unknown,no_pre_2014_contract
00-0028650,Joe Young,SS,1988-06-02,corroborated,Rutgers,IND,CUT,4,IND,historical_observation_only,,,,no_pre_2014_contract,2,,unknown,last_observed_before_week17;no_pre_2014_contract;release_status_needs_dated_source
00-0028651,Mike McNeill,TE,1988-03-07,corroborated,Nebraska,STL,ACT,17,STL,historical_observation_only,,,,no_matching_club_contract,2,,unknown,no_matching_club_contract
00-0028656,Chad Spann,RB,1988-08-04,single_provider,Northern Illinois,HOU,ACT,17,HOU,historical_observation_only,,,,no_pre_2014_contract,2,,unknown,no_pre_2014_contract
00-0028660,Dan Bailey,K,1988-01-26,corroborated,Oklahoma State,DAL,ACT,17,DAL,historical_observation_only,,,,no_pre_2014_contract,2,,unknown,no_pre_2014_contract
00-0028664,Chris Jones,P,1989-07-21,corroborated,Carson Newman,DAL,ACT,17,DAL,historical_observation_only,,,,no_pre_2014_contract,2,,unknown,no_pre_2014_contract
00-0028665,Kevin Kowalski,C,1989-01-02,single_provider,Toledo,,,,,historical_observation_only,,,,club_unresolved,,,unknown,club_unresolved;missing_or_conflicting_source_status;no_2013_roster_observation;placement_unknown
00-0028666,Orie Lemon,LB,1987-09-09,single_provider,Oklahoma State,DAL,ACT;TRD,17,DAL,historical_observation_only,,,,no_pre_2014_contract,2,,unknown,missing_or_conflicting_source_status;no_pre_2014_contract;release_status_needs_dated_source
00-0028679,Victor Aiyewa,LB,1989-02-04,single_provider,Washington,GB,ACT,18,GB,historical_observation_only,,,,no_pre_2014_contract,2,,unknown,no_pre_2014_contract
00-0028694,James Dockery,CB,1988-11-09,corroborated,Oregon State,CAR,RES,10,CAR,historical_observation_only,,,,no_matching_club_contract,2,,unknown,last_observed_before_week17;no_matching_club_contract
00-0028698,Ben Jacobs,LB,1988-04-17,single_provider,Fresno State,CAR,DEV,5,CAR,historical_observation_only,,,,no_pre_2014_contract,2,,unknown,last_observed_before_week17;no_pre_2014_contract
00-0028706,Armond Smith,RB,1986-05-07,corroborated,Union College (KY); Hutchinson CC; Shorter College,CAR,CUT,8,CAR,historical_observation_only,,,,no_pre_2014_contract,2,,unknown,last_observed_before_week17;no_pre_2014_contract;release_status_needs_dated_source
00-0028707,Corbin Bryant,DT,1988-01-04,corroborated,Northwestern,BUF,ACT,17,BUF,historical_observation_only,,,,no_pre_2014_contract,2,,unknown,no_pre_2014_contract
00-0028722,Ricky Lumpkin,NT,1988-09-07,single_provider,Kentucky,OAK,ACT,17,OAK,historical_observation_only,,,,no_pre_2014_contract,2,,unknown,no_pre_2014_contract
00-0028738,Byron Bell,T,1989-01-17,corroborated,New Mexico,CAR,ACT,19,CAR,historical_observation_only,,2011,2013,estimated_not_verified,2,RFA,experience_estimate,
00-0028742,Thomas Keiser,OLB,1989-03-28,single_provider,Stanford,SD,ACT,19,SD,historical_observation_only,,,,no_matching_club_contract,2,,unknown,no_matching_club_contract
00-0028750,Brandon Smith,CB,1987-02-23,single_provider,Arizona State,BUF,ACT,17,BUF,historical_observation_only,,,,no_pre_2014_contract,2,,unknown,no_pre_2014_contract
00-0028767,Sterling Moore,CB,1990-02-03,single_provider,SMU; Laney College,DAL,ACT,17,DAL,historical_observation_only,,,,no_pre_2014_contract,2,,unknown,no_pre_2014_contract
00-0028787,Kai Forbath,K,1987-09-02,corroborated,UCLA,WAS,ACT,17,WAS,historical_observation_only,,,,no_pre_2014_contract,2,,unknown,no_pre_2014_contract
00-0028792,Kevin Cone,WR,1988-03-20,corroborated,Georgia Tech,ATL,ACT,17,ATL,historical_observation_only,,,,no_pre_2014_contract,2,,unknown,no_pre_2014_contract
00-0028795,Chase Reynolds,RB,1987-10-22,corroborated,Montana,STL,ACT,17,STL,historical_observation_only,,,,no_pre_2014_contract,2,,unknown,no_pre_2014_contract
00-0028825,Terrelle Pryor,QB,1989-06-20,corroborated,Ohio State,OAK,ACT,17,OAK,historical_observation_only,,,,no_pre_2014_contract,2,,unknown,no_pre_2014_contract
00-0028830,Isaako Aaitui,NT,1987-01-25,single_provider,UNLV,MIA,DEV,12,MIA,historical_observation_only,,,,no_pre_2014_contract,2,,unknown,last_observed_before_week17;no_pre_2014_contract
00-0028834,Craig Robertson,ILB,1988-02-11,corroborated,North Texas,CLE,ACT,17,CLE,historical_observation_only,,2012,2014,estimated_not_verified,2,,unknown,
00-0028835,Marshall McFadden,LB,1986-08-04,single_provider,South Carolina State,OAK,ACT,17,OAK,historical_observation_only,,,,no_pre_2014_contract,2,,unknown,no_pre_2014_contract
00-0028836,Michael Wilhoite,ILB,1986-12-07,corroborated,Washburn,SF,ACT,20,SF,historical_observation_only,,,,no_pre_2014_contract,2,,unknown,no_pre_2014_contract
00-0028838,Larry Donnell,TE,1988-11-01,corroborated,Grambling State,NYG,ACT,17,NYG,historical_observation_only,,,,no_pre_2014_contract,1,,unknown,no_pre_2014_contract
00-0028841,Will Johnson,FB,1988-11-14,corroborated,West Virginia,PIT,ACT,17,PIT,historical_observation_only,,,,no_pre_2014_contract,1,,unknown,no_pre_2014_contract
00-0028845,Josh Harris,LS,1989-04-27,corroborated,Auburn,ATL,ACT,17,ATL,historical_observation_only,,,,no_pre_2014_contract,1,,unknown,no_pre_2014_contract
00-0028862,Bryce Harris,T,1989-01-16,corroborated,Fresno State,NO,ACT,19,NO,historical_observation_only,,,,no_pre_2014_contract,1,,unknown,no_pre_2014_contract
00-0028863,Dominique Davis,QB,1989-07-17,corroborated,East Carolina; Boston College; Fort Scott CC,ATL,ACT,17,ATL,historical_observation_only,,,,no_pre_2014_contract,1,,unknown,no_pre_2014_contract
00-0028870,Quinton Pointer,CB,1988-04-16,corroborated,UNLV,STL,ACT,17,STL,historical_observation_only,,2012,2012,stale_contract,1,,unknown,stale_contract
00-0028871,Matt Daniels,SS,1989-09-27,corroborated,Duke,STL,RES,2,STL,historical_observation_only,,,,no_pre_2014_contract,1,,unknown,last_observed_before_week17;no_pre_2014_contract
00-0028872,Johnny Hekker,P,1990-02-08,corroborated,Oregon State,STL,ACT,17,STL,historical_observation_only,,,,no_pre_2014_contract,1,,unknown,no_pre_2014_contract
00-0028875,Matthew Masifilo,DE,1989-10-01,single_provider,Stanford,TB,ACT,17,TB,historical_observation_only,,,,no_pre_2014_contract,1,,unknown,no_pre_2014_contract
00-0028876,Collin Mooney,FB,1986-04-03,corroborated,Army,TEN,RES,13,TEN,historical_observation_only,,,,no_pre_2014_contract,1,,unknown,last_observed_before_week17;no_pre_2014_contract
00-0028878,Matt Conrath,DT,1989-08-11,corroborated,Virginia,STL,ACT,17,STL,historical_observation_only,,,,no_pre_2014_contract,1,,unknown,no_pre_2014_contract
00-0028895,Delano Howell,FS,1989-11-17,corroborated,Stanford,IND,RES,12,IND,historical_observation_only,,,,no_pre_2014_contract,1,,unknown,last_observed_before_week17;no_pre_2014_contract
00-0028897,Shawn Powell,P,1988-11-29,corroborated,Florida State,CIN,CUT;TRD,17,CIN,historical_observation_only,,,,no_pre_2014_contract,1,,unknown,missing_or_conflicting_source_status;no_pre_2014_contract;release_status_needs_dated_source
00-0028899,Rodney McLeod,FS,1990-06-23,corroborated,Virginia,STL,ACT,17,STL,historical_observation_only,,2012,2014,estimated_not_verified,1,,unknown,
00-0028903,Garrett Celek,TE,1988-05-29,corroborated,Michigan State,SF,ACT,20,SF,historical_observation_only,,2012,2014,estimated_not_verified,1,,unknown,
00-0028905,Chris Owusu,WR,1990-01-06,single_provider,Stanford,TB,ACT,17,TB,historical_observation_only,,,,no_pre_2014_contract,1,,unknown,no_pre_2014_contract
00-0028908,Michael Thomas,DB,1990-03-17,single_provider,Stanford,MIA,ACT;TRC,17,MIA,historical_observation_only,,2013,2014,estimated_not_verified,1,,unknown,missing_or_conflicting_source_status;release_status_needs_dated_source
00-0028912,Vontaze Burfict,OLB,1990-09-24,corroborated,Arizona State,CIN,ACT,18,CIN,historical_observation_only,,2012,2014,estimated_not_verified,1,,unknown,
00-0028924,Tashaun Gipson,FS,1990-08-07,corroborated,Wyoming,CLE,ACT,17,CLE,historical_observation_only,,2012,2014,estimated_not_verified,1,,unknown,
00-0028930,Josh Cooper,WR,1989-01-08,corroborated,Oklahoma State,CLE,ACT,17,CLE,historical_observation_only,,,,no_pre_2014_contract,1,,unknown,no_pre_2014_contract
00-0028941,Jerry Franklin,LB,1988-01-10,single_provider,Arkansas,CHI,ACT,17,CHI,historical_observation_only,,,,no_pre_2014_contract,1,,unknown,no_pre_2014_contract
00-0028942,Duke Ihenacho,SS,1989-06-16,corroborated,San Jose State,DEN,ACT,21,DEN,historical_observation_only,,2012,2012,stale_contract,1,,unknown,stale_contract
00-0028943,Steven Johnson,OLB,1988-03-28,corroborated,Kansas,DEN,ACT,21,DEN,historical_observation_only,,2012,2014,estimated_not_verified,1,,unknown,
00-0028946,Aaron Brewer,LS,1990-07-05,corroborated,San Diego State,DEN,ACT,21,DEN,historical_observation_only,,2012,2014,estimated_not_verified,1,,unknown,
00-0028952,Drew Butler,P,1989-05-10,single_provider,Georgia,,,,,historical_observation_only,,,,club_unresolved,,,unknown,club_unresolved;missing_or_conflicting_source_status;no_2013_roster_observation;placement_unknown
00-0028954,Robert Golden,FS,1990-09-13,corroborated,Arizona,PIT,ACT,17,PIT,historical_observation_only,,,,no_pre_2014_contract,1,,unknown,no_pre_2014_contract
00-0028957,Austin Davis,QB,1989-06-02,single_provider,Southern Mississippi,STL,ACT;TRC,17,STL,historical_observation_only,,2013,2013,estimated_not_verified,1,ERFA,experience_estimate,missing_or_conflicting_source_status;release_status_needs_dated_source
00-0028958,Cory Harkey,TE,1990-06-17,corroborated,UCLA,STL,ACT,17,STL,historical_observation_only,,,,no_pre_2014_contract,1,,unknown,no_pre_2014_contract
00-0028970,Chase Minnifield,DB,1989-03-31,single_provider,Virginia,WAS,ACT,17,WAS,historical_observation_only,,,,no_pre_2014_contract,1,,unknown,no_pre_2014_contract
00-0028974,Lance Lewis,WR,1988-11-01,single_provider,East Carolina; West Hills Community College; East Mississippi JC,WAS,DEV;TRT,15,WAS,historical_observation_only,,,,no_pre_2014_contract,1,,unknown,last_observed_before_week17;missing_or_conflicting_source_status;no_pre_2014_contract;release_status_needs_dated_source
00-0028978,Adrian Robinson,OLB,1989-11-21,corroborated,Temple,WAS,ACT;TRC,17,WAS,historical_observation_only,,,,no_matching_club_contract,1,,unknown,missing_or_conflicting_source_status;no_matching_club_contract;release_status_needs_dated_source
00-0028983,Kevin Murphy,T,1990-02-16,single_provider,Harvard,MIN,DEV,10,MIN,historical_observation_only,,,,no_pre_2014_contract,1,,unknown,last_observed_before_week17;no_pre_2014_contract
00-0028984,Brian Tyms,WR,1989-02-21,single_provider,Florida A&M; Tallahassee CC,CLE,ACT;TRD,17,CLE,historical_observation_only,,,,no_pre_2014_contract,1,,unknown,missing_or_conflicting_source_status;no_pre_2014_contract;release_status_needs_dated_source
00-0028986,Case Keenum,QB,1988-02-17,corroborated,Houston,HOU,ACT,17,HOU,historical_observation_only,,2013,2014,estimated_not_verified,1,,unknown,
00-0028987,Phillip Supernaw,TE,1990-01-30,single_provider,Ouachita Baptist University,HOU,ACT,17,HOU,historical_observation_only,,,,no_pre_2014_contract,1,,unknown,no_pre_2014_contract
00-0028994,Dominique Jones,TE,1987-08-15,corroborated,Shepherd,KC,RSN;TRD,15,KC,historical_observation_only,,,,no_pre_2014_contract,1,,unknown,last_observed_before_week17;missing_or_conflicting_source_status;no_pre_2014_contract;release_status_needs_dated_source
00-0028995,Stephen Hill,WR,1991-04-25,corroborated,Georgia Tech,NYJ,RES,14,NYJ,historical_observation_only,,2012,2015,estimated_not_verified,1,,unknown,last_observed_before_week17
00-0028996,Richard Crawford,DB,1990-08-01,single_provider,SMU; Saddleback Community College,,,,,historical_observation_only,,,,club_unresolved,,,unknown,club_unresolved;missing_or_conflicting_source_status;no_2013_roster_observation;placement_unknown
00-0028997,Jordan Morris,CB,1989-05-31,single_provider,Iowa,,,,,historical_observation_only,,,,club_unresolved,,,unknown,club_unresolved;missing_or_conflicting_source_status;no_2013_roster_observation;placement_unknown
00-0029000,Cole Beasley,WR,1989-04-26,corroborated,SMU,DAL,ACT,17,DAL,historical_observation_only,,2012,2014,estimated_not_verified,1,,unknown,
00-0029004,Lance Dunbar,RB,1990-01-25,corroborated,North Texas,DAL,RES,13,DAL,historical_observation_only,,,,no_pre_2014_contract,1,,unknown,last_observed_before_week17;no_pre_2014_contract
00-0029005,Harland Gunn,G,1989-08-30,corroborated,Miami,ATL,ACT,17,ATL,historical_observation_only,,,,no_pre_2014_contract,1,,unknown,no_pre_2014_contract
00-0029006,Saalim Hakim,WR,1990-02-01,single_provider,Palomar College; Tarleton State,NYJ,ACT;TRC,17,NYJ,historical_observation_only,,,,no_pre_2014_contract,1,,unknown,missing_or_conflicting_source_status;no_pre_2014_contract;release_status_needs_dated_source
00-0029010,Ronald Leary,G,1989-04-29,corroborated,Memphis,DAL,ACT,17,DAL,historical_observation_only,,,,ambiguous_same_year_terms,1,,unknown,ambiguous_same_year_terms
00-0029030,Micah Pellerin,DB,1988-11-23,single_provider,Hampton; Southern Mississippi,TEN,ACT;TRC,17,TEN,historical_observation_only,,,,no_pre_2014_contract,1,,unknown,missing_or_conflicting_source_status;no_pre_2014_contract;release_status_needs_dated_source
00-0029033,Griff Whalen,WR,1990-03-01,corroborated,Stanford,IND,ACT,19,IND,historical_observation_only,,,,no_pre_2014_contract,1,,unknown,no_pre_2014_contract
00-0029038,Marcus Dowtin,OLB,1989-01-22,corroborated,North Alabama; Georgia,NYG,ACT;TRC,17,NYG,historical_observation_only,,,,no_pre_2014_contract,1,,unknown,missing_or_conflicting_source_status;no_pre_2014_contract;release_status_needs_dated_source
00-0029040,Damon Harrison,NT,1988-11-29,corroborated,William Penn,NYJ,ACT,17,NYJ,historical_observation_only,,2012,2014,estimated_not_verified,1,,unknown,
00-0029048,Joe Banyard,RB,1988-11-12,single_provider,Texas-El Paso; TCU,MIN,ACT,17,MIN,historical_observation_only,,,,no_pre_2014_contract,1,,unknown,no_pre_2014_contract
00-0029050,Antwon Blake,S,1990-08-09,corroborated,Texas-El Paso,PIT,ACT,17,JAX,jacksonville_control,Practice squad,,,branch_register_controls,1,,branch_register_controls,
00-0029051,Jarrett Boykin,WR,1989-11-04,corroborated,Virginia Tech,GB,ACT,18,GB,historical_observation_only,,,,no_pre_2014_contract,1,,unknown,no_pre_2014_contract
00-0029052,Mike Brewster,C,1989-07-27,corroborated,Ohio State,JAX,RES,15,JAX,jacksonville_control,Active 53,,,branch_register_controls,1,,branch_register_controls,last_observed_before_week17
00-0029053,Ryan Davis,DE,1989-02-24,corroborated,Bethune-Cookman College,JAX,ACT,17,JAX,jacksonville_control,Active 53,,,branch_register_controls,1,,branch_register_controls,
00-0029058,Drew Nowak,G,1990-03-07,single_provider,Western Michigan,JAX,ACT,17,,real_jaguars_only,,,,no_pre_2014_contract,1,,unknown,no_pre_2014_contract;real_jaguars_move_not_applied
00-0029060,J.K. Schaffer,LB,1990-06-10,single_provider,Cincinnati,CIN,ACT,18,CIN,historical_observation_only,,,,no_pre_2014_contract,1,,unknown,no_pre_2014_contract
00-0029061,Julian Stanford,LB,1990-09-02,corroborated,Wagner,DET,ACT,17,JAX,jacksonville_control,Active 53,,,branch_register_controls,1,,branch_register_controls,
00-0029063,Matt Veldman,TE,1988-08-12,single_provider,North Dakota State,DET,ACT;TRD,17,DET,historical_observation_only,,,,no_pre_2014_contract,1,,unknown,missing_or_conflicting_source_status;no_pre_2014_contract;release_status_needs_dated_source
00-0029065,Johnson Bademosi,FS,1990-07-23,corroborated,Stanford,CLE,ACT,17,CLE,historical_observation_only,,2012,2014,estimated_not_verified,1,,unknown,
00-0029066,Trevor Robinson,C,1990-05-16,corroborated,Notre Dame,CIN,ACT,18,CIN,historical_observation_only,,,,no_pre_2014_contract,1,,unknown,no_pre_2014_contract
00-0029067,Chase Baker,NT,1988-05-21,corroborated,Boise State,MIN,ACT,17,MIN,historical_observation_only,,,,no_pre_2014_contract,1,,unknown,no_pre_2014_contract
00-0029068,Derrick Coleman,FB,1990-10-18,corroborated,UCLA,SEA,ACT,21,SEA,historical_observation_only,,,,no_pre_2014_contract,1,,unknown,no_pre_2014_contract
00-0029076,Austin Pasztor,G,1990-11-26,corroborated,Virginia,JAX,ACT,17,JAX,jacksonville_control,Active 53,,,branch_register_controls,1,,branch_register_controls,
00-0029080,Darrion Weems,T,1988-09-04,corroborated,Oregon,DAL,ACT,17,DAL,historical_observation_only,,,,no_pre_2014_contract,1,,unknown,no_pre_2014_contract
00-0029087,Leonard Johnson,CB,1990-03-30,reviewed_source_conflict,Iowa State,TB,ACT,17,TB,historical_observation_only,,,,no_pre_2014_contract,1,,unknown,no_pre_2014_contract
00-0029091,Bradley Sowell,T,1989-06-06,corroborated,Mississippi,ARI,ACT,17,ARI,historical_observation_only,,,,no_pre_2014_contract,1,,unknown,no_pre_2014_contract
00-0029098,Eric Page,WR,1991-09-23,corroborated,Toledo,TB,ACT,17,TB,historical_observation_only,,,,no_pre_2014_contract,1,,unknown,no_pre_2014_contract
00-0029107,Kelcie McCray,FS,1988-09-21,corroborated,Arkansas State,TB,ACT;TRC,17,TB,historical_observation_only,,,,no_pre_2014_contract,1,,unknown,missing_or_conflicting_source_status;no_pre_2014_contract;release_status_needs_dated_source
00-0029108,Derek Moye,WR,1988-08-12,corroborated,Penn State,PIT,ACT,17,PIT,historical_observation_only,,,,no_pre_2014_contract,1,,unknown,no_pre_2014_contract
00-0029111,Derrick Shelby,DE,1989-03-04,corroborated,Utah,MIA,ACT,17,MIA,historical_observation_only,,2012,2014,estimated_not_verified,1,,unknown,
00-0029118,Kaelin Burnett,OLB,1989-09-06,corroborated,Nevada; Delta State University,OAK,ACT,17,OAK,historical_observation_only,,,,no_pre_2014_contract,1,,unknown,no_pre_2014_contract
00-0029119,Derek Carrier,TE,1990-07-25,single_provider,Beloit College,SF,ACT,20,SF,historical_observation_only,,,,no_pre_2014_contract,1,,unknown,no_pre_2014_contract
00-0029123,Marquette King,P,1988-10-26,corroborated,Fort Valley State College,OAK,ACT,17,OAK,historical_observation_only,,,,no_pre_2014_contract,1,,unknown,no_pre_2014_contract
00-0029127,Lucas Nix,G,1989-09-28,corroborated,Pittsburgh,OAK,ACT,17,OAK,historical_observation_only,,,,no_pre_2014_contract,1,,unknown,no_pre_2014_contract
00-0029129,Rod Streater,WR,1988-02-09,corroborated,Temple; Alfred University,OAK,ACT,17,OAK,historical_observation_only,,2012,2014,estimated_not_verified,1,,unknown,
00-0029130,Dezman Moses,OLB,1989-01-04,corroborated,Tulane; Iowa,KC,ACT,18,KC,historical_observation_only,,,,no_pre_2014_contract,1,,unknown,no_pre_2014_contract
00-0029134,Beau Brinkley,LS,1990-01-25,corroborated,Missouri,TEN,ACT,17,TEN,historical_observation_only,,,,no_pre_2014_contract,1,,unknown,no_pre_2014_contract
00-0029135,Joe Long,T,1989-07-27,single_provider,Wayne State,CHI,ACT;TRC,17,CHI,historical_observation_only,,,,no_pre_2014_contract,1,,unknown,missing_or_conflicting_source_status;no_pre_2014_contract;release_status_needs_dated_source
00-0029137,Alshon Jeffery,WR,1990-02-14,corroborated,South Carolina,CHI,ACT,17,CHI,historical_observation_only,,2012,2015,estimated_not_verified,1,,unknown,
00-0029138,Alameda Ta'amu,NT,1990-08-23,corroborated,Washington,ARI,ACT,17,ARI,historical_observation_only,,2012,2013,estimated_not_verified,1,ERFA,experience_estimate,
00-0029139,Adam Gettis,G,1988-12-09,corroborated,Iowa,WAS,ACT,17,WAS,historical_observation_only,,2012,2015,estimated_not_verified,1,,unknown,
00-0029140,Chris Rainey,RB,1988-03-02,single_provider,Florida,IND,RES,14,IND,historical_observation_only,,2013,2014,estimated_not_verified,1,,unknown,last_observed_before_week17
00-0029141,Alfred Morris,RB,1988-12-12,corroborated,Florida Atlantic,WAS,ACT,17,WAS,historical_observation_only,,2012,2015,estimated_not_verified,1,,unknown,
00-0029142,Winston Guy,SS,1990-04-23,single_provider,Kentucky,JAX,ACT,17,,real_jaguars_only,,2012,2015,estimated_not_verified,1,,unknown,real_jaguars_move_not_applied
00-0029143,Josh Bush,SS,1989-03-05,corroborated,Wake Forest,NYJ,ACT,17,NYJ,historical_observation_only,,2012,2015,estimated_not_verified,1,,unknown,
00-0029144,Tom Compton,T,1989-05-10,corroborated,South Dakota,WAS,ACT,17,WAS,historical_observation_only,,,,ambiguous_same_year_terms,1,,unknown,ambiguous_same_year_terms
00-0029145,Michael Smith,RB,1988-08-09,single_provider,Utah State; Eastern Arizona,,,,,historical_observation_only,,,,club_unresolved,,,unknown,club_unresolved;missing_or_conflicting_source_status;no_2013_roster_observation;placement_unknown
00-0029146,J.R. Sweezy,G,1989-04-08,corroborated,N.C. State,SEA,ACT,21,SEA,historical_observation_only,,2012,2015,estimated_not_verified,1,,unknown,
00-0029147,Drake Dunsmore,TE,1988-11-04,single_provider,Northwestern,,,,,historical_observation_only,,,,club_unresolved,,,unknown,club_unresolved;missing_or_conflicting_source_status;no_2013_roster_observation;placement_unknown
00-0029148,Sammy Brown,OLB,1990-04-17,single_provider,Houston; Mississippi Gulf Coast CC,STL,ACT,17,STL,historical_observation_only,,,,no_pre_2014_contract,1,,unknown,no_pre_2014_contract
00-0029151,Matt Simms,QB,1988-09-27,single_provider,Tennessee; Louisville; El Camino,NYJ,ACT,17,NYJ,historical_observation_only,,,,no_pre_2014_contract,1,,unknown,no_pre_2014_contract
00-0029155,Mike Brown,WR,1989-02-09,corroborated,Liberty,JAX,ACT,17,JAX,jacksonville_control,Active 53,,,branch_register_controls,1,,branch_register_controls,
00-0029159,Jermaine Kearse,WR,1990-02-06,corroborated,Washington,SEA,ACT,21,SEA,historical_observation_only,,,,ambiguous_same_year_terms,1,,unknown,ambiguous_same_year_terms
00-0029164,Mike Remmers,T,1989-04-11,single_provider,Oregon State,MIN,ACT;TRC;TRD,17,MIN,historical_observation_only,,2013,2014,estimated_not_verified,1,,unknown,missing_or_conflicting_source_status;release_status_needs_dated_source
00-0029165,Tony Jerod-Eddie,NT,1990-03-29,corroborated,Texas A&M,SF,ACT,20,SF,historical_observation_only,,,,no_pre_2014_contract,1,,unknown,no_pre_2014_contract
00-0029166,David Snow,C,1989-11-09,single_provider,Texas,PIT,ACT,17,PIT,historical_observation_only,,,,no_matching_club_contract,1,,unknown,no_matching_club_contract
00-0029168,Brian Folkerts,C,1990-01-30,corroborated,Washburn,CAR,ACT,19,CAR,historical_observation_only,,,,no_pre_2014_contract,1,,unknown,no_pre_2014_contract
00-0029170,Jose Gumbs,SS,1988-04-20,corroborated,Monmouth,WAS,ACT,17,WAS,historical_observation_only,,,,no_pre_2014_contract,1,,unknown,no_pre_2014_contract
00-0029175,Jake Byrne,TE,1990-01-24,single_provider,Wisconsin,SD,ACT;TRD;TRT,19,SD,historical_observation_only,,,,no_matching_club_contract,1,,unknown,missing_or_conflicting_source_status;no_matching_club_contract;release_status_needs_dated_source
00-0029177,Sean Baker,DB,1988-11-06,single_provider,Ball State,ATL,ACT,17,ATL,historical_observation_only,,,,no_pre_2014_contract,1,,unknown,no_pre_2014_contract
00-0029183,Danny Noble,TE,1989-03-30,single_provider,Toledo,JAX,ACT;TRC,17,,real_jaguars_only,,,,no_pre_2014_contract,1,,unknown,missing_or_conflicting_source_status;no_pre_2014_contract;real_jaguars_move_not_applied;release_status_needs_dated_source
00-0029187,Don Barclay,T,1989-04-18,corroborated,West Virginia,GB,ACT,18,GB,historical_observation_only,,,,no_pre_2014_contract,1,,unknown,no_pre_2014_contract
00-0029191,DeShawn Shead,DB,1989-06-28,single_provider,Portland State,SEA,ACT,21,SEA,historical_observation_only,,,,no_pre_2014_contract,1,,unknown,no_pre_2014_contract
00-0029193,Bruce Irvin,DE,1987-11-01,single_provider,West Virginia; Mt. San Antonio; Butler County CC,SEA,ACT,21,SEA,historical_observation_only,,2012,2015,estimated_not_verified,1,,unknown,
00-0029201,Sean Richardson,SS,1990-01-21,single_provider,Vanderbilt,GB,ACT,18,GB,historical_observation_only,,2012,2014,estimated_not_verified,1,,unknown,
00-0029202,Mike Adams,T,1990-03-10,corroborated,Ohio State,PIT,ACT,17,PIT,historical_observation_only,,2012,2015,estimated_not_verified,1,,unknown,
00-0029203,David Molk,C,1988-12-15,single_provider,Michigan,,,,,historical_observation_only,,,,club_unresolved,,,unknown,club_unresolved;missing_or_conflicting_source_status;no_2013_roster_observation;placement_unknown
00-0029204,Toney Clemons,WR,1988-10-11,corroborated,Colorado; Michigan,,,,JAX,jacksonville_control,Active 53,,,branch_register_controls,,,branch_register_controls,missing_or_conflicting_source_status;no_2013_roster_observation
00-0029205,Travaris Cadet,RB,1989-02-01,corroborated,Appalachian State; Pearl River,NO,ACT,19,NO,historical_observation_only,,,,no_pre_2014_contract,1,,unknown,no_pre_2014_contract
00-0029208,Tyrunn Walker,DT,1990-03-18,corroborated,Tulsa; Jones County JC,NO,ACT,19,NO,historical_observation_only,,2012,2014,estimated_not_verified,1,,unknown,
00-0029209,Ryan Broyles,WR,1988-04-09,corroborated,Oklahoma,DET,RES,8,DET,historical_observation_only,,2012,2015,estimated_not_verified,1,,unknown,last_observed_before_week17
00-0029210,Ronnell Lewis,DE,1990-09-17,single_provider,Oklahoma,,,,,historical_observation_only,,,,club_unresolved,,,unknown,club_unresolved;missing_or_conflicting_source_status;no_2013_roster_observation;placement_unknown
00-0029211,Jerron McMillian,SS,1989-04-02,corroborated,Maine,GB,CUT,13,GB,historical_observation_only,,2012,2015,estimated_not_verified,1,,unknown,last_observed_before_week17;release_status_needs_dated_source
00-0029212,Tahir Whitehead,OLB,1990-04-02,corroborated,Temple,DET,ACT,17,DET,historical_observation_only,,2012,2015,estimated_not_verified,1,,unknown,
00-0029213,Chris Greenwood,DB,1989-07-10,single_provider,Albion College; Northwood; Eastern Michigan,DET,ACT;TRD,17,DET,historical_observation_only,,2013,2013,estimated_not_verified,1,ERFA,experience_estimate,missing_or_conflicting_source_status;release_status_needs_dated_source
00-0029214,Shaun Prater,CB,1989-10-27,corroborated,Iowa,MIN,ACT;TRD,17,MIN,historical_observation_only,,2012,2015,estimated_not_verified,1,,unknown,missing_or_conflicting_source_status;release_status_needs_dated_source
00-0029215,George Iloka,SS,1990-03-31,corroborated,Boise State,CIN,ACT,18,CIN,historical_observation_only,,2012,2015,estimated_not_verified,1,,unknown,
00-0029216,Jonte Green,CB,1989-07-19,corroborated,New Mexico State; Benedict College,DET,ACT,17,DET,historical_observation_only,,2012,2015,estimated_not_verified,1,,unknown,
00-0029217,Travis Lewis,MLB,1988-01-15,corroborated,Oklahoma,DET,SUS,13,DET,historical_observation_only,,2012,2015,estimated_not_verified,1,,unknown,last_observed_before_week17
00-0029218,David Paulson,TE,1989-02-22,corroborated,Oregon,PIT,ACT,17,PIT,historical_observation_only,,2012,2015,estimated_not_verified,1,,unknown,
00-0029219,B.J. Coleman,QB,1988-09-16,single_provider,Tennessee-Chattanooga,,,,,historical_observation_only,,,,club_unresolved,,,unknown,club_unresolved;missing_or_conflicting_source_status;no_2013_roster_observation;placement_unknown
00-0029220,Terrence Frederick,DB,1990-02-10,single_provider,Texas A&M,NO,ACT;TRC,19,NO,historical_observation_only,,2013,2015,estimated_not_verified,1,,unknown,missing_or_conflicting_source_status;release_status_needs_dated_source
00-0029221,Rodney Austin,G,1988-12-04,single_provider,Elon,DET,ACT,17,DET,historical_observation_only,,,,no_pre_2014_contract,1,,unknown,no_pre_2014_contract
00-0029227,Patrick Edwards,WR,1988-10-25,corroborated,Houston,DET,RSN,6,DET,historical_observation_only,,,,no_pre_2014_contract,1,,unknown,last_observed_before_week17;no_pre_2014_contract
00-0029234,Kellen Moore,QB,1988-07-05,corroborated,Boise State,DET,ACT,17,DET,historical_observation_only,,,,no_pre_2014_contract,1,,unknown,no_pre_2014_contract
00-0029239,Brandon Bolden,RB,1990-01-26,corroborated,Mississippi,NE,ACT,20,NE,historical_observation_only,,,,no_pre_2014_contract,1,,unknown,no_pre_2014_contract
00-0029240,Marcus Forston,DT,1989-09-28,single_provider,Miami,NE,DEV,12,NE,historical_observation_only,,,,no_pre_2014_contract,1,,unknown,last_observed_before_week17;no_pre_2014_contract
00-0029248,Luke Kuechly,MLB,1991-04-20,corroborated,Boston College,CAR,ACT,19,CAR,historical_observation_only,,2012,2015,estimated_not_verified,1,,unknown,
00-0029249,Melvin Ingram,OLB,1989-04-26,single_provider,South Carolina,SD,ACT,19,SD,historical_observation_only,,2012,2016,estimated_not_verified,1,,unknown,
00-0029250,Shea McClellin,DE,1989-08-01,corroborated,Boise State,CHI,ACT,17,CHI,historical_observation_only,,2012,2015,estimated_not_verified,1,,unknown,
00-0029251,David Wilson,RB,1991-06-15,corroborated,Virginia Tech,NYG,RES,9,NYG,historical_observation_only,,2012,2015,estimated_not_verified,1,,unknown,last_observed_before_week17
00-0029252,Courtney Upshaw,OLB,1989-12-13,corroborated,Alabama,BAL,ACT,17,BAL,historical_observation_only,,2012,2015,estimated_not_verified,1,,unknown,
00-0029253,Mitchell Schwartz,T,1989-06-08,corroborated,California,CLE,ACT,17,CLE,historical_observation_only,,2012,2015,estimated_not_verified,1,,unknown,
00-0029254,Amini Silatolu,G,1988-09-16,corroborated,Midwestern State; San Joaquin Delta College,CAR,RES,6,CAR,historical_observation_only,,2012,2015,estimated_not_verified,1,,unknown,last_observed_before_week17
00-0029255,Bobby Wagner,MLB,1990-06-27,corroborated,Utah State,SEA,ACT,21,SEA,historical_observation_only,,2012,2015,estimated_not_verified,1,,unknown,
00-0029256,Kendall Reyes,DE,1989-09-26,corroborated,Connecticut,SD,ACT,19,SD,historical_observation_only,,2012,2015,estimated_not_verified,1,,unknown,
00-0029257,Jerel Worthy,DE,1990-04-28,single_provider,Michigan State,GB,ACT,18,GB,historical_observation_only,,2012,2015,estimated_not_verified,1,,unknown,
00-0029258,Devon Still,DT,1989-07-11,corroborated,Penn State,CIN,RES,17,CIN,historical_observation_only,,2012,2015,estimated_not_verified,1,,unknown,
00-0029259,Kelechi Osemele,G,1989-06-24,corroborated,Iowa State,BAL,RES,9,BAL,historical_observation_only,,2012,2015,estimated_not_verified,1,,unknown,last_observed_before_week17
00-0029260,LaMichael James,RB,1989-10-22,corroborated,Oregon,SF,ACT,20,SF,historical_observation_only,,2012,2015,estimated_not_verified,1,,unknown,
00-0029261,Casey Hayward,CB,1989-09-09,corroborated,Vanderbilt,GB,RES,11,GB,historical_observation_only,,2012,2015,estimated_not_verified,1,,unknown,last_observed_before_week17
00-0029262,Rueben Randle,WR,1991-05-07,corroborated,LSU,NYG,ACT,17,NYG,historical_observation_only,,2012,2015,estimated_not_verified,1,,unknown,
00-0029263,Russell Wilson,QB,1988-11-29,corroborated,Wisconsin; N.C. State,SEA,ACT,21,SEA,historical_observation_only,,2012,2015,estimated_not_verified,1,,unknown,
00-0029264,Bernard Pierce,RB,1991-05-10,corroborated,Temple,BAL,ACT,17,BAL,historical_observation_only,,2012,2015,estimated_not_verified,1,,unknown,
00-0029265,Dwight Bentley,CB,1989-05-16,corroborated,Louisiana-Lafayette; Dodge City CC,DET,ACT,17,DET,historical_observation_only,,2012,2015,estimated_not_verified,1,,unknown,
00-0029266,John Hughes,DE,1988-04-27,corroborated,Cincinnati,CLE,ACT,17,CLE,historical_observation_only,,2012,2015,estimated_not_verified,1,,unknown,
00-0029267,Jayron Hosley,CB,1990-09-18,corroborated,Virginia Tech,NYG,ACT,17,NYG,historical_observation_only,,2012,2015,estimated_not_verified,1,,unknown,
00-0029268,Gino Gradkowski,C,1988-11-05,corroborated,Delaware,BAL,ACT,17,BAL,historical_observation_only,,2012,2015,estimated_not_verified,1,,unknown,
00-0029269,Travis Benjamin,WR,1989-12-29,corroborated,Miami,CLE,RES,8,CLE,historical_observation_only,,2012,2015,estimated_not_verified,1,,unknown,last_observed_before_week17
00-0029270,Frank Alexander,DE,1989-12-17,corroborated,Oklahoma,CAR,ACT,19,CAR,historical_observation_only,,2012,2015,estimated_not_verified,1,,unknown,
00-0029271,Joe Adams,WR,1989-11-22,single_provider,Arkansas,,,,,historical_observation_only,,,,club_unresolved,,,unknown,club_unresolved;missing_or_conflicting_source_status;no_2013_roster_observation;placement_unknown
00-0029272,Nigel Bradham,OLB,1989-09-04,corroborated,Florida State,BUF,ACT,17,BUF,historical_observation_only,,2012,2015,estimated_not_verified,1,,unknown,
00-0029273,Robert Turbin,RB,1989-12-02,corroborated,Utah State,SEA,ACT,21,SEA,historical_observation_only,,2012,2015,estimated_not_verified,1,,unknown,
00-0029274,Devon Wylie,WR,1988-09-02,single_provider,Fresno State,TEN,DEV;TRC;TRT,12,TEN,historical_observation_only,,,,ambiguous_same_year_terms,1,,unknown,ambiguous_same_year_terms;last_observed_before_week17;missing_or_conflicting_source_status;release_status_needs_dated_source
00-0029275,Ladarius Green,TE,1990-05-29,corroborated,Louisiana-Lafayette,SD,ACT,19,SD,historical_observation_only,,2012,2015,estimated_not_verified,1,,unknown,
00-0029276,Evan Rodriguez,FB,1988-09-21,single_provider,Temple; West Virginia,BUF,ACT,17,BUF,historical_observation_only,,2013,2014,estimated_not_verified,1,,unknown,
00-0029277,Jaye Howard,NT,1988-12-20,corroborated,Florida,KC,ACT,18,KC,historical_observation_only,,2012,2015,estimated_not_verified,1,,unknown,
00-0029278,Joe Looney,G,1990-08-31,corroborated,Wake Forest,SF,ACT,20,SF,historical_observation_only,,2012,2015,estimated_not_verified,1,,unknown,
00-0029279,James-Michael Johnson,OLB,1989-08-20,corroborated,Nevada,KC,RES,17,KC,historical_observation_only,,2012,2015,estimated_not_verified,1,,unknown,
00-0029280,Ron Brooks,CB,1988-10-16,corroborated,LSU,BUF,ACT,17,BUF,historical_observation_only,,2012,2015,estimated_not_verified,1,,unknown,
00-0029281,Adrien Robinson,TE,1988-09-23,corroborated,Cincinnati,NYG,ACT,17,NYG,historical_observation_only,,2012,2015,estimated_not_verified,1,,unknown,
00-0029282,Christian Thompson,FS,1990-06-14,single_provider,South Carolina State; Auburn,,,,,historical_observation_only,,,,club_unresolved,,,unknown,club_unresolved;missing_or_conflicting_source_status;no_2013_roster_observation;placement_unknown
00-0029283,Brandon Mosley,G,1988-12-21,corroborated,Auburn; Coffeyville CC,NYG,ACT,17,NYG,historical_observation_only,,2012,2015,estimated_not_verified,1,,unknown,
00-0029284,Mike Daniels,DE,1989-05-05,corroborated,Iowa,GB,ACT,18,GB,historical_observation_only,,2012,2015,estimated_not_verified,1,,unknown,
00-0029285,Josh Norman,CB,1987-12-15,corroborated,Coastal Carolina,CAR,ACT,19,CAR,historical_observation_only,,2012,2015,estimated_not_verified,1,,unknown,
00-0029286,Zebrie Sanders,OT,1989-12-04,single_provider,Florida State,,,,,historical_observation_only,,,,club_unresolved,,,unknown,club_unresolved;missing_or_conflicting_source_status;no_2013_roster_observation;placement_unknown
00-0029287,Tank Carder,ILB,1989-01-18,corroborated,TCU,CLE,ACT,17,CLE,historical_observation_only,,2012,2015,estimated_not_verified,1,,unknown,
00-0029288,Johnnie Troutman,G,1987-11-11,corroborated,Penn State,SD,ACT,19,SD,historical_observation_only,,2012,2015,estimated_not_verified,1,,unknown,
00-0029289,Korey Toomer,LB,1988-12-09,single_provider,Idaho; Arizona Western,,,,,historical_observation_only,,,,club_unresolved,,,unknown,club_unresolved;missing_or_conflicting_source_status;no_2013_roster_observation;placement_unknown
00-0029290,Ryan Miller,G,1989-07-06,single_provider,Colorado,,,,,historical_observation_only,,,,club_unresolved,,,unknown,club_unresolved;missing_or_conflicting_source_status;no_2013_roster_observation;placement_unknown
00-0029291,Terrell Manning,ILB,1990-04-16,corroborated,N.C. State,SD,DEV,3,SD,historical_observation_only,,2013,2013,estimated_not_verified,1,ERFA,experience_estimate,last_observed_before_week17
00-0029292,Darius Fleming,LB,1989-07-19,single_provider,Notre Dame,,,,,historical_observation_only,,,,club_unresolved,,,unknown,club_unresolved;missing_or_conflicting_source_status;no_2013_roster_observation;placement_unknown
00-0029293,Marvin Jones,WR,1990-03-12,corroborated,California,CIN,ACT,18,CIN,historical_observation_only,,2012,2015,estimated_not_verified,1,,unknown,
00-0029294,Asa Jackson,CB,1989-12-02,single_provider,Cal Poly (San Luis Obispo),BAL,ACT,17,BAL,historical_observation_only,,2012,2015,estimated_not_verified,1,,unknown,
00-0029295,Jeremy Lane,CB,1990-07-14,corroborated,Northwestern State (LA),SEA,ACT,21,SEA,historical_observation_only,,2012,2015,estimated_not_verified,1,,unknown,
00-0029296,Mark Asper,G,1985-11-08,corroborated,Oregon,BUF,ACT,17,JAX,jacksonville_control,Active 53,,,branch_register_controls,1,,branch_register_controls,
00-0029297,Trenton Robinson,DB,1990-02-16,single_provider,Michigan State,WAS,ACT;TRT,17,WAS,historical_observation_only,,2013,2014,estimated_not_verified,1,,unknown,missing_or_conflicting_source_status;release_status_needs_dated_source
00-0029298,Cyrus Gray,RB,1989-11-18,corroborated,Texas A&M,KC,ACT,18,KC,historical_observation_only,,2012,2015,estimated_not_verified,1,,unknown,
00-0029299,Isaiah Frey,CB,1990-04-06,corroborated,Nevada,CHI,ACT,17,CHI,historical_observation_only,,2013,2013,estimated_not_verified,1,ERFA,experience_estimate,
00-0029300,Tommy Streeter,WR,1989-10-07,single_provider,Miami,,,,,historical_observation_only,,,,club_unresolved,,,unknown,club_unresolved;missing_or_conflicting_source_status;no_2013_roster_observation;placement_unknown
00-0029301,Jason Slowey,OT,1989-01-27,single_provider,Western Oregon,,,,,historical_observation_only,,,,club_unresolved,,,unknown,club_unresolved;missing_or_conflicting_source_status;no_2013_roster_observation;placement_unknown
00-0029302,Matt McCants,T,1989-08-18,single_provider,UAB,OAK,ACT,17,OAK,historical_observation_only,,2013,2013,estimated_not_verified,1,ERFA,experience_estimate,
00-0029303,Billy Winn,DE,1989-04-15,corroborated,Boise State,CLE,ACT,17,CLE,historical_observation_only,,2012,2015,estimated_not_verified,1,,unknown,
00-0029304,Brad Nortman,P,1989-09-12,corroborated,Wisconsin,CAR,ACT,19,CAR,historical_observation_only,,2012,2015,estimated_not_verified,1,,unknown,
00-0029305,D.J. Campbell,SS,1989-07-24,single_provider,California,MIA,CUT;TRC,15,MIA,historical_observation_only,,,,ambiguous_same_year_terms,1,,unknown,ambiguous_same_year_terms;last_observed_before_week17;missing_or_conflicting_source_status;release_status_needs_dated_source
00-0029306,Jerome Long,DT,1990-04-09,corroborated,San Diego State,DAL,CUT,3,JAX,jacksonville_control,Practice squad,,,branch_register_controls,1,,branch_register_controls,last_observed_before_week17;release_status_needs_dated_source
00-0029307,Greg McCoy,CB,1988-09-08,single_provider,TCU,,,,,historical_observation_only,,,,club_unresolved,,,unknown,club_unresolved;missing_or_conflicting_source_status;no_2013_roster_observation;placement_unknown
00-0029308,Greg Scruggs,TE,1990-08-17,single_provider,Louisville,,,,,historical_observation_only,,,,club_unresolved,,,unknown,club_unresolved;missing_or_conflicting_source_status;no_2013_roster_observation;placement_unknown
00-0029309,DeAngelo Tyson,DE,1989-04-12,corroborated,Georgia,BAL,ACT,17,BAL,historical_observation_only,,2012,2015,estimated_not_verified,1,,unknown,
00-0029310,Cam Johnson,OLB,1990-05-24,corroborated,Virginia,IND,ACT,19,IND,historical_observation_only,,2012,2013,estimated_not_verified,1,ERFA,experience_estimate,
00-0029311,Junior Hemingway,WR,1988-12-27,corroborated,Michigan,KC,ACT,18,KC,historical_observation_only,,,,ambiguous_same_year_terms,1,,unknown,ambiguous_same_year_terms
00-0029312,Markus Kuhn,DT,1986-05-05,single_provider,N.C. State,NYG,ACT,17,NYG,historical_observation_only,,2012,2015,estimated_not_verified,1,,unknown,
00-0029313,Andrew Datko,OT,1990-08-15,single_provider,Florida State,,,,,historical_observation_only,,,,club_unresolved,,,unknown,club_unresolved;missing_or_conflicting_source_status;no_2013_roster_observation;placement_unknown
00-0029314,Trevin Wade,CB,1989-08-01,single_provider,Arizona,NO,ACT,19,NO,historical_observation_only,,2013,2013,estimated_not_verified,1,ERFA,experience_estimate,
00-0029315,Brad Smelley,RB,1989-04-20,single_provider,Alabama,HOU,RES,16,HOU,historical_observation_only,,,,ambiguous_same_year_terms,1,,unknown,ambiguous_same_year_terms;last_observed_before_week17
00-0029316,Kelvin Beachum,T,1989-06-08,corroborated,SMU,PIT,ACT,17,PIT,historical_observation_only,,2012,2015,estimated_not_verified,1,,unknown,
00-0029317,Edwin Baker,RB,1991-06-01,single_provider,Michigan State,CLE,ACT;TRD,17,CLE,historical_observation_only,,2013,2013,estimated_not_verified,1,ERFA,experience_estimate,missing_or_conflicting_source_status;release_status_needs_dated_source
00-0029318,John Potter,K,1990-01-24,single_provider,Western Michigan,WAS,CUT,4,WAS,historical_observation_only,,2013,2014,estimated_not_verified,1,,unknown,last_observed_before_week17;release_status_needs_dated_source
00-0029319,Josh Bellamy,WR,1989-05-18,single_provider,Louisville; Butte College,WAS,ACT;TRC,17,WAS,historical_observation_only,,,,no_pre_2014_contract,1,,unknown,missing_or_conflicting_source_status;no_pre_2014_contract;release_status_needs_dated_source
00-0029332,James Brown,G,1988-11-30,corroborated,Troy; Southwest Mississippi JC,CHI,ACT,17,CHI,historical_observation_only,,,,no_pre_2014_contract,1,,unknown,no_pre_2014_contract
00-0029336,Brittan Golden,WR,1988-07-20,single_provider,West Texas State,ARI,ACT,17,ARI,historical_observation_only,,,,no_pre_2014_contract,1,,unknown,no_pre_2014_contract
00-0029354,Rishaw Johnson,G,1989-02-23,single_provider,California (PA); Mississippi,KC,ACT,18,KC,historical_observation_only,,,,no_pre_2014_contract,1,,unknown,no_pre_2014_contract
00-0029355,James Nixon,DB,1988-02-02,single_provider,California (PA),GB,RES,11,GB,historical_observation_only,,,,no_pre_2014_contract,1,,unknown,last_observed_before_week17;no_pre_2014_contract
00-0029362,Stephen Goodin,G,1988-08-25,single_provider,Kearney State,NYG,ACT,17,NYG,historical_observation_only,,,,no_pre_2014_contract,1,,unknown,no_pre_2014_contract
00-0029366,Adewale Ojomo,DE,1988-11-11,single_provider,Miami,NYG,DEV;TRC;TRD,1,NYG,historical_observation_only,,,,no_pre_2014_contract,1,,unknown,last_observed_before_week17;missing_or_conflicting_source_status;no_pre_2014_contract;release_status_needs_dated_source
00-0029367,Julian Talley,WR,1989-06-09,single_provider,UMass Amherst,NYG,ACT,17,NYG,historical_observation_only,,,,no_pre_2014_contract,1,,unknown,no_pre_2014_contract
00-0029372,Omar Brown,DB,1988-06-06,single_provider,Marshall,BAL,ACT,17,BAL,historical_observation_only,,,,no_pre_2014_contract,1,,unknown,no_pre_2014_contract
00-0029373,Jack Cornell,G,1989-06-04,single_provider,Illinois,OAK,DEV,10,OAK,historical_observation_only,,,,no_pre_2014_contract,1,,unknown,last_observed_before_week17;no_pre_2014_contract
00-0029378,Ishmaa'ily Kitchen,NT,1988-08-24,corroborated,Kent State,CLE,ACT,17,CLE,historical_observation_only,,,,no_pre_2014_contract,1,,unknown,no_pre_2014_contract
00-0029379,Antoine McClain,G,1989-12-06,corroborated,Clemson,BUF,ACT;TRD,17,BUF,historical_observation_only,,,,no_pre_2014_contract,1,,unknown,missing_or_conflicting_source_status;no_pre_2014_contract;release_status_needs_dated_source
00-0029384,Bobby Rainey,RB,1987-10-16,corroborated,Western Kentucky,TB,ACT;TRC,17,TB,historical_observation_only,,,,no_pre_2014_contract,1,,unknown,missing_or_conflicting_source_status;no_pre_2014_contract;release_status_needs_dated_source
00-0029388,Deonte Thompson,WR,1989-02-14,corroborated,Florida,BAL,ACT,17,BAL,historical_observation_only,,,,no_pre_2014_contract,1,,unknown,no_pre_2014_contract
00-0029391,Sean McGrath,TE,1987-12-03,corroborated,Henderson State University; Eastern Illinois,KC,ACT,18,KC,historical_observation_only,,,,no_pre_2014_contract,1,,unknown,no_pre_2014_contract
00-0029400,Nate Chandler,T,1989-06-01,corroborated,UCLA,CAR,ACT,19,CAR,historical_observation_only,,,,no_pre_2014_contract,1,,unknown,no_pre_2014_contract
00-0029407,Will Hill,FS,1990-03-07,single_provider,Florida,NYG,ACT,17,NYG,historical_observation_only,,2012,2014,estimated_not_verified,1,,unknown,
00-0029408,Nick Perry,OLB,1990-04-12,corroborated,USC,GB,ACT,18,GB,historical_observation_only,,,,missing_otc_id,1,,unknown,missing_otc_id
00-0029409,Mychal Kendricks,ILB,1990-09-28,corroborated,California,PHI,ACT,18,PHI,historical_observation_only,,2012,2015,estimated_not_verified,1,,unknown,
00-0029410,Tavon Wilson,SS,1990-03-19,corroborated,Illinois,NE,ACT,20,NE,historical_observation_only,,2012,2015,estimated_not_verified,1,,unknown,
00-0029411,Peter Konz,C,1989-12-20,corroborated,Wisconsin,ATL,ACT,17,ATL,historical_observation_only,,2012,2015,estimated_not_verified,1,,unknown,
00-0029412,Vinny Curry,DE,1988-06-30,corroborated,Marshall,PHI,ACT,18,PHI,historical_observation_only,,2012,2015,estimated_not_verified,1,,unknown,
00-0029413,Ben Jones,C,1989-07-02,corroborated,Georgia,HOU,ACT,17,HOU,historical_observation_only,,2012,2015,estimated_not_verified,1,,unknown,
00-0029414,Orson Charles,TE,1991-01-27,corroborated,Georgia,CIN,ACT,18,CIN,historical_observation_only,,2012,2015,estimated_not_verified,1,,unknown,
00-0029415,Keshawn Martin,WR,1990-03-15,corroborated,Michigan State,HOU,ACT,17,HOU,historical_observation_only,,2012,2015,estimated_not_verified,1,,unknown,
00-0029416,Brandon Boykin,CB,1990-07-13,corroborated,Georgia,PHI,ACT,18,PHI,historical_observation_only,,2012,2015,estimated_not_verified,1,,unknown,
00-0029417,Jared Crick,DE,1989-08-21,corroborated,Nebraska,HOU,ACT,17,HOU,historical_observation_only,,2012,2015,estimated_not_verified,1,,unknown,
00-0029418,Najee Goode,ILB,1989-06-04,corroborated,West Virginia,PHI,ACT,18,PHI,historical_observation_only,,2012,2015,estimated_not_verified,1,,unknown,
00-0029419,Dennis Kelly,T,1990-01-16,corroborated,Purdue,PHI,ACT,18,PHI,historical_observation_only,,2012,2015,estimated_not_verified,1,,unknown,
00-0029420,Bradie Ewing,FB,1989-12-26,corroborated,Wisconsin,ATL,RES,2,ATL,historical_observation_only,,,,no_pre_2014_contract,1,,unknown,last_observed_before_week17;no_pre_2014_contract
00-0029421,Randy Bullock,K,1989-12-16,corroborated,Texas A&M,HOU,ACT,17,HOU,historical_observation_only,,2012,2015,estimated_not_verified,1,,unknown,
00-0029422,Keith Tandy,SS,1989-02-12,corroborated,West Virginia,TB,ACT,17,TB,historical_observation_only,,2012,2015,estimated_not_verified,1,,unknown,
00-0029423,Charles Mitchell,DB,1989-09-13,single_provider,Mississippi State,,,,,historical_observation_only,,,,club_unresolved,,,unknown,club_unresolved;missing_or_conflicting_source_status;no_2013_roster_observation;placement_unknown
00-0029424,Marvin McNutt,WR,1989-07-04,single_provider,Iowa,CAR,ACT;TRC,19,CAR,historical_observation_only,,2013,2013,estimated_not_verified,1,ERFA,experience_estimate,missing_or_conflicting_source_status;release_status_needs_dated_source
00-0029425,Nick Mondek,OT,1988-11-03,single_provider,Purdue,,,,,historical_observation_only,,,,club_unresolved,,,unknown,club_unresolved;missing_or_conflicting_source_status;no_2013_roster_observation;placement_unknown
00-0029426,Brandon Washington,G,1988-08-13,corroborated,Miami,STL,ACT,17,STL,historical_observation_only,,,,ambiguous_same_year_terms,1,,unknown,ambiguous_same_year_terms
00-0029427,Terrance Ganaway,RB,1988-10-07,single_provider,Baylor; Houston; Texarkana College,,,,,historical_observation_only,,,,club_unresolved,,,unknown,club_unresolved;missing_or_conflicting_source_status;no_2013_roster_observation;placement_unknown
00-0029428,Emmanuel Acho,LB,1990-11-10,single_provider,Texas,PHI,DEV;TRT,15,PHI,historical_observation_only,,,,ambiguous_same_year_terms,1,,unknown,ambiguous_same_year_terms;last_observed_before_week17;missing_or_conflicting_source_status;release_status_needs_dated_source
00-0029429,Bryce Brown,RB,1991-05-14,corroborated,Kansas State; Tennessee,PHI,ACT,18,PHI,historical_observation_only,,2012,2015,estimated_not_verified,1,,unknown,
00-0029430,Travian Robertson,DT,1988-12-09,corroborated,South Carolina,ATL,ACT,17,ATL,historical_observation_only,,2012,2015,estimated_not_verified,1,,unknown,
00-0029431,Tony Dye,DB,1990-02-11,single_provider,UCLA,CIN,DEV,14,CIN,historical_observation_only,,,,no_pre_2014_contract,1,,unknown,last_observed_before_week17;no_pre_2014_contract
00-0029432,Chase Ford,TE,1990-07-19,single_provider,Miami; Kilgore,MIN,ACT,17,MIN,historical_observation_only,,,,no_pre_2014_contract,1,,unknown,no_pre_2014_contract
00-0029435,Damaris Johnson,WR,1989-11-22,corroborated,Tulsa,PHI,ACT,18,PHI,historical_observation_only,,,,no_pre_2014_contract,1,,unknown,no_pre_2014_contract
00-0029438,Chris Polk,RB,1989-12-16,corroborated,Washington,PHI,ACT,18,PHI,historical_observation_only,,,,no_pre_2014_contract,1,,unknown,no_pre_2014_contract
00-0029440,Emil Igwenagu,TE,1989-03-27,corroborated,UMass Amherst,PHI,DEV,6,PHI,historical_observation_only,,,,no_pre_2014_contract,1,,unknown,last_observed_before_week17;no_pre_2014_contract
00-0029441,Jeremy Stewart,RB,1989-02-17,corroborated,Stanford,OAK,ACT,17,OAK,historical_observation_only,,,,no_pre_2014_contract,1,,unknown,no_pre_2014_contract
00-0029451,Sean Cattouse,DB,1988-10-04,single_provider,California,CHI,DEV,15,CHI,historical_observation_only,,,,no_pre_2014_contract,1,,unknown,last_observed_before_week17;no_pre_2014_contract
00-0029457,Mike Harris,T,1988-12-05,corroborated,UCLA,SD,RES,5,SD,historical_observation_only,,,,no_matching_club_contract,1,,unknown,last_observed_before_week17;no_matching_club_contract
00-0029479,Emmanuel Lamur,OLB,1989-06-08,single_provider,Kansas State; Independence Comm. College,,,,,historical_observation_only,,,,club_unresolved,,,unknown,club_unresolved;missing_or_conflicting_source_status;no_2013_roster_observation;placement_unknown
00-0029492,Jamize Olawale,FB,1989-04-17,corroborated,North Texas,OAK,ACT,17,OAK,historical_observation_only,,2012,2013,estimated_not_verified,1,ERFA,experience_estimate,
00-0029493,Ryan Quigley,P,1990-01-26,single_provider,Boston College,NYJ,ACT,17,NYJ,historical_observation_only,,,,no_pre_2014_contract,1,,unknown,no_pre_2014_contract
00-0029494,Joe Anderson,WR,1988-11-21,corroborated,Texas Southern; Louisiana Tech,CHI,CUT,9,CHI,historical_observation_only,,,,missing_otc_id,1,,unknown,last_observed_before_week17;missing_otc_id;release_status_needs_dated_source
00-0029508,Hebron Fangupo,NT,1985-07-19,corroborated,BYU; USC; Mt. San Antonio,PIT,ACT,17,PIT,historical_observation_only,,,,no_pre_2014_contract,1,,unknown,no_pre_2014_contract
00-0029510,Jonathan Grimes,RB,1989-12-21,corroborated,William & Mary,HOU,ACT,17,JAX,jacksonville_control,Active 53,,,branch_register_controls,1,,branch_register_controls,
00-0029511,Jerrell Jackson,WR,1990-02-06,corroborated,Missouri,,,,JAX,jacksonville_control,Practice squad,,,branch_register_controls,,,branch_register_controls,missing_or_conflicting_source_status;no_2013_roster_observation
00-0029520,Eddie Pleasant,SS,1988-12-17,corroborated,Oregon,HOU,ACT,17,HOU,historical_observation_only,,,,no_pre_2014_contract,1,,unknown,no_pre_2014_contract
00-0029521,Tracy Robertson,DT,1989-09-26,single_provider,Baylor,CHI,DEV,12,CHI,historical_observation_only,,,,no_pre_2014_contract,1,,unknown,last_observed_before_week17;no_pre_2014_contract
00-0029522,Cody White,G,1988-07-01,corroborated,Illinois State,HOU,ACT,17,HOU,historical_observation_only,,,,missing_otc_id,1,,unknown,missing_otc_id
00-0029524,Jeff Allen,G,1990-01-08,corroborated,Illinois,KC,ACT,18,KC,historical_observation_only,,2012,2015,estimated_not_verified,1,,unknown,
00-0029525,Brandon Taylor,SS,1990-01-29,corroborated,LSU,SD,ACT,19,SD,historical_observation_only,,2012,2015,estimated_not_verified,1,,unknown,
00-0029526,Brandon Hardin,FS,1989-10-30,single_provider,Oregon State,,,,,historical_observation_only,,,,club_unresolved,,,unknown,club_unresolved;missing_or_conflicting_source_status;no_2013_roster_observation;placement_unknown
00-0029527,Lamar Holmes,T,1989-07-08,corroborated,Southern Mississippi; Itawamba JC,ATL,ACT,17,ATL,historical_observation_only,,2012,2015,estimated_not_verified,1,,unknown,
00-0029528,Bobby Massie,T,1989-08-01,corroborated,Mississippi,ARI,ACT,17,ARI,historical_observation_only,,2012,2015,estimated_not_verified,1,,unknown,
00-0029529,Coty Sensabaugh,CB,1988-11-15,corroborated,Clemson,TEN,RES,15,TEN,historical_observation_only,,2012,2015,estimated_not_verified,1,,unknown,last_observed_before_week17
00-0029530,Justin Bethel,CB,1990-06-17,corroborated,Presbyterian College,ARI,ACT,17,ARI,historical_observation_only,,2012,2015,estimated_not_verified,1,,unknown,
00-0029531,Ryan Lindley,QB,1989-06-22,corroborated,San Diego State,ARI,ACT,17,ARI,historical_observation_only,,2012,2015,estimated_not_verified,1,,unknown,
00-0029532,Robert Griffin,G,1989-11-22,single_provider,Baylor,,,,,historical_observation_only,,,,club_unresolved,,,unknown,club_unresolved;missing_or_conflicting_source_status;no_2013_roster_observation;placement_unknown
00-0029541,DeQuan Menzie,CB,1990-01-01,single_provider,Alabama; Copiah-Lincoln Junior College,,,,,historical_observation_only,,,,club_unresolved,,,unknown,club_unresolved;missing_or_conflicting_source_status;no_2013_roster_observation;placement_unknown
00-0029542,Stephon Gilmore,CB,1990-09-19,corroborated,South Carolina,BUF,ACT,17,BUF,historical_observation_only,,2012,2016,estimated_not_verified,1,,unknown,
00-0029543,Donald Stephenson,T,1988-09-30,corroborated,Oklahoma,KC,ACT,18,KC,historical_observation_only,,2012,2015,estimated_not_verified,1,,unknown,
00-0029544,Mike Martin,DT,1990-09-01,corroborated,Michigan,TEN,ACT,17,TEN,historical_observation_only,,2012,2015,estimated_not_verified,1,,unknown,
00-0029545,Keenan Robinson,OLB,1989-07-07,single_provider,Texas,,,,,historical_observation_only,,,,club_unresolved,,,unknown,club_unresolved;missing_or_conflicting_source_status;no_2013_roster_observation;placement_unknown
00-0029546,Senio Kelemete,G,1990-05-10,single_provider,Washington,,,,,historical_observation_only,,,,club_unresolved,,,unknown,club_unresolved;missing_or_conflicting_source_status;no_2013_roster_observation;placement_unknown
00-0029547,Vick Ballard,RB,1990-07-16,corroborated,Mississippi State; Mississippi Gulf Coast CC,IND,RES,1,IND,historical_observation_only,,2012,2015,estimated_not_verified,1,,unknown,last_observed_before_week17
00-0029548,LaVon Brazill,WR,1989-03-15,single_provider,Ohio,IND,ACT,19,IND,historical_observation_only,,2012,2015,estimated_not_verified,1,,unknown,
00-0029549,Justin Anderson,OT,1988-04-15,single_provider,Georgia,,,,,historical_observation_only,,,,club_unresolved,,,unknown,club_unresolved;missing_or_conflicting_source_status;no_2013_roster_observation;placement_unknown
00-0029550,Tim Fugger,DE,1989-07-01,single_provider,Vanderbilt,,,,,historical_observation_only,,,,club_unresolved,,,unknown,club_unresolved;missing_or_conflicting_source_status;no_2013_roster_observation;placement_unknown
00-0029551,Nate Potter,T,1988-05-16,corroborated,Boise State,ARI,ACT,17,ARI,historical_observation_only,,2012,2015,estimated_not_verified,1,,unknown,
00-0029552,Jeremy Ebert,WR,1989-04-06,single_provider,Northwestern,JAX,RES,15,,real_jaguars_only,,,,ambiguous_same_year_terms,1,,unknown,ambiguous_same_year_terms;last_observed_before_week17;real_jaguars_move_not_applied
00-0029553,Antonio Allen,FS,1988-09-23,corroborated,South Carolina,NYJ,ACT,17,NYJ,historical_observation_only,,,,ambiguous_same_year_terms,1,,unknown,ambiguous_same_year_terms
00-0029554,Chandler Harnish,QB,1988-07-28,single_provider,Northern Illinois,,,,,historical_observation_only,,,,club_unresolved,,,unknown,club_unresolved;missing_or_conflicting_source_status;no_2013_roster_observation;placement_unknown
00-0029559,Quinton Coples,OLB,1990-06-22,single_provider,North Carolina,NYJ,ACT,17,NYJ,historical_observation_only,,2012,2015,estimated_not_verified,1,,unknown,
00-0029560,Dre Kirkpatrick,CB,1989-10-26,corroborated,Alabama,CIN,ACT,18,CIN,historical_observation_only,,2012,2016,estimated_not_verified,1,,unknown,
00-0029561,Cordy Glenn,T,1989-09-18,corroborated,Georgia,BUF,ACT,17,BUF,historical_observation_only,,2012,2015,estimated_not_verified,1,,unknown,
00-0029562,Lavonte David,OLB,1990-01-23,corroborated,Nebraska; Fort Scott CC,TB,ACT,17,TB,historical_observation_only,,2012,2015,estimated_not_verified,1,,unknown,
00-0029563,Omar Bolden,FS,1988-12-20,corroborated,Arizona State,DEN,ACT,21,DEN,historical_observation_only,,2012,2015,estimated_not_verified,1,,unknown,
00-0029564,B.J. Cunningham,WR,1989-05-29,single_provider,Michigan State,PHI,DEV,10,PHI,historical_observation_only,,,,ambiguous_same_year_terms,1,,unknown,ambiguous_same_year_terms;last_observed_before_week17
00-0029566,Zach Brown,OLB,1989-10-23,corroborated,North Carolina,TEN,ACT,17,TEN,historical_observation_only,,2012,2015,estimated_not_verified,1,,unknown,
00-0029567,Nick Foles,QB,1989-01-20,corroborated,Arizona; Michigan State,PHI,ACT,18,PHI,historical_observation_only,,2012,2015,estimated_not_verified,1,,unknown,
00-0029568,Malik Jackson,DE,1990-01-11,corroborated,Tennessee; USC,DEN,ACT,21,DEN,historical_observation_only,,2012,2015,estimated_not_verified,1,,unknown,
00-0029569,Markelle Martin,FS,1990-06-20,single_provider,Oklahoma State,,,,,historical_observation_only,,,,club_unresolved,,,unknown,club_unresolved;missing_or_conflicting_source_status;no_2013_roster_observation;placement_unknown
00-0029570,Nate Ebner,SS,1988-12-14,corroborated,Ohio State,NE,ACT,20,NE,historical_observation_only,,2012,2015,estimated_not_verified,1,,unknown,
00-0029571,Kheeston Randall,DT,1990-05-07,single_provider,Texas,CIN,CUT,11,CIN,historical_observation_only,,2013,2013,estimated_not_verified,1,ERFA,experience_estimate,last_observed_before_week17;release_status_needs_dated_source
00-0029572,Jarius Wright,WR,1989-11-25,corroborated,Arkansas,MIN,ACT,17,MIN,historical_observation_only,,2012,2015,estimated_not_verified,1,,unknown,
00-0029574,Josh Chapman,NT,1989-06-10,corroborated,Alabama,IND,ACT,19,IND,historical_observation_only,,2012,2015,estimated_not_verified,1,,unknown,
00-0029575,Robert Blanton,SS,1989-09-07,corroborated,Notre Dame,MIN,ACT,17,MIN,historical_observation_only,,2012,2015,estimated_not_verified,1,,unknown,
00-0029576,Blair Walsh,K,1990-01-08,corroborated,Georgia,MIN,ACT,17,MIN,historical_observation_only,,2012,2015,estimated_not_verified,1,,unknown,
00-0029577,Danny Trevathan,OLB,1990-03-24,corroborated,Kentucky,DEN,ACT,21,DEN,historical_observation_only,,2012,2015,estimated_not_verified,1,,unknown,
00-0029578,Audie Cole,MLB,1989-06-01,corroborated,N.C. State,MIN,RES,16,MIN,historical_observation_only,,2013,2015,estimated_not_verified,1,,unknown,last_observed_before_week17
00-0029580,Rishard Matthews,WR,1989-10-12,corroborated,Nevada; Bakersfield College,MIA,ACT,17,MIA,historical_observation_only,,2012,2015,estimated_not_verified,1,,unknown,
00-0029585,Chandler Jones,DE,1990-02-27,corroborated,Syracuse,NE,ACT,20,NE,historical_observation_only,,2012,2016,estimated_not_verified,1,,unknown,
00-0029586,Derek Wolfe,DE,1990-02-24,corroborated,Cincinnati,DEN,RES,19,DEN,historical_observation_only,,2012,2015,estimated_not_verified,1,,unknown,
00-0029587,Rhett Ellison,TE,1988-10-03,corroborated,USC,MIN,ACT,17,MIN,historical_observation_only,,2012,2015,estimated_not_verified,1,,unknown,
00-0029588,Dan Herron,RB,1989-03-21,single_provider,Ohio State,IND,RES;TRD,13,IND,historical_observation_only,,2013,2014,estimated_not_verified,1,,unknown,last_observed_before_week17;missing_or_conflicting_source_status;release_status_needs_dated_source
00-0029589,Scott Solomon,DE,1988-11-05,single_provider,Rice,TB,ACT;TRC,17,TB,historical_observation_only,,2013,2014,estimated_not_verified,1,,unknown,missing_or_conflicting_source_status;release_status_needs_dated_source
00-0029590,Taylor Thompson,TE,1989-10-19,corroborated,SMU,TEN,ACT,17,TEN,historical_observation_only,,2012,2015,estimated_not_verified,1,,unknown,
00-0029592,Kevin Zeitler,G,1990-03-08,corroborated,Wisconsin,CIN,ACT,18,CIN,historical_observation_only,,2012,2016,estimated_not_verified,1,,unknown,
00-0029593,Jonathan Martin,T,1989-08-19,corroborated,Stanford,MIA,RSN,12,MIA,historical_observation_only,,2012,2015,estimated_not_verified,1,,unknown,last_observed_before_week17
00-0029594,Sean Spence,LB,1990-06-07,single_provider,Miami,,,,,historical_observation_only,,,,club_unresolved,,,unknown,club_unresolved;missing_or_conflicting_source_status;no_2013_roster_observation;placement_unknown
00-0029595,Josh Kaddu,OLB,1990-03-12,corroborated,Oregon,MIA,DEV,7,MIA,historical_observation_only,,,,ambiguous_same_year_terms,1,,unknown,ambiguous_same_year_terms;last_observed_before_week17
00-0029596,Alfonzo Dennard,CB,1989-09-09,corroborated,Nebraska,NE,ACT,20,NE,historical_observation_only,,2012,2015,estimated_not_verified,1,,unknown,
00-0029597,Justin Tucker,K,1989-11-21,corroborated,Texas,BAL,ACT,17,BAL,historical_observation_only,,2012,2014,estimated_not_verified,1,,unknown,
00-0029600,Andre Branch,DE,1989-07-14,corroborated,Clemson,JAX,ACT,17,JAX,jacksonville_control,Active 53,,,branch_register_controls,1,,branch_register_controls,
00-0029601,Brandon Bostick,TE,1989-05-03,corroborated,Newberry,GB,RES,15,GB,historical_observation_only,,,,no_pre_2014_contract,1,,unknown,last_observed_before_week17;no_pre_2014_contract
00-0029604,Kirk Cousins,QB,1988-08-19,corroborated,Michigan State,WAS,ACT,17,JAX,jacksonville_control,Active 53,,,branch_register_controls,1,,branch_register_controls,
00-0029605,Isaiah Green,DB,1989-08-10,single_provider,Fresno State,PIT,ACT,17,PIT,historical_observation_only,,,,no_pre_2014_contract,1,,unknown,no_pre_2014_contract
00-0029606,Harrison Smith,FS,1989-02-02,corroborated,Notre Dame,MIN,ACT,17,MIN,historical_observation_only,,2012,2015,estimated_not_verified,1,,unknown,
00-0029607,Demario Davis,ILB,1989-01-11,corroborated,Arkansas State,NYJ,ACT,17,NYJ,historical_observation_only,,2012,2015,estimated_not_verified,1,,unknown,
00-0029608,T.Y. Hilton,WR,1989-11-14,corroborated,Florida International,IND,ACT,19,IND,historical_observation_only,,2012,2015,estimated_not_verified,1,,unknown,
00-0029609,Philip Blake,C,1985-11-27,single_provider,Baylor,,,,,historical_observation_only,,,,club_unresolved,,,unknown,club_unresolved;missing_or_conflicting_source_status;no_2013_roster_observation;placement_unknown
00-0029610,Mike Harris,CB,1989-01-05,corroborated,Florida State; El Camino,JAX,ACT,17,JAX,jacksonville_control,Active 53,,,branch_register_controls,1,,branch_register_controls,
00-0029612,Daryl Richardson,RB,1990-04-12,corroborated,Abilene Christian; Cisco Junior College,STL,ACT,17,STL,historical_observation_only,,,,no_matching_club_contract,1,,unknown,no_matching_club_contract
00-0029613,Doug Martin,RB,1989-01-13,corroborated,Boise State,TB,RES,9,TB,historical_observation_only,,2012,2015,estimated_not_verified,1,,unknown,last_observed_before_week17
00-0029614,Chris Givens,WR,1989-12-06,corroborated,Wake Forest,STL,ACT,17,STL,historical_observation_only,,,,missing_otc_id,1,,unknown,missing_otc_id
00-0029615,Lamar Miller,RB,1991-04-25,corroborated,Miami,MIA,ACT,17,MIA,historical_observation_only,,2012,2015,estimated_not_verified,1,,unknown,
00-0029616,Rokevious Watkins,G,1989-02-24,single_provider,South Carolina; Georgia Military,KC,ACT,18,KC,historical_observation_only,,2013,2015,estimated_not_verified,1,,unknown,
00-0029617,Jonathan Massaquoi,DE,1988-05-11,corroborated,Troy; Butler County JC,ATL,ACT,17,ATL,historical_observation_only,,2012,2015,estimated_not_verified,1,,unknown,
00-0029620,Brandon Marshall,OLB,1989-09-10,single_provider,Nevada,DEN,ACT,21,,unplaced_branch_claim,,2013,2013,estimated_not_verified,1,,unknown,branch_claimant_unknown
00-0029621,Greg Zuerlein,K,1987-12-27,corroborated,Missouri Western; Nebraska-Omaha,STL,ACT,17,STL,historical_observation_only,,2012,2015,estimated_not_verified,1,,unknown,
00-0029622,Jeris Pendleton,DT,1983-11-07,corroborated,Ashland; Joliet Junior College,IND,ACT,19,JAX,jacksonville_control,Active 53,,,branch_register_controls,1,,branch_register_controls,
00-0029623,Alex Tanney,QB,1987-11-11,single_provider,Monmouth College,CLE,ACT;TRC,17,CLE,historical_observation_only,,,,no_pre_2014_contract,1,,unknown,missing_or_conflicting_source_status;no_pre_2014_contract;release_status_needs_dated_source
00-0029626,Isaiah Pead,RB,1989-12-14,single_provider,Cincinnati,STL,ACT,17,STL,historical_observation_only,,2012,2015,estimated_not_verified,1,,unknown,
00-0029627,Jack Crawford,DE,1988-09-07,corroborated,Penn State,OAK,ACT,17,OAK,historical_observation_only,,2012,2015,estimated_not_verified,1,,unknown,
00-0029628,Christo Bilukidi,DT,1989-12-13,corroborated,Georgia State; Eastern Arizona,CIN,ACT;TRD,18,CIN,historical_observation_only,,2013,2014,estimated_not_verified,1,,unknown,missing_or_conflicting_source_status;release_status_needs_dated_source
00-0029629,Nathan Stupar,ILB,1988-03-14,corroborated,Penn State,JAX,ACT;TRC,17,,real_jaguars_only,,2013,2014,estimated_not_verified,1,,unknown,missing_or_conflicting_source_status;real_jaguars_move_not_applied;release_status_needs_dated_source
00-0029630,Michael Brockers,DT,1990-12-21,corroborated,LSU,STL,ACT,17,STL,historical_observation_only,,2012,2016,estimated_not_verified,1,,unknown,
00-0029631,Miles Burris,OLB,1988-06-27,single_provider,San Diego State,OAK,ACT,17,OAK,historical_observation_only,,2012,2015,estimated_not_verified,1,,unknown,
00-0029632,Mohamed Sanu,WR,1989-08-22,corroborated,Rutgers,CIN,ACT,18,CIN,historical_observation_only,,2012,2015,estimated_not_verified,1,,unknown,
00-0029633,Danny Coale,WR,1988-06-27,single_provider,Virginia Tech,,,,,historical_observation_only,,,,club_unresolved,,,unknown,club_unresolved;missing_or_conflicting_source_status;no_2013_roster_observation;placement_unknown
00-0029634,James Hanna,TE,1989-07-14,corroborated,Oklahoma,DAL,ACT,17,DAL,historical_observation_only,,2012,2015,estimated_not_verified,1,,unknown,
00-0029635,Caleb McSurdy,LB,1990-02-24,single_provider,Montana,,,,,historical_observation_only,,,,club_unresolved,,,unknown,club_unresolved;missing_or_conflicting_source_status;no_2013_roster_observation;placement_unknown
00-0029638,Michael Floyd,WR,1989-11-27,corroborated,Notre Dame,ARI,ACT,17,ARI,historical_observation_only,,2012,2016,estimated_not_verified,1,,unknown,
00-0029639,Jamell Fleming,CB,1989-05-05,corroborated,Oklahoma,JAX,ACT;TRC,17,,real_jaguars_only,,2012,2015,estimated_not_verified,1,,unknown,missing_or_conflicting_source_status;real_jaguars_move_not_applied;release_status_needs_dated_source
00-0029640,Brian Quick,WR,1989-06-05,corroborated,Appalachian State,STL,ACT,17,STL,historical_observation_only,,2012,2015,estimated_not_verified,1,,unknown,
00-0029641,Tyrone Crawford,DT,1989-11-22,single_provider,Boise State; Bakersfield College,,,,,historical_observation_only,,,,club_unresolved,,,unknown,club_unresolved;missing_or_conflicting_source_status;no_2013_roster_observation;placement_unknown
00-0029642,Jordan White,WR,1988-06-04,single_provider,Western Michigan,,,,,historical_observation_only,,,,club_unresolved,,,unknown,club_unresolved;missing_or_conflicting_source_status;no_2013_roster_observation;placement_unknown
00-0029643,Whitney Mercilus,OLB,1990-07-21,corroborated,Illinois,HOU,ACT,17,HOU,historical_observation_only,,2012,2015,estimated_not_verified,1,,unknown,
00-0029646,Jake Bequette,DE,1989-02-21,corroborated,Arkansas,NE,ACT,20,NE,historical_observation_only,,2012,2015,estimated_not_verified,1,,unknown,
00-0029647,Kyle Wilber,DE,1989-04-26,corroborated,Wake Forest,DAL,ACT,17,DAL,historical_observation_only,,2012,2015,estimated_not_verified,1,,unknown,
00-0029648,Matt Johnson,S,1989-07-22,single_provider,Eastern Washington,,,,,historical_observation_only,,,,club_unresolved,,,unknown,club_unresolved;missing_or_conflicting_source_status;no_2013_roster_observation;placement_unknown
00-0029649,Kyle Knox,OLB,1989-03-10,single_provider,Fresno State,NO,ACT;TRC,19,NO,historical_observation_only,,,,no_pre_2014_contract,1,,unknown,missing_or_conflicting_source_status;no_pre_2014_contract;release_status_needs_dated_source
00-0029653,Fletcher Cox,DE,1990-12-13,corroborated,Mississippi State,PHI,ACT,18,PHI,historical_observation_only,,2012,2015,estimated_not_verified,1,,unknown,
00-0029654,A.J. Jenkins,WR,1989-09-08,corroborated,Illinois,KC,ACT,18,KC,historical_observation_only,,2012,2015,estimated_not_verified,1,,unknown,
00-0029657,Akiem Hicks,DE,1989-11-16,corroborated,Regina; Sacramento City,NO,ACT,19,NO,historical_observation_only,,2012,2015,estimated_not_verified,1,,unknown,
00-0029658,Corey White,CB,1990-05-09,corroborated,Samford,NO,ACT,19,NO,historical_observation_only,,2012,2015,estimated_not_verified,1,,unknown,
00-0029659,Marcel Jones,OT,1988-09-04,single_provider,Nebraska,,,,,historical_observation_only,,,,club_unresolved,,,unknown,club_unresolved;missing_or_conflicting_source_status;no_2013_roster_observation;placement_unknown
00-0029660,T.J. Graham,WR,1989-07-27,corroborated,N.C. State,BUF,ACT,17,BUF,historical_observation_only,,2012,2015,estimated_not_verified,1,,unknown,
00-0029661,Andrew Tiller,G,1989-03-13,single_provider,Syracuse; Nassau CC,,,,,historical_observation_only,,,,club_unresolved,,,unknown,club_unresolved;missing_or_conflicting_source_status;no_2013_roster_observation;placement_unknown
00-0029664,Josh Gordon,WR,1991-04-13,single_provider,Utah; Baylor,CLE,ACT,17,CLE,historical_observation_only,,2012,2015,estimated_not_verified,1,,unknown,
00-0029665,Robert Griffin,QB,1990-02-12,corroborated,Baylor,WAS,ACT,17,WAS,historical_observation_only,,2012,2016,estimated_not_verified,1,,unknown,
00-0029666,Josh LeRibeus,G,1989-07-02,corroborated,SMU,WAS,ACT,17,WAS,historical_observation_only,,2012,2015,estimated_not_verified,1,,unknown,
00-0029667,Nick Toon,WR,1988-11-04,corroborated,Wisconsin,NO,ACT,19,NO,historical_observation_only,,2012,2015,estimated_not_verified,1,,unknown,
00-0029668,Andrew Luck,QB,1989-09-12,corroborated,Stanford,IND,ACT,19,IND,historical_observation_only,,2012,2015,estimated_not_verified,1,,unknown,
00-0029669,Dont'a Hightower,OLB,1990-03-12,corroborated,Alabama,NE,ACT,20,NE,historical_observation_only,,2012,2016,estimated_not_verified,1,,unknown,
00-0029670,Mark Barron,SS,1989-10-27,corroborated,Alabama,TB,ACT,17,TB,historical_observation_only,,2012,2015,estimated_not_verified,1,,unknown,
00-0029672,Riley Reiff,T,1988-12-01,corroborated,Iowa,DET,ACT,17,DET,historical_observation_only,,2012,2016,estimated_not_verified,1,,unknown,
00-0029673,DeVier Posey,WR,1990-03-15,corroborated,Ohio State,HOU,ACT,17,HOU,historical_observation_only,,2012,2015,estimated_not_verified,1,,unknown,
00-0029675,Trent Richardson,RB,1990-07-10,corroborated,Alabama,IND,ACT;TRD,19,IND,historical_observation_only,,2012,2015,estimated_not_verified,1,,unknown,missing_or_conflicting_source_status;release_status_needs_dated_source
00-0029676,Morris Claiborne,CB,1990-02-07,corroborated,LSU,DAL,ACT,17,DAL,historical_observation_only,,2012,2015,estimated_not_verified,1,,unknown,
00-0029677,Brandon Weeden,QB,1983-10-14,corroborated,Oklahoma State,CLE,ACT,17,CLE,historical_observation_only,,2012,2015,estimated_not_verified,1,,unknown,
00-0029678,David DeCastro,G,1990-01-11,corroborated,Stanford,PIT,ACT,17,PIT,historical_observation_only,,2012,2016,estimated_not_verified,1,,unknown,
00-0029679,Brandon Brooks,G,1989-08-19,corroborated,Miami (Ohio),HOU,ACT,17,HOU,historical_observation_only,,2012,2015,estimated_not_verified,1,,unknown,
00-0029681,Janoris Jenkins,CB,1988-10-29,corroborated,North Alabama; Florida,STL,ACT,17,STL,historical_observation_only,,2012,2015,estimated_not_verified,1,,unknown,
00-0029682,Brock Osweiler,QB,1990-11-22,corroborated,Arizona State,DEN,ACT,21,DEN,historical_observation_only,,2012,2015,estimated_not_verified,1,,unknown,
00-0029683,Ronnie Hillman,RB,1991-09-14,corroborated,San Diego State,DEN,ACT,21,DEN,historical_observation_only,,2012,2015,estimated_not_verified,1,,unknown,
00-0029684,Brandon Thompson,NT,1989-10-19,corroborated,Clemson,CIN,ACT,18,CIN,historical_observation_only,,2012,2015,estimated_not_verified,1,,unknown,
00-0029685,Greg Van Roten,G,1990-02-26,corroborated,Penn,GB,RES,6,GB,historical_observation_only,,,,no_pre_2014_contract,1,,unknown,last_observed_before_week17;no_pre_2014_contract
00-0029687,Matt Kalil,T,1989-07-06,corroborated,USC,MIN,ACT,17,MIN,historical_observation_only,,2012,2016,estimated_not_verified,1,,unknown,
00-0029688,Dontari Poe,NT,1990-08-18,corroborated,Memphis,KC,ACT,18,KC,historical_observation_only,,2012,2016,estimated_not_verified,1,,unknown,
00-0029689,Dwayne Allen,TE,1990-02-24,corroborated,Clemson,IND,RES,2,IND,historical_observation_only,,2012,2015,estimated_not_verified,1,,unknown,last_observed_before_week17
00-0029690,Trumaine Johnson,CB,1990-01-01,corroborated,Montana,STL,ACT,17,STL,historical_observation_only,,2012,2015,estimated_not_verified,1,,unknown,
00-0029691,Josh Robinson,CB,1991-01-08,corroborated,UCF,MIN,RES,14,MIN,historical_observation_only,,2012,2015,estimated_not_verified,1,,unknown,last_observed_before_week17
00-0029692,Bryan Anger,P,1988-10-06,corroborated,California,JAX,ACT,17,JAX,jacksonville_control,Active 53,,,branch_register_controls,1,,branch_register_controls,
00-0029693,Olivier Vernon,DE,1990-10-07,corroborated,Miami,MIA,ACT,17,MIA,historical_observation_only,,2012,2015,estimated_not_verified,1,,unknown,
00-0029694,Michael Egnew,TE,1989-11-01,corroborated,Missouri,MIA,ACT,17,MIA,historical_observation_only,,2012,2015,estimated_not_verified,1,,unknown,
00-0029696,Chris Lewis-Harris,DB,1989-02-11,single_provider,Tennessee-Chattanooga,CIN,ACT,18,CIN,historical_observation_only,,,,no_pre_2014_contract,1,,unknown,no_pre_2014_contract
00-0029697,Coby Fleener,TE,1988-09-20,corroborated,Stanford,IND,ACT,19,IND,historical_observation_only,,2012,2015,estimated_not_verified,1,,unknown,
00-0029699,Tony Bergstrom,G,1986-08-06,single_provider,Utah,,,,,historical_observation_only,,,,club_unresolved,,,unknown,club_unresolved;missing_or_conflicting_source_status;no_2013_roster_observation;placement_unknown
00-0029701,Ryan Tannehill,QB,1988-07-27,corroborated,Texas A&M,MIA,ACT,17,MIA,historical_observation_only,,2012,2015,estimated_not_verified,1,,unknown,
00-0029702,Juron Criner,WR,1989-12-12,corroborated,Arizona,OAK,RES,11,OAK,historical_observation_only,,2012,2015,estimated_not_verified,1,,unknown,last_observed_before_week17
00-0029707,Justin Blackmon,WR,1990-01-09,corroborated,Oklahoma State,JAX,SUS,8,JAX,jacksonville_control,Active 53,,,branch_register_controls,1,,branch_register_controls,last_observed_before_week17
00-0029708,Kendall Wright,WR,1989-11-12,corroborated,Baylor,TEN,ACT,17,TEN,historical_observation_only,,2012,2016,estimated_not_verified,1,,unknown,
00-0029709,Ty Nsekhe,OT,1985-10-27,single_provider,Texas State-San Marcos,,,,,historical_observation_only,,,,club_unresolved,,,unknown,club_unresolved;missing_or_conflicting_source_status;no_2013_roster_observation;placement_unknown
00-0029722,Jeff Demps,RB,1990-01-08,single_provider,Florida,TB,RES,9,TB,historical_observation_only,,,,no_pre_2014_contract,1,,unknown,last_observed_before_week17;no_pre_2014_contract
00-0029731,Fozzy Whittaker,RB,1989-02-02,corroborated,Texas,CLE,ACT;TRD,17,CLE,historical_observation_only,,,,no_pre_2014_contract,1,,unknown,missing_or_conflicting_source_status;no_pre_2014_contract;release_status_needs_dated_source
00-0029735,Jason Vega,DE,1987-05-30,single_provider,"Northeastern University, Mass",DAL,CUT,8,DAL,historical_observation_only,,,,no_pre_2014_contract,1,,unknown,last_observed_before_week17;no_pre_2014_contract;release_status_needs_dated_source
00-0029738,Darren Fells,TE,1986-04-22,single_provider,UC Irvine,,,,,historical_observation_only,,,,club_unresolved,,,unknown,club_unresolved;missing_or_conflicting_source_status;no_2013_roster_observation;placement_unknown
00-0029744,Josh McNary,LB,1988-04-10,single_provider,Army,IND,ACT,19,IND,historical_observation_only,,,,no_pre_2014_contract,0,,unknown,no_pre_2014_contract
00-0029747,Chris Banjo,FS,1990-02-26,corroborated,SMU,GB,ACT,18,GB,historical_observation_only,,,,no_pre_2014_contract,0,,unknown,no_pre_2014_contract
00-0029754,Shelton Johnson,DB,1990-07-16,single_provider,Wisconsin,OAK,ACT,17,OAK,historical_observation_only,,,,no_pre_2014_contract,0,,unknown,no_pre_2014_contract
00-0029756,Lamar Mady,G,1990-12-13,single_provider,Youngstown State; Butler County JC,OAK,ACT,17,OAK,historical_observation_only,,,,no_pre_2014_contract,0,,unknown,no_pre_2014_contract
00-0029764,Cody Davis,DB,1989-06-06,single_provider,Texas Tech,STL,ACT,17,STL,historical_observation_only,,,,ambiguous_same_year_terms,0,,unknown,ambiguous_same_year_terms
00-0029767,Robert Steeples,DB,1989-11-27,single_provider,Memphis; Missouri,MIN,ACT,17,MIN,historical_observation_only,,,,no_pre_2014_contract,0,,unknown,no_pre_2014_contract
00-0029770,Joplo Bartu,OLB,1989-10-03,corroborated,Texas State-San Marcos,ATL,ACT,17,ATL,historical_observation_only,,,,no_pre_2014_contract,0,,unknown,no_pre_2014_contract
00-0029778,Darius Johnson,WR,1991-02-22,single_provider,SMU,ATL,ACT,17,ATL,historical_observation_only,,,,no_pre_2014_contract,0,,unknown,no_pre_2014_contract
00-0029779,Terren Jones,T,1991-11-19,single_provider,Alabama State,ATL,ACT,17,ATL,historical_observation_only,,,,no_pre_2014_contract,0,,unknown,no_pre_2014_contract
00-0029781,Adam Replogle,DT,1990-10-10,single_provider,Indiana,ATL,ACT,17,ATL,historical_observation_only,,,,no_pre_2014_contract,0,,unknown,no_pre_2014_contract
00-0029786,Ryan Schraeder,T,1988-05-04,corroborated,Valdosta State; Butler County JC,ATL,ACT,17,ATL,historical_observation_only,,2013,2015,estimated_not_verified,0,,unknown,
00-0029791,Ronnie Wingo,RB,1991-02-18,single_provider,Arkansas,BUF,ACT,17,BUF,historical_observation_only,,,,no_pre_2014_contract,0,,unknown,no_pre_2014_contract
00-0029792,Paul Worrilow,MLB,1990-05-01,corroborated,Delaware,ATL,ACT,17,ATL,historical_observation_only,,2013,2015,estimated_not_verified,0,,unknown,
00-0029793,Brandon Williams,TE,1987-10-12,corroborated,Oregon; Joliet Junior College,CAR,ACT,19,CAR,historical_observation_only,,,,no_pre_2014_contract,0,,unknown,no_pre_2014_contract
00-0029794,Daren Bates,OLB,1990-11-27,corroborated,Auburn,STL,ACT,17,STL,historical_observation_only,,2013,2015,estimated_not_verified,0,,unknown,
00-0029795,Benny Cunningham,RB,1990-07-07,corroborated,Middle Tennessee State,STL,ACT,17,STL,historical_observation_only,,,,no_pre_2014_contract,0,,unknown,no_pre_2014_contract
00-0029815,Jayson DiManche,OLB,1990-09-22,corroborated,Southern Illinois,CIN,ACT,18,CIN,historical_observation_only,,,,no_pre_2014_contract,0,,unknown,no_pre_2014_contract
00-0029825,Sheldon Price,DB,1991-03-26,single_provider,UCLA,IND,ACT,19,IND,historical_observation_only,,,,no_pre_2014_contract,0,,unknown,no_pre_2014_contract
00-0029840,Caylin Hauptmann,T,1991-07-10,single_provider,Florida International; College of the Canyons,SEA,ACT;TRC,21,SEA,historical_observation_only,,,,no_pre_2014_contract,0,,unknown,missing_or_conflicting_source_status;no_pre_2014_contract;release_status_needs_dated_source
00-0029843,Cordell Roberson,WR,1990-12-03,single_provider,Stephen F. Austin State,BUF,ACT;TRC,17,BUF,historical_observation_only,,,,no_pre_2014_contract,0,,unknown,missing_or_conflicting_source_status;no_pre_2014_contract;release_status_needs_dated_source
00-0029847,Martin Wallace,T,1990-04-22,corroborated,"Temple; Northeastern University, Mass",CLE,ACT,17,CLE,historical_observation_only,,,,no_pre_2014_contract,0,,unknown,no_pre_2014_contract
00-0029848,Nick Williams,WR,1990-11-23,single_provider,Connecticut,WAS,ACT,17,WAS,historical_observation_only,,,,no_pre_2014_contract,0,,unknown,no_pre_2014_contract
00-0029853,Josh Aubrey,SS,1991-04-09,corroborated,Stephen F. Austin State,CLE,RES,6,CLE,historical_observation_only,,,,no_pre_2014_contract,0,,unknown,last_observed_before_week17;no_pre_2014_contract
00-0029854,C.J. Anderson,RB,1991-02-10,corroborated,California; Laney College,DEN,ACT,21,JAX,jacksonville_control,Active 53,,,branch_register_controls,0,,branch_register_controls,
00-0029856,Lamaar Thomas,WR,1990-04-23,single_provider,New Mexico,JAX,ACT,17,,real_jaguars_only,,,,no_pre_2014_contract,0,,unknown,no_pre_2014_contract;real_jaguars_move_not_applied
00-0029857,Ryan Griffin,QB,1989-11-17,single_provider,Tulane,NO,ACT,19,NO,historical_observation_only,,,,no_pre_2014_contract,0,,unknown,no_pre_2014_contract
00-0029867,Xavier Nixon,T,1990-09-17,single_provider,Florida,IND,ACT;TRC,19,IND,historical_observation_only,,,,no_pre_2014_contract,0,,unknown,missing_or_conflicting_source_status;no_pre_2014_contract;release_status_needs_dated_source
00-0029868,Skye Dawson,WR,1990-12-02,single_provider,TCU,TB,ACT,17,TB,historical_observation_only,,,,no_pre_2014_contract,0,,unknown,no_pre_2014_contract
00-0029869,Will Compton,LB,1989-09-19,single_provider,Nebraska,WAS,ACT,17,WAS,historical_observation_only,,,,no_pre_2014_contract,0,,unknown,no_pre_2014_contract
00-0029876,Jumal Rolle,DB,1990-05-28,single_provider,Catawba College,GB,ACT;TRD,18,GB,historical_observation_only,,,,no_pre_2014_contract,0,,unknown,missing_or_conflicting_source_status;no_pre_2014_contract;release_status_needs_dated_source
00-0029878,MarQueis Gray,TE,1989-11-07,corroborated,Minnesota,CLE,ACT,17,CLE,historical_observation_only,,2013,2013,estimated_not_verified,0,ERFA,experience_estimate,
00-0029879,Kevin McDermott,LS,1990-01-12,corroborated,UCLA,SF,ACT,20,SF,historical_observation_only,,2013,2015,estimated_not_verified,0,,unknown,
00-0029880,Jonathan Stewart,MLB,1990-11-23,corroborated,Texas A&M,STL,DEV;TRC;TRD,1,STL,historical_observation_only,,2013,2015,estimated_not_verified,0,,unknown,last_observed_before_week17;missing_or_conflicting_source_status;release_status_needs_dated_source
00-0029882,Michael Brooks,DT,1991-08-28,single_provider,East Carolina,SEA,DEV,10,SEA,historical_observation_only,,,,no_pre_2014_contract,0,,unknown,last_observed_before_week17;no_pre_2014_contract
00-0029883,Joseph Fauria,TE,1990-01-16,corroborated,UCLA; Notre Dame,DET,ACT,17,DET,historical_observation_only,,,,no_pre_2014_contract,0,,unknown,no_pre_2014_contract
00-0029886,LaAdrian Waddle,T,1991-07-21,corroborated,Texas Tech,DET,ACT,17,DET,historical_observation_only,,,,no_pre_2014_contract,0,,unknown,no_pre_2014_contract
00-0029888,Darryl Morris,DB,1990-09-04,single_provider,Texas State-San Marcos,SF,ACT,20,SF,historical_observation_only,,,,no_pre_2014_contract,0,,unknown,no_pre_2014_contract
00-0029889,Patrick Omameh,G,1989-12-29,single_provider,Michigan,TB,ACT;TRD,17,TB,historical_observation_only,,2013,2015,estimated_not_verified,0,,unknown,missing_or_conflicting_source_status;release_status_needs_dated_source
00-0029892,Kyle Juszczyk,FB,1991-04-23,corroborated,Harvard,BAL,ACT,17,BAL,historical_observation_only,,2013,2016,estimated_not_verified,0,,unknown,
00-0029893,Ricky Wagner,T,1989-10-21,corroborated,Wisconsin,BAL,ACT,17,BAL,historical_observation_only,,2013,2016,estimated_not_verified,0,,unknown,
00-0029894,Kapron Lewis-Moore,DE,1990-01-24,single_provider,Notre Dame,,,,,historical_observation_only,,,,club_unresolved,,,unknown,club_unresolved;missing_or_conflicting_source_status;no_2013_roster_observation;placement_unknown
00-0029895,Ryan Jensen,C,1991-05-27,corroborated,Colorado State (Pueblo),BAL,ACT,17,BAL,historical_observation_only,,2013,2016,estimated_not_verified,0,,unknown,
00-0029896,Aaron Mellette,WR,1989-12-28,corroborated,Elon,BAL,RES,1,BAL,historical_observation_only,,2013,2016,estimated_not_verified,0,,unknown,last_observed_before_week17
00-0029897,Marc Anthony,CB,1989-11-14,single_provider,California,,,,,historical_observation_only,,,,club_unresolved,,,unknown,club_unresolved;missing_or_conflicting_source_status;no_2013_roster_observation;placement_unknown
00-0029898,Deveron Carr,DB,1990-08-10,single_provider,Arizona State,TB,ACT,17,TB,historical_observation_only,,,,no_pre_2014_contract,0,,unknown,no_pre_2014_contract
00-0029901,Rashaan Melvin,CB,1989-10-02,single_provider,Northern Illinois,TB,RES,6,TB,historical_observation_only,,2013,2015,estimated_not_verified,0,,unknown,last_observed_before_week17
00-0029910,Timothy Wright,TE,1990-04-07,corroborated,Rutgers,TB,ACT,17,TB,historical_observation_only,,,,no_pre_2014_contract,0,,unknown,no_pre_2014_contract
00-0029911,Brian Arnfelt,DE,1989-10-11,single_provider,Northwestern,PIT,ACT,17,PIT,historical_observation_only,,,,no_pre_2014_contract,0,,unknown,no_pre_2014_contract
00-0029927,Darius Eubanks,LB,1991-07-12,single_provider,Georgia Southern,CLE,ACT,17,CLE,historical_observation_only,,,,no_pre_2014_contract,0,,unknown,no_pre_2014_contract
00-0029931,Zach Line,FB,1990-04-26,corroborated,SMU,MIN,RES,3,MIN,historical_observation_only,,,,no_pre_2014_contract,0,,unknown,last_observed_before_week17;no_pre_2014_contract
00-0029934,Rodney Smith,WR,1990-03-11,single_provider,Florida State,MIN,ACT,17,MIN,historical_observation_only,,,,no_pre_2014_contract,0,,unknown,no_pre_2014_contract
00-0029942,Marcus Burley,DB,1990-07-16,single_provider,Delaware,JAX,DEV;TRC;TRT,2,,real_jaguars_only,,,,no_pre_2014_contract,0,,unknown,last_observed_before_week17;missing_or_conflicting_source_status;no_pre_2014_contract;real_jaguars_move_not_applied;release_status_needs_dated_source
00-0029945,Paul Hazel,OLB,1990-05-04,corroborated,Western Michigan,CLE,ACT,17,CLE,historical_observation_only,,,,no_pre_2014_contract,0,,unknown,no_pre_2014_contract
00-0029946,Abry Jones,DT,1991-09-08,single_provider,Georgia,JAX,ACT,17,,real_jaguars_only,,2013,2015,estimated_not_verified,0,,unknown,real_jaguars_move_not_applied
00-0029952,Tobais Palmer,WR,1990-02-20,single_provider,N.C. State; Georgia Military,JAX,DEV;TRD,4,,real_jaguars_only,,,,no_pre_2014_contract,0,,unknown,last_observed_before_week17;missing_or_conflicting_source_status;no_pre_2014_contract;real_jaguars_move_not_applied;release_status_needs_dated_source
00-0029953,Lonnie Pryor,RB,1990-02-22,single_provider,Florida State,TB,ACT;TRC,17,TB,historical_observation_only,,,,no_pre_2014_contract,0,,unknown,missing_or_conflicting_source_status;no_pre_2014_contract;release_status_needs_dated_source
00-0029955,LaRoy Reynolds,MLB,1990-11-03,single_provider,Virginia,JAX,ACT,17,,real_jaguars_only,,2013,2015,estimated_not_verified,0,,unknown,real_jaguars_move_not_applied
00-0029959,Carson Tinker,LS,1989-11-15,single_provider,Alabama,JAX,ACT,17,,real_jaguars_only,,2013,2014,estimated_not_verified,0,,unknown,real_jaguars_move_not_applied
00-0029963,Chris Hubbard,OT,1991-04-23,single_provider,UAB,,,,,historical_observation_only,,,,club_unresolved,,,unknown,club_unresolved;missing_or_conflicting_source_status;no_2013_roster_observation;placement_unknown
00-0029965,Chris Barker,G,1990-08-03,corroborated,Nevada,NE,ACT,20,NE,historical_observation_only,,,,no_pre_2014_contract,0,,unknown,no_pre_2014_contract
00-0029967,Sam Brenner,C,1990-04-27,single_provider,Utah,MIA,ACT,17,MIA,historical_observation_only,,,,no_pre_2014_contract,0,,unknown,no_pre_2014_contract
00-0029972,A.J. Francis,DT,1990-05-07,single_provider,Maryland,MIA,ACT;TRT,17,MIA,historical_observation_only,,,,no_pre_2014_contract,0,,unknown,missing_or_conflicting_source_status;no_pre_2014_contract;release_status_needs_dated_source
00-0029974,Keelan Johnson,DB,1989-09-26,single_provider,Arizona State,PHI,ACT,18,PHI,historical_observation_only,,,,no_pre_2014_contract,0,,unknown,no_pre_2014_contract
00-0029975,Jordan Kovacs,DB,1990-06-12,single_provider,Michigan,MIA,ACT,17,MIA,historical_observation_only,,,,no_pre_2014_contract,0,,unknown,no_pre_2014_contract
00-0029984,Ryan Allen,P,1990-02-28,corroborated,Louisiana Tech; Oregon State,NE,ACT,20,NE,historical_observation_only,,,,no_pre_2014_contract,0,,unknown,no_pre_2014_contract
00-0029987,Kanorris Davis,DB,1990-01-21,single_provider,Troy,NE,ACT,20,NE,historical_observation_only,,,,no_pre_2014_contract,0,,unknown,no_pre_2014_contract
00-0029992,Josh Kline,T,1989-12-29,corroborated,Kent State,NE,ACT,20,NE,historical_observation_only,,,,ambiguous_same_year_terms,0,,unknown,ambiguous_same_year_terms
00-0029999,Zach Sudfeld,TE,1989-04-18,corroborated,Nevada,NYJ,ACT;TRT,17,NYJ,historical_observation_only,,,,no_pre_2014_contract,0,,unknown,missing_or_conflicting_source_status;no_pre_2014_contract;release_status_needs_dated_source
00-0030000,Kenbrell Thompkins,WR,1988-07-29,corroborated,Cincinnati; El Camino; Palomar College,NE,ACT,20,NE,historical_observation_only,,,,no_pre_2014_contract,0,,unknown,no_pre_2014_contract
00-0030001,Joe Vellano,DT,1988-10-30,corroborated,Maryland,NE,ACT,20,NE,historical_observation_only,,,,no_pre_2014_contract,0,,unknown,no_pre_2014_contract
00-0030020,Brynden Trawick,S,1989-10-23,corroborated,Troy; Michigan State; Booneville JC (MS),BAL,ACT,17,JAX,jacksonville_control,Active 53,,,branch_register_controls,0,,branch_register_controls,
00-0030021,Joe Unga,T,1987-01-05,single_provider,Midwestern State,BUF,ACT;TRD,17,BUF,historical_observation_only,,,,no_pre_2014_contract,0,,unknown,missing_or_conflicting_source_status;no_pre_2014_contract;release_status_needs_dated_source
00-0030024,Jeff Tuel,QB,1991-02-12,corroborated,Washington State,BUF,ACT,17,BUF,historical_observation_only,,,,no_pre_2014_contract,0,,unknown,no_pre_2014_contract
00-0030027,Khaseem Greene,OLB,1989-02-04,corroborated,Rutgers,CHI,ACT,17,CHI,historical_observation_only,,2013,2016,estimated_not_verified,0,,unknown,
00-0030032,Ka'Lial Glaud,LB,1990-11-09,single_provider,Rutgers,TB,ACT,17,TB,historical_observation_only,,,,no_pre_2014_contract,0,,unknown,no_pre_2014_contract
00-0030033,Terence Garvin,ILB,1991-01-01,corroborated,West Virginia,PIT,ACT,17,PIT,historical_observation_only,,,,no_pre_2014_contract,0,,unknown,no_pre_2014_contract
00-0030035,Adam Thielen,WR,1990-08-22,corroborated,Minnesota State,,,,JAX,jacksonville_control,Active 53,,,branch_register_controls,,,branch_register_controls,missing_or_conflicting_source_status;no_2013_roster_observation
00-0030041,Nickell Robey,CB,1992-01-17,corroborated,USC,BUF,ACT,17,BUF,historical_observation_only,,2013,2015,estimated_not_verified,0,,unknown,
00-0030043,Da'Rick Rogers,WR,1991-06-18,single_provider,Tennessee Technological Univ; Tennessee,IND,ACT,19,IND,historical_observation_only,,,,no_pre_2014_contract,0,,unknown,no_pre_2014_contract
00-0030046,Jordan Mills,T,1990-12-24,corroborated,Louisiana Tech,CHI,ACT,17,CHI,historical_observation_only,,2013,2016,estimated_not_verified,0,,unknown,
00-0030047,Marquess Wilson,WR,1992-09-14,corroborated,Washington State,CHI,ACT,17,CHI,historical_observation_only,,2013,2016,estimated_not_verified,0,,unknown,
00-0030048,Cornelius Washington,DE,1989-09-10,corroborated,Georgia,CHI,ACT,17,CHI,historical_observation_only,,2013,2016,estimated_not_verified,0,,unknown,
00-0030049,Chris Gragg,TE,1990-06-30,corroborated,Arkansas,BUF,ACT,17,BUF,historical_observation_only,,2013,2016,estimated_not_verified,0,,unknown,
00-0030050,Ray-Ray Armstrong,OLB,1991-03-05,corroborated,Miami; Faulkner,STL,ACT,17,STL,historical_observation_only,,,,no_pre_2014_contract,0,,unknown,no_pre_2014_contract
00-0030052,Gerald Rivers,DE,1990-06-22,corroborated,Mississippi,JAX,ACT;TRC,17,,real_jaguars_only,,,,no_pre_2014_contract,0,,unknown,missing_or_conflicting_source_status;no_pre_2014_contract;real_jaguars_move_not_applied;release_status_needs_dated_source
00-0030059,Ezekiel Ansah,DE,1989-05-29,corroborated,BYU,DET,ACT,17,DET,historical_observation_only,,2013,2017,estimated_not_verified,0,,unknown,
00-0030060,Kenny Vaccaro,SS,1991-02-15,corroborated,Texas,NO,RES,16,NO,historical_observation_only,,2013,2017,estimated_not_verified,0,,unknown,last_observed_before_week17
00-0030061,Zach Ertz,TE,1990-11-10,corroborated,Stanford,PHI,ACT,18,PHI,historical_observation_only,,2013,2016,estimated_not_verified,0,,unknown,
00-0030062,Darius Slay,CB,1991-01-01,corroborated,Mississippi State; Itawamba JC,DET,ACT,17,DET,historical_observation_only,,2013,2016,estimated_not_verified,0,,unknown,
00-0030063,Johnathan Hankins,DT,1992-03-30,corroborated,Ohio State,NYG,ACT,17,NYG,historical_observation_only,,2013,2016,estimated_not_verified,0,,unknown,
00-0030064,Jon Bostic,MLB,1991-05-05,corroborated,Florida,CHI,ACT,17,CHI,historical_observation_only,,2013,2016,estimated_not_verified,0,,unknown,
00-0030065,Larry Warford,G,1991-06-18,corroborated,Kentucky,DET,ACT,17,DET,historical_observation_only,,2013,2016,estimated_not_verified,0,,unknown,
00-0030066,Brian Winters,G,1991-07-10,corroborated,Kent State,NYJ,ACT,17,NYJ,historical_observation_only,,,,missing_otc_id,0,,unknown,missing_otc_id
00-0030067,Terron Armstead,T,1991-07-23,corroborated,University of Arkansas at Pine Bluff,NO,ACT,19,NO,historical_observation_only,,2013,2016,estimated_not_verified,0,,unknown,
00-0030068,Marquise Goodwin,WR,1990-11-19,corroborated,Texas,BUF,ACT,17,BUF,historical_observation_only,,2013,2016,estimated_not_verified,0,,unknown,
00-0030069,Damontre Moore,DE,1992-09-11,corroborated,Texas A&M,NYG,ACT,17,NYG,historical_observation_only,,2013,2016,estimated_not_verified,0,,unknown,
00-0030070,John Jenkins,NT,1989-07-11,corroborated,Georgia; Gulf Coast CC; Mississippi,NO,ACT,19,NO,historical_observation_only,,2013,2016,estimated_not_verified,0,,unknown,
00-0030071,Hugh Thornton,G,1991-06-28,corroborated,Illinois,IND,ACT,19,IND,historical_observation_only,,2013,2016,estimated_not_verified,0,,unknown,
00-0030072,Jordan Hill,DT,1991-02-08,corroborated,Penn State,SEA,ACT,21,SEA,historical_observation_only,,,,missing_otc_id,0,,unknown,missing_otc_id
00-0030073,Duke Williams,FS,1990-10-15,corroborated,Nevada,BUF,ACT,17,BUF,historical_observation_only,,2013,2016,estimated_not_verified,0,,unknown,
00-0030074,David Bakhtiari,T,1991-09-30,corroborated,Colorado,GB,ACT,18,GB,historical_observation_only,,2013,2016,estimated_not_verified,0,,unknown,
00-0030075,Khaled Holmes,C,1990-01-19,corroborated,USC,IND,ACT,19,IND,historical_observation_only,,2013,2016,estimated_not_verified,0,,unknown,
00-0030076,J.C. Tretter,T,1991-02-12,single_provider,Cornell,GB,ACT,18,GB,historical_observation_only,,2013,2016,estimated_not_verified,0,,unknown,
00-0030077,Chris Harper,WR,1989-09-10,corroborated,Kansas State,GB,ACT;TRD,18,GB,historical_observation_only,,2013,2015,estimated_not_verified,0,,unknown,missing_or_conflicting_source_status;release_status_needs_dated_source
00-0030078,Johnathan Franklin,RB,1989-10-23,corroborated,UCLA,GB,RES,12,GB,historical_observation_only,,2013,2016,estimated_not_verified,0,,unknown,last_observed_before_week17
00-0030079,Devin Taylor,DE,1989-11-15,corroborated,South Carolina,DET,ACT,17,DET,historical_observation_only,,2013,2016,estimated_not_verified,0,,unknown,
00-0030080,Earl Wolff,SS,1989-12-15,corroborated,N.C. State,PHI,ACT,18,PHI,historical_observation_only,,2013,2016,estimated_not_verified,0,,unknown,
00-0030081,Jesse Williams,DT,1990-11-02,single_provider,Alabama; Arizona,,,,,historical_observation_only,,,,club_unresolved,,,unknown,club_unresolved;missing_or_conflicting_source_status;no_2013_roster_observation;placement_unknown
00-0030082,Montori Hughes,DT,1990-08-25,corroborated,Tennessee-Martin; Tennessee,IND,RES,16,IND,historical_observation_only,,2013,2016,estimated_not_verified,0,,unknown,last_observed_before_week17
00-0030083,Oday Aboushi,T,1991-06-05,single_provider,Virginia,NYJ,ACT,17,NYJ,historical_observation_only,,2013,2016,estimated_not_verified,0,,unknown,
00-0030084,Jonathan Meeks,SS,1989-11-08,corroborated,Clemson,BUF,ACT,17,BUF,historical_observation_only,,2013,2016,estimated_not_verified,0,,unknown,
00-0030085,Kenny Stills,WR,1992-04-22,corroborated,Oklahoma,NO,ACT,19,NO,historical_observation_only,,2013,2016,estimated_not_verified,0,,unknown,
00-0030086,Quanterus Smith,DE,1989-11-26,single_provider,Western Kentucky,,,,,historical_observation_only,,,,club_unresolved,,,unknown,club_unresolved;missing_or_conflicting_source_status;no_2013_roster_observation;placement_unknown
00-0030087,Cooper Taylor,SS,1990-04-14,corroborated,Richmond; Georgia Tech,NYG,RES,16,NYG,historical_observation_only,,2013,2016,estimated_not_verified,0,,unknown,last_observed_before_week17
00-0030088,Quinton Dial,DT,1990-07-21,single_provider,Alabama; East Mississippi JC,SF,ACT,20,SF,historical_observation_only,,2013,2016,estimated_not_verified,0,,unknown,
00-0030089,Luke Willson,TE,1990-01-15,corroborated,Rice,SEA,ACT,21,SEA,historical_observation_only,,2013,2016,estimated_not_verified,0,,unknown,
00-0030090,Micah Hyde,CB,1990-12-31,corroborated,Iowa,GB,ACT,18,GB,historical_observation_only,,2013,2016,estimated_not_verified,0,,unknown,
00-0030091,Tavarres King,WR,1990-07-14,single_provider,Georgia,CAR,ACT;TRC,19,CAR,historical_observation_only,,2013,2016,estimated_not_verified,0,,unknown,missing_or_conflicting_source_status;release_status_needs_dated_source
00-0030092,Sam Martin,P,1990-02-27,corroborated,Appalachian State,DET,ACT,17,DET,historical_observation_only,,2013,2016,estimated_not_verified,0,,unknown,
00-0030093,Josh Boyd,NT,1989-08-03,corroborated,Mississippi State,GB,ACT,18,GB,historical_observation_only,,2013,2016,estimated_not_verified,0,,unknown,
00-0030094,Eric Kush,C,1989-09-09,corroborated,California (PA),KC,ACT,18,KC,historical_observation_only,,2013,2016,estimated_not_verified,0,,unknown,
00-0030095,Corey Fuller,WR,1990-06-23,single_provider,Virginia Tech; Kansas,,,,,historical_observation_only,,,,club_unresolved,,,unknown,club_unresolved;missing_or_conflicting_source_status;no_2013_roster_observation;placement_unknown
00-0030096,Vinston Painter,T,1989-10-11,single_provider,Virginia Tech,DEN,ACT,21,DEN,historical_observation_only,,,,ambiguous_same_year_terms,0,,unknown,ambiguous_same_year_terms
00-0030097,David Quessenberry,G,1990-08-24,corroborated,San Jose State,HOU,RES,1,HOU,historical_observation_only,,2013,2016,estimated_not_verified,0,,unknown,last_observed_before_week17
00-0030098,Dustin Hopkins,K,1990-10-01,corroborated,Florida State,BUF,RES,5,BUF,historical_observation_only,,2013,2016,estimated_not_verified,0,,unknown,last_observed_before_week17
00-0030099,William Campbell,G,1991-07-06,single_provider,Michigan,NYJ,ACT,17,NYJ,historical_observation_only,,2013,2016,estimated_not_verified,0,,unknown,
00-0030100,Nick Moody,ILB,1990-01-29,corroborated,Florida State,SF,ACT,20,SF,historical_observation_only,,2013,2016,estimated_not_verified,0,,unknown,
00-0030101,Rufus Johnson,LB,1990-08-28,single_provider,Tarleton State,NO,ACT,19,NO,historical_observation_only,,,,ambiguous_same_year_terms,0,,unknown,ambiguous_same_year_terms
00-0030102,DeVonte Holloman,OLB,1991-02-12,corroborated,South Carolina,DAL,ACT,17,DAL,historical_observation_only,,2013,2016,estimated_not_verified,0,,unknown,
00-0030103,John Boyett,S,1989-12-20,single_provider,Oregon,,,,,historical_observation_only,,,,club_unresolved,,,unknown,club_unresolved;missing_or_conflicting_source_status;no_2013_roster_observation;placement_unknown
00-0030104,Nate Palmer,OLB,1989-09-23,corroborated,Illinois State,GB,ACT,18,GB,historical_observation_only,,2013,2016,estimated_not_verified,0,,unknown,
00-0030105,Alan Bonner,WR,1990-11-05,single_provider,Jacksonville State,,,,,historical_observation_only,,,,club_unresolved,,,unknown,club_unresolved;missing_or_conflicting_source_status;no_2013_roster_observation;placement_unknown
00-0030106,Chris Jones,DT,1990-07-12,single_provider,Bowling Green,NE,ACT;TRC,20,NE,historical_observation_only,,2013,2016,estimated_not_verified,0,,unknown,missing_or_conflicting_source_status;release_status_needs_dated_source
00-0030107,Theo Riddick,RB,1991-05-04,corroborated,Notre Dame,DET,ACT,17,DET,historical_observation_only,,2013,2016,estimated_not_verified,0,,unknown,
00-0030108,Ryan Griffin,TE,1990-01-11,corroborated,Connecticut,HOU,ACT,17,HOU,historical_observation_only,,2013,2016,estimated_not_verified,0,,unknown,
00-0030109,Mike Catapano,DE,1990-08-17,corroborated,Princeton,KC,ACT,18,KC,historical_observation_only,,2013,2016,estimated_not_verified,0,,unknown,
00-0030110,Michael Williams,TE,1990-09-08,single_provider,Alabama,,,,,historical_observation_only,,,,club_unresolved,,,unknown,club_unresolved;missing_or_conflicting_source_status;no_2013_roster_observation;placement_unknown
00-0030111,Joe Kruger,DE,1992-06-04,single_provider,Utah,,,,,historical_observation_only,,,,club_unresolved,,,unknown,club_unresolved;missing_or_conflicting_source_status;no_2013_roster_observation;placement_unknown
00-0030112,Tommy Bohanon,FB,1990-09-10,corroborated,Wake Forest,NYJ,ACT,17,NYJ,historical_observation_only,,2013,2016,estimated_not_verified,0,,unknown,
00-0030113,Charles Johnson,WR,1989-02-27,single_provider,Grand Valley; Antelope Valley Junior College; Eastern Kentucky,CLE,RSN;TRC,6,CLE,historical_observation_only,,2013,2015,estimated_not_verified,0,,unknown,last_observed_before_week17;missing_or_conflicting_source_status;release_status_needs_dated_source
00-0030114,Jordan Poyer,CB,1991-04-25,corroborated,Oregon State,CLE,ACT;TRC,17,JAX,jacksonville_control,Active 53,,,branch_register_controls,0,,branch_register_controls,missing_or_conflicting_source_status;release_status_needs_dated_source
00-0030115,Ryan Seymour,G,1990-02-07,single_provider,Vanderbilt,SF,ACT;TRT,20,SF,historical_observation_only,,,,ambiguous_same_year_terms,0,,unknown,ambiguous_same_year_terms;missing_or_conflicting_source_status;release_status_needs_dated_source
00-0030116,Kevin Dorsey,WR,1990-02-23,single_provider,Maryland,,,,,historical_observation_only,,,,club_unresolved,,,unknown,club_unresolved;missing_or_conflicting_source_status;no_2013_roster_observation;placement_unknown
00-0030117,Kerwynn Williams,RB,1991-06-09,single_provider,Utah State,IND,DEV;TRD,3,IND,historical_observation_only,,,,ambiguous_same_year_terms,0,,unknown,ambiguous_same_year_terms;last_observed_before_week17;missing_or_conflicting_source_status;release_status_needs_dated_source
00-0030118,Ty Powell,LB,1988-04-27,single_provider,Harding University; De Anza College,BUF,ACT;TRC,17,BUF,historical_observation_only,,2013,2015,estimated_not_verified,0,,unknown,missing_or_conflicting_source_status;release_status_needs_dated_source
00-0030119,Sam Barrington,ILB,1990-10-05,corroborated,University of South Florida,GB,RES,9,GB,historical_observation_only,,2013,2016,estimated_not_verified,0,,unknown,last_observed_before_week17
00-0030120,B.J. Daniels,QB,1989-10-24,corroborated,University of South Florida,SEA,DEV;TRT,10,SEA,historical_observation_only,,,,ambiguous_same_year_terms,0,,unknown,ambiguous_same_year_terms;last_observed_before_week17;missing_or_conflicting_source_status;release_status_needs_dated_source
00-0030121,David King,DE,1989-12-27,single_provider,Oklahoma,,,,,historical_observation_only,,,,club_unresolved,,,unknown,club_unresolved;missing_or_conflicting_source_status;no_2013_roster_observation;placement_unknown
00-0030122,Reid Fragel,T,1991-02-22,single_provider,Ohio State,CLE,ACT;TRT,17,CLE,historical_observation_only,,2013,2015,estimated_not_verified,0,,unknown,missing_or_conflicting_source_status;release_status_needs_dated_source
00-0030123,Jared Smith,DT,1990-03-20,single_provider,New Hampshire,,,,,historical_observation_only,,,,club_unresolved,,,unknown,club_unresolved;missing_or_conflicting_source_status;no_2013_roster_observation;placement_unknown
00-0030124,Brandon Hepburn,LB,1989-12-06,single_provider,Florida A&M,,,,,historical_observation_only,,,,club_unresolved,,,unknown,club_unresolved;missing_or_conflicting_source_status;no_2013_roster_observation;placement_unknown
00-0030125,Carter Bykowski,OT,1990-07-25,single_provider,Iowa State,,,,,historical_observation_only,,,,club_unresolved,,,unknown,club_unresolved;missing_or_conflicting_source_status;no_2013_roster_observation;placement_unknown
00-0030126,T.J. Johnson,G,1990-07-17,single_provider,South Carolina,,,,,historical_observation_only,,,,club_unresolved,,,unknown,club_unresolved;missing_or_conflicting_source_status;no_2013_roster_observation;placement_unknown
00-0030127,Marcus Cooper,CB,1990-02-01,corroborated,Rutgers,KC,ACT,18,KC,historical_observation_only,,2013,2016,estimated_not_verified,0,,unknown,
00-0030128,Michael Cox,RB,1988-11-14,corroborated,UMass Amherst; Michigan,NYG,ACT,17,NYG,historical_observation_only,,2013,2016,estimated_not_verified,0,,unknown,
00-0030129,Justice Cunningham,TE,1991-01-14,single_provider,South Carolina,IND,DEV;TRC,12,IND,historical_observation_only,,,,ambiguous_same_year_terms,0,,unknown,ambiguous_same_year_terms;last_observed_before_week17;missing_or_conflicting_source_status;release_status_needs_dated_source
00-0030131,Andy Mulumba,OLB,1990-01-31,corroborated,Eastern Michigan,GB,ACT,18,GB,historical_observation_only,,,,no_pre_2014_contract,0,,unknown,no_pre_2014_contract
00-0030132,Stefan Charles,DT,1988-06-09,single_provider,Regina,BUF,ACT;TRD,17,BUF,historical_observation_only,,,,no_pre_2014_contract,0,,unknown,missing_or_conflicting_source_status;no_pre_2014_contract;release_status_needs_dated_source
00-0030134,Michael Ford,RB,1990-05-27,corroborated,LSU,CHI,ACT,17,CHI,historical_observation_only,,,,no_pre_2014_contract,0,,unknown,no_pre_2014_contract
00-0030135,Josh Lenz,WR,1990-09-22,single_provider,Iowa State,IND,ACT;TRC,19,IND,historical_observation_only,,,,no_pre_2014_contract,0,,unknown,missing_or_conflicting_source_status;no_pre_2014_contract;release_status_needs_dated_source
00-0030137,Zach Minter,DT,1990-11-06,corroborated,Montana State,CHI,CUT,9,CHI,historical_observation_only,,,,no_pre_2014_contract,0,,unknown,last_observed_before_week17;no_pre_2014_contract;release_status_needs_dated_source
00-0030141,C.J. Wilson,CB,1989-11-18,corroborated,N.C. State,CHI,DEV,7,CHI,historical_observation_only,,2013,2015,estimated_not_verified,0,,unknown,last_observed_before_week17
00-0030143,Jake Knott,ILB,1990-10-24,corroborated,Iowa State,PHI,ACT,18,PHI,historical_observation_only,,,,no_pre_2014_contract,0,,unknown,no_pre_2014_contract
00-0030147,Russell Shepard,WR,1990-09-17,corroborated,LSU,TB,RES,15,TB,historical_observation_only,,2013,2015,estimated_not_verified,0,,unknown,last_observed_before_week17
00-0030148,Damion Square,DE,1989-02-06,corroborated,Alabama,PHI,ACT,18,PHI,historical_observation_only,,2013,2015,estimated_not_verified,0,,unknown,
00-0030149,Matt Tobin,T,1990-06-05,corroborated,Iowa,PHI,ACT,18,PHI,historical_observation_only,,2013,2015,estimated_not_verified,0,,unknown,
00-0030150,Matthew Tucker,RB,1991-05-24,single_provider,TCU,PHI,ACT,18,PHI,historical_observation_only,,,,no_pre_2014_contract,0,,unknown,no_pre_2014_contract
00-0030151,Tyler Bray,QB,1991-12-27,corroborated,Tennessee,KC,ACT,18,JAX,jacksonville_control,Practice squad,,,branch_register_controls,0,,branch_register_controls,
00-0030160,Josh Martin,OLB,1991-11-07,corroborated,Columbia,KC,ACT,18,KC,historical_observation_only,,,,no_pre_2014_contract,0,,unknown,no_pre_2014_contract
00-0030161,Bradley McDougald,FS,1990-11-15,corroborated,Kansas,TB,ACT;TRC,17,TB,historical_observation_only,,2013,2014,estimated_not_verified,0,,unknown,missing_or_conflicting_source_status;release_status_needs_dated_source
00-0030164,Troy Davis,LB,1991-01-06,single_provider,UCF,NYJ,RES,12,NYJ,historical_observation_only,,,,no_pre_2014_contract,0,,unknown,last_observed_before_week17;no_pre_2014_contract
00-0030170,Rontez Miles,DB,1988-11-25,single_provider,California (PA),NYJ,DEV,10,NYJ,historical_observation_only,,,,no_pre_2014_contract,0,,unknown,last_observed_before_week17;no_pre_2014_contract
00-0030171,Chris Pantale,TE,1990-03-22,single_provider,Boston College,NYJ,ACT,17,NYJ,historical_observation_only,,,,no_pre_2014_contract,0,,unknown,no_pre_2014_contract
00-0030175,Ryan Spadola,WR,1991-02-15,corroborated,Lehigh University,MIA,DEV;TRT,9,MIA,historical_observation_only,,,,no_pre_2014_contract,0,,unknown,last_observed_before_week17;missing_or_conflicting_source_status;no_pre_2014_contract;release_status_needs_dated_source
00-0030181,Jack Doyle,TE,1990-05-05,corroborated,Western Kentucky,IND,ACT,19,IND,historical_observation_only,,2013,2015,estimated_not_verified,0,,unknown,
00-0030194,Jakar Hamilton,DB,1989-10-02,single_provider,South Carolina State,DAL,ACT,17,DAL,historical_observation_only,,,,no_pre_2014_contract,0,,unknown,no_pre_2014_contract
00-0030196,Jeff Heath,FS,1991-05-14,corroborated,Saginaw Valley State,DAL,ACT,17,DAL,historical_observation_only,,2013,2015,estimated_not_verified,0,,unknown,
00-0030198,Cameron Lawrence,LB,1991-01-20,single_provider,Mississippi State,DAL,ACT,17,DAL,historical_observation_only,,,,no_pre_2014_contract,0,,unknown,no_pre_2014_contract
00-0030200,Brandon Magee,ILB,1990-10-22,corroborated,Arizona State,CLE,RES,13,CLE,historical_observation_only,,,,no_pre_2014_contract,0,,unknown,last_observed_before_week17;no_pre_2014_contract
00-0030207,Alvin Bailey,T,1991-08-26,corroborated,Arkansas,SEA,ACT,21,SEA,historical_observation_only,,2013,2015,estimated_not_verified,0,,unknown,
00-0030210,John Lotulelei,LB,1991-12-04,single_provider,UNLV; Merced College,JAX,ACT;TRC,17,,real_jaguars_only,,,,no_pre_2014_contract,0,,unknown,missing_or_conflicting_source_status;no_pre_2014_contract;real_jaguars_move_not_applied;release_status_needs_dated_source
00-0030215,Glenn Foster,DE,1990-05-31,corroborated,Illinois,NO,ACT,19,NO,historical_observation_only,,,,no_pre_2014_contract,0,,unknown,no_pre_2014_contract
00-0030216,Josh Hill,TE,1990-05-21,corroborated,Idaho State; Boise State,NO,ACT,19,NO,historical_observation_only,,2013,2015,estimated_not_verified,0,,unknown,
00-0030217,Tim Lelito,G,1989-07-21,corroborated,Grand Valley,NO,ACT,19,NO,historical_observation_only,,,,no_pre_2014_contract,0,,unknown,no_pre_2014_contract
00-0030219,Eric Martin,OLB,1991-07-21,corroborated,Nebraska,CLE,ACT,17,CLE,historical_observation_only,,,,no_pre_2014_contract,0,,unknown,no_pre_2014_contract
00-0030221,Keavon Milton,TE,1990-06-23,single_provider,Louisiana-Monroe,CLE,ACT,17,CLE,historical_observation_only,,,,no_pre_2014_contract,0,,unknown,no_pre_2014_contract
00-0030222,Kevin Reddick,ILB,1989-12-28,corroborated,North Carolina,NO,ACT,19,NO,historical_observation_only,,,,no_pre_2014_contract,0,,unknown,no_pre_2014_contract
00-0030224,Rod Sweeting,CB,1990-09-28,corroborated,Georgia Tech,NO,ACT,19,NO,historical_observation_only,,,,no_pre_2014_contract,0,,unknown,no_pre_2014_contract
00-0030226,Johnny Adams,DB,1989-06-09,single_provider,Michigan State,BUF,DEV;TRD,5,BUF,historical_observation_only,,,,no_pre_2014_contract,0,,unknown,last_observed_before_week17;missing_or_conflicting_source_status;no_pre_2014_contract;release_status_needs_dated_source
00-0030228,A.J. Bouye,CB,1991-08-16,corroborated,UCF,HOU,RES,6,JAX,jacksonville_control,Active 53,,,branch_register_controls,0,,branch_register_controls,last_observed_before_week17
00-0030231,Ja'Gared Davis,LB,1990-09-11,single_provider,SMU,NE,ACT,20,NE,historical_observation_only,,,,no_pre_2014_contract,0,,unknown,no_pre_2014_contract
00-0030233,Ray Graham,RB,1990-09-18,single_provider,Pittsburgh,HOU,ACT;TRD,17,HOU,historical_observation_only,,,,no_pre_2014_contract,0,,unknown,missing_or_conflicting_source_status;no_pre_2014_contract;release_status_needs_dated_source
00-0030235,Willie Jefferson,OLB,1991-01-31,corroborated,Stephen F. Austin State; Baylor,HOU,CUT,7,HOU,historical_observation_only,,,,no_pre_2014_contract,0,,unknown,last_observed_before_week17;no_pre_2014_contract;release_status_needs_dated_source
00-0030236,Dennis Johnson,RB,1990-02-24,single_provider,Arkansas,HOU,ACT;TRD,17,HOU,historical_observation_only,,,,no_pre_2014_contract,0,,unknown,missing_or_conflicting_source_status;no_pre_2014_contract;release_status_needs_dated_source
00-0030238,Alex Kupper,G,1990-02-14,single_provider,Louisville,HOU,ACT,17,HOU,historical_observation_only,,,,no_pre_2014_contract,0,,unknown,no_pre_2014_contract
00-0030245,Jawanza Starling,DB,1991-06-21,single_provider,USC,HOU,ACT;TRC,17,HOU,historical_observation_only,,,,no_pre_2014_contract,0,,unknown,missing_or_conflicting_source_status;no_pre_2014_contract;release_status_needs_dated_source
00-0030246,Justin Tuggle,MLB,1990-01-04,corroborated,Kansas State; Boston College; Blinn College,HOU,ACT,17,HOU,historical_observation_only,,,,no_pre_2014_contract,0,,unknown,no_pre_2014_contract
00-0030248,Cierre Wood,RB,1991-02-21,corroborated,Notre Dame,HOU,CUT;TRD,7,HOU,historical_observation_only,,,,no_pre_2014_contract,0,,unknown,last_observed_before_week17;missing_or_conflicting_source_status;no_pre_2014_contract;release_status_needs_dated_source
00-0030251,Wes Horton,DE,1989-12-17,single_provider,USC,CAR,ACT,19,CAR,historical_observation_only,,,,no_pre_2014_contract,0,,unknown,no_pre_2014_contract
00-0030254,Robert Lester,DB,1988-04-30,single_provider,Alabama,CAR,ACT,19,CAR,historical_observation_only,,,,no_pre_2014_contract,0,,unknown,no_pre_2014_contract
00-0030259,Melvin White,DB,1990-06-26,corroborated,Louisiana-Lafayette,CAR,ACT,19,CAR,historical_observation_only,,,,no_pre_2014_contract,0,,unknown,no_pre_2014_contract
00-0030263,Charles James,DB,1990-05-14,single_provider,Charleston Southern University,NYG,ACT,17,NYG,historical_observation_only,,,,no_pre_2014_contract,0,,unknown,no_pre_2014_contract
00-0030268,Patrick Lewis,C,1991-01-30,corroborated,Texas A&M,JAX,ACT;TRD,17,,real_jaguars_only,,2013,2014,estimated_not_verified,0,,unknown,missing_or_conflicting_source_status;real_jaguars_move_not_applied;release_status_needs_dated_source
00-0030272,Jake Stoneburner,TE,1989-08-25,single_provider,Ohio State,GB,ACT,18,GB,historical_observation_only,,,,no_pre_2014_contract,0,,unknown,no_pre_2014_contract
00-0030273,Lane Taylor,G,1989-11-22,corroborated,Oklahoma State,GB,ACT,18,GB,historical_observation_only,,2013,2015,estimated_not_verified,0,,unknown,
00-0030274,Myles White,WR,1990-03-30,single_provider,Louisiana Tech; Michigan State; Northwest Mississippi CC,GB,RES,14,GB,historical_observation_only,,,,no_pre_2014_contract,0,,unknown,last_observed_before_week17;no_pre_2014_contract
00-0030277,Christian Tupou,DT,1989-05-07,single_provider,USC,CHI,CUT;TRC,16,CHI,historical_observation_only,,,,no_pre_2014_contract,0,,unknown,last_observed_before_week17;missing_or_conflicting_source_status;no_pre_2014_contract;release_status_needs_dated_source
00-0030278,Manti Te'o,ILB,1991-01-26,single_provider,Notre Dame,SD,ACT,19,SD,historical_observation_only,,2013,2016,estimated_not_verified,0,,unknown,
00-0030279,Keenan Allen,WR,1992-04-27,corroborated,California,SD,ACT,19,SD,historical_observation_only,,2013,2016,estimated_not_verified,0,,unknown,
00-0030280,Knile Davis,RB,1991-10-05,corroborated,Arkansas,KC,ACT,18,KC,historical_observation_only,,2013,2016,estimated_not_verified,0,,unknown,
00-0030281,Sean Porter,OLB,1991-01-12,single_provider,Texas A&M,,,,,historical_observation_only,,,,club_unresolved,,,unknown,club_unresolved;missing_or_conflicting_source_status;no_2013_roster_observation;placement_unknown
00-0030282,Stepfan Taylor,RB,1991-06-09,corroborated,Stanford,ARI,ACT,17,ARI,historical_observation_only,,2013,2016,estimated_not_verified,0,,unknown,
00-0030283,Steve Williams,DB,1991-03-07,single_provider,California,,,,,historical_observation_only,,,,club_unresolved,,,unknown,club_unresolved;missing_or_conflicting_source_status;no_2013_roster_observation;placement_unknown
00-0030284,Brandon Jenkins,OLB,1990-02-09,corroborated,Florida State,WAS,ACT,17,WAS,historical_observation_only,,2013,2016,estimated_not_verified,0,,unknown,
00-0030286,Tourek Williams,OLB,1991-05-09,corroborated,Florida International,SD,ACT,19,SD,historical_observation_only,,2013,2016,estimated_not_verified,0,,unknown,
00-0030287,Andre Ellington,RB,1989-02-03,corroborated,Clemson,ARI,ACT,17,ARI,historical_observation_only,,2013,2016,estimated_not_verified,0,,unknown,
00-0030288,Rex Burkhead,RB,1990-07-02,corroborated,Nebraska,CIN,ACT,18,CIN,historical_observation_only,,2013,2016,estimated_not_verified,0,,unknown,
00-0030289,Bacarri Rambo,S,1990-06-27,corroborated,Georgia,WAS,ACT,17,JAX,jacksonville_control,Active 53,,,branch_register_controls,0,,branch_register_controls,
00-0030290,Cobi Hamilton,WR,1990-11-13,single_provider,Arkansas,,,,,historical_observation_only,,,,club_unresolved,,,unknown,club_unresolved;missing_or_conflicting_source_status;no_2013_roster_observation;placement_unknown
00-0030291,D.C. Jefferson,TE,1989-05-07,corroborated,Rutgers,ARI,DEV;TRD,9,ARI,historical_observation_only,,2013,2016,estimated_not_verified,0,,unknown,last_observed_before_week17;missing_or_conflicting_source_status;release_status_needs_dated_source
00-0030292,Brad Sorensen,QB,1988-03-13,corroborated,Southern Utah State; San Bernardino Valley,SD,ACT,19,SD,historical_observation_only,,2013,2016,estimated_not_verified,0,,unknown,
00-0030294,Tony Jefferson,SS,1992-01-27,corroborated,Oklahoma,ARI,ACT,17,ARI,historical_observation_only,,2013,2015,estimated_not_verified,0,,unknown,
00-0030300,Jaron Brown,WR,1990-01-08,corroborated,Clemson,ARI,ACT,17,ARI,historical_observation_only,,2013,2015,estimated_not_verified,0,,unknown,
00-0030309,Kenny Demens,LB,1990-02-04,single_provider,Michigan,ARI,DEV,7,ARI,historical_observation_only,,,,no_pre_2014_contract,0,,unknown,last_observed_before_week17;no_pre_2014_contract
00-0030312,Jahleel Addae,FS,1990-01-24,corroborated,Central Michigan,SD,ACT,19,SD,historical_observation_only,,2013,2015,estimated_not_verified,0,,unknown,
00-0030313,Nick Becton,T,1990-02-11,single_provider,Virginia Tech,SD,DEV,10,SD,historical_observation_only,,,,no_pre_2014_contract,0,,unknown,last_observed_before_week17;no_pre_2014_contract
00-0030317,Marcus Cromartie,DB,1990-12-03,single_provider,Wisconsin,SD,ACT,19,SD,historical_observation_only,,,,no_pre_2014_contract,0,,unknown,no_pre_2014_contract
00-0030318,Kwame Geathers,DT,1990-10-04,corroborated,Georgia,SD,ACT,19,SD,historical_observation_only,,,,no_pre_2014_contract,0,,unknown,no_pre_2014_contract
00-0030320,Michael Hill,RB,1989-05-14,single_provider,Missouri Western,TB,ACT;TRD,17,TB,historical_observation_only,,,,no_pre_2014_contract,0,,unknown,missing_or_conflicting_source_status;no_pre_2014_contract;release_status_needs_dated_source
00-0030348,Khiry Robinson,RB,1989-12-28,corroborated,West Texas State; Blinn College,NO,ACT,19,NO,historical_observation_only,,,,no_pre_2014_contract,0,,unknown,no_pre_2014_contract
00-0030368,Chance Casey,DB,1991-03-11,single_provider,Baylor,OAK,ACT,17,OAK,historical_observation_only,,,,no_pre_2014_contract,0,,unknown,no_pre_2014_contract
00-0030370,Greg Jenkins,WR,1989-08-23,single_provider,Alabama State; Mississippi Gulf Coast CC; Troy,OAK,ACT,17,OAK,historical_observation_only,,,,no_pre_2014_contract,0,,unknown,no_pre_2014_contract
00-0030371,Ryan Robinson,DE,1990-12-09,corroborated,Oklahoma State,OAK,ACT,17,OAK,historical_observation_only,,,,no_pre_2014_contract,0,,unknown,no_pre_2014_contract
00-0030380,Benson Mayowa,DE,1991-08-03,corroborated,Idaho,SEA,ACT,21,SEA,historical_observation_only,,2013,2014,estimated_not_verified,0,,unknown,
00-0030382,Kevin Minter,ILB,1990-12-03,corroborated,LSU,ARI,ACT,17,ARI,historical_observation_only,,2013,2016,estimated_not_verified,0,,unknown,
00-0030383,Duron Harmon,FS,1991-01-24,corroborated,Rutgers,NE,ACT,20,NE,historical_observation_only,,2013,2016,estimated_not_verified,0,,unknown,
00-0030384,Jelani Jenkins,MLB,1992-03-13,corroborated,Florida,MIA,ACT,17,MIA,historical_observation_only,,2013,2016,estimated_not_verified,0,,unknown,
00-0030385,Gerald Hodges,OLB,1991-01-17,corroborated,Penn State,MIN,ACT,17,MIN,historical_observation_only,,2013,2016,estimated_not_verified,0,,unknown,
00-0030386,William Gholston,DE,1991-07-31,corroborated,Michigan State,TB,ACT,17,TB,historical_observation_only,,2013,2016,estimated_not_verified,0,,unknown,
00-0030387,Steven Means,DE,1990-09-16,corroborated,Buffalo,TB,ACT,17,TB,historical_observation_only,,2013,2016,estimated_not_verified,0,,unknown,
00-0030388,Joseph Randle,RB,1991-12-29,corroborated,Oklahoma State,DAL,ACT,17,DAL,historical_observation_only,,2013,2016,estimated_not_verified,0,,unknown,
00-0030389,Tanner Hawkinson,G,1990-05-14,corroborated,Kansas,CIN,ACT,18,CIN,historical_observation_only,,2013,2016,estimated_not_verified,0,,unknown,
00-0030390,Caleb Sturgis,K,1989-08-09,corroborated,Florida,MIA,ACT,17,MIA,historical_observation_only,,2013,2016,estimated_not_verified,0,,unknown,
00-0030391,Mike James,RB,1991-04-13,corroborated,Miami,TB,RES,10,TB,historical_observation_only,,2013,2016,estimated_not_verified,0,,unknown,last_observed_before_week17
00-0030392,Michael Mauti,MLB,1990-01-19,corroborated,Penn State,MIN,ACT,17,MIN,historical_observation_only,,2013,2016,estimated_not_verified,0,,unknown,
00-0030393,Everett Dawkins,DT,1990-06-13,single_provider,Florida State,DAL,DEV;TRD,12,DAL,historical_observation_only,,2013,2014,estimated_not_verified,0,,unknown,last_observed_before_week17;missing_or_conflicting_source_status;release_status_needs_dated_source
00-0030394,Zac Dysert,QB,1990-02-08,corroborated,Miami (Ohio),DEN,ACT,21,DEN,historical_observation_only,,2013,2016,estimated_not_verified,0,,unknown,
00-0030395,Don Jones,FS,1990-05-14,corroborated,Arkansas State; Mississippi Gulf Coast CC,MIA,ACT,17,MIA,historical_observation_only,,2013,2016,estimated_not_verified,0,,unknown,
00-0030400,Marlon Brown,WR,1991-04-22,corroborated,Georgia,BAL,ACT,17,BAL,historical_observation_only,,,,no_pre_2014_contract,0,,unknown,no_pre_2014_contract
00-0030401,Kiko Alonso,MLB,1990-08-14,corroborated,Oregon,BUF,ACT,17,BUF,historical_observation_only,,2013,2013,estimated_not_verified,0,ERFA,experience_estimate,
00-0030402,Akeem Spence,DT,1991-11-29,corroborated,Illinois,TB,ACT,17,TB,historical_observation_only,,2013,2016,estimated_not_verified,0,,unknown,
00-0030403,B.W. Webb,CB,1990-05-03,single_provider,William & Mary,DAL,ACT,17,DAL,historical_observation_only,,2013,2016,estimated_not_verified,0,,unknown,
00-0030404,Chris Thompson,RB,1990-10-20,corroborated,Florida State,WAS,RES,10,WAS,historical_observation_only,,2013,2016,estimated_not_verified,0,,unknown,last_observed_before_week17
00-0030405,Jeff Locke,P,1989-09-27,corroborated,UCLA,MIN,ACT,17,MIN,historical_observation_only,,2013,2016,estimated_not_verified,0,,unknown,
00-0030406,Jeff Baca,G,1990-01-10,corroborated,UCLA,MIN,ACT,17,MIN,historical_observation_only,,2013,2016,estimated_not_verified,0,,unknown,
00-0030408,Travis Bond,G,1990-12-10,single_provider,North Carolina,CAR,ACT;TRD,19,CAR,historical_observation_only,,2013,2016,estimated_not_verified,0,,unknown,missing_or_conflicting_source_status;release_status_needs_dated_source
00-0030411,Logan Ryan,CB,1991-02-09,corroborated,Rutgers,NE,ACT,20,NE,historical_observation_only,,2013,2016,estimated_not_verified,0,,unknown,
00-0030412,Shamarko Thomas,SS,1991-02-23,corroborated,Syracuse,PIT,ACT,17,PIT,historical_observation_only,,2013,2016,estimated_not_verified,0,,unknown,
00-0030413,Trevardo Williams,OLB,1990-12-31,single_provider,Connecticut,,,,,historical_observation_only,,,,club_unresolved,,,unknown,club_unresolved;missing_or_conflicting_source_status;no_2013_roster_observation;placement_unknown
00-0030414,Spencer Ware,FB,1991-11-23,corroborated,LSU,SEA,RES,7,SEA,historical_observation_only,,2013,2016,estimated_not_verified,0,,unknown,last_observed_before_week17
00-0030415,Jawan Jamison,RB,1991-11-23,single_provider,Rutgers,WAS,ACT,17,WAS,historical_observation_only,,,,ambiguous_same_year_terms,0,,unknown,ambiguous_same_year_terms
00-0030419,Matthew McGloin,QB,1989-12-02,corroborated,Penn State,OAK,ACT,17,OAK,historical_observation_only,,2013,2015,estimated_not_verified,0,,unknown,
00-0030420,David Amerson,CB,1991-12-08,corroborated,N.C. State,WAS,ACT,17,WAS,historical_observation_only,,2013,2016,estimated_not_verified,0,,unknown,
00-0030421,Jamie Collins,OLB,1989-10-20,corroborated,Southern Mississippi,NE,ACT,20,NE,historical_observation_only,,2013,2016,estimated_not_verified,0,,unknown,
00-0030422,Dion Sims,TE,1991-02-18,corroborated,Michigan State,MIA,ACT,17,MIA,historical_observation_only,,2013,2016,estimated_not_verified,0,,unknown,
00-0030423,Phillip Thomas,DB,1989-03-01,single_provider,Fresno State,,,,,historical_observation_only,,,,club_unresolved,,,unknown,club_unresolved;missing_or_conflicting_source_status;no_2013_roster_observation;placement_unknown
00-0030424,Malliciah Goodman,DE,1990-01-04,corroborated,Clemson,ATL,ACT,17,ATL,historical_observation_only,,2013,2016,estimated_not_verified,0,,unknown,
00-0030425,Stansly Maponga,DE,1991-03-05,corroborated,TCU,ATL,ACT,17,ATL,historical_observation_only,,2013,2016,estimated_not_verified,0,,unknown,
00-0030426,Steve Beauharnais,ILB,1990-05-02,corroborated,Rutgers,NE,ACT,20,NE,historical_observation_only,,2013,2016,estimated_not_verified,0,,unknown,
00-0030427,Kemal Ishmael,FS,1991-05-06,corroborated,UCF,ATL,ACT,17,ATL,historical_observation_only,,2013,2016,estimated_not_verified,0,,unknown,
00-0030428,Zeke Motta,SS,1990-05-14,corroborated,Notre Dame,ATL,RES,16,ATL,historical_observation_only,,2013,2016,estimated_not_verified,0,,unknown,last_observed_before_week17
00-0030429,Toben Opurum,RB,1990-11-18,single_provider,Kansas,HOU,ACT;TRD,17,HOU,historical_observation_only,,,,no_pre_2014_contract,0,,unknown,missing_or_conflicting_source_status;no_pre_2014_contract;release_status_needs_dated_source
00-0030431,Robert Woods,WR,1992-04-10,corroborated,USC,BUF,ACT,17,BUF,historical_observation_only,,2013,2016,estimated_not_verified,0,,unknown,
00-0030432,Christine Michael,RB,1990-11-09,corroborated,Texas A&M,SEA,ACT,21,SEA,historical_observation_only,,2013,2016,estimated_not_verified,0,,unknown,
00-0030433,Mike Gillislee,RB,1990-11-01,corroborated,Florida,MIA,ACT,17,MIA,historical_observation_only,,2013,2016,estimated_not_verified,0,,unknown,
00-0030434,Vince Williams,ILB,1989-12-27,corroborated,Florida State,PIT,ACT,17,PIT,historical_observation_only,,2013,2016,estimated_not_verified,0,,unknown,
00-0030435,Jeremy Harris,DB,1991-04-26,single_provider,New Mexico State; East Los Angeles College,,,,KC,existing_branch_placement,,,,club_unresolved,,,unknown,branch_contract_review;club_unresolved;missing_or_conflicting_source_status;no_2013_roster_observation
00-0030441,Kyle Long,G,1988-12-05,corroborated,Oregon; Saddleback Community College; Florida State,CHI,ACT,17,CHI,historical_observation_only,,,,missing_otc_id,0,,unknown,missing_otc_id
00-0030442,John Simon,OLB,1990-10-14,corroborated,Ohio State,BAL,ACT,17,BAL,historical_observation_only,,2013,2016,estimated_not_verified,0,,unknown,
00-0030443,Levine Toilolo,TE,1991-07-30,corroborated,Stanford,ATL,ACT,17,ATL,historical_observation_only,,2013,2016,estimated_not_verified,0,,unknown,
00-0030444,Jamoris Slaughter,S,1989-12-22,single_provider,Notre Dame,,,,,historical_observation_only,,,,club_unresolved,,,unknown,club_unresolved;missing_or_conflicting_source_status;no_2013_roster_observation;placement_unknown
00-0030448,Kawann Short,DT,1989-02-02,single_provider,Purdue,CAR,ACT,19,CAR,historical_observation_only,,2013,2016,estimated_not_verified,0,,unknown,
00-0030449,Margus Hunt,DE,1987-07-14,corroborated,SMU,CIN,ACT,18,CIN,historical_observation_only,,2013,2016,estimated_not_verified,0,,unknown,
00-0030450,Quinton Patton,WR,1990-08-09,corroborated,Louisiana Tech; Coffeyville CC,SF,ACT,20,SF,historical_observation_only,,2013,2016,estimated_not_verified,0,,unknown,
00-0030451,Demetrius McCray,DB,1991-05-11,corroborated,Appalachian State,JAX,ACT,17,PHI,existing_branch_placement,,2013,2016,estimated_not_verified,0,,unknown,branch_contract_review
00-0030452,Eric Herman,G,1989-10-05,single_provider,Ohio,NYG,ACT,17,NYG,historical_observation_only,,,,ambiguous_same_year_terms,0,,unknown,ambiguous_same_year_terms
00-0030455,Star Lotulelei,DT,1989-12-20,corroborated,Utah; Snow,CAR,ACT,19,CAR,historical_observation_only,,2013,2017,estimated_not_verified,0,,unknown,
00-0030456,Giovani Bernard,RB,1991-11-22,corroborated,North Carolina,CIN,ACT,18,CIN,historical_observation_only,,2013,2016,estimated_not_verified,0,,unknown,
00-0030457,Cornellius Carradine,DE,1990-02-18,single_provider,Florida State; Butler County JC,SF,RES,14,SF,historical_observation_only,,2013,2016,estimated_not_verified,0,,unknown,last_observed_before_week17
00-0030458,Arthur Brown,ILB,1990-06-17,corroborated,Kansas State; Miami,BAL,ACT,17,BAL,historical_observation_only,,2013,2016,estimated_not_verified,0,,unknown,
00-0030459,Tyrann Mathieu,FS,1992-05-13,corroborated,LSU,ARI,RES,14,ARI,historical_observation_only,,2013,2016,estimated_not_verified,0,,unknown,last_observed_before_week17
00-0030460,Markus Wheaton,WR,1991-02-07,corroborated,Oregon State,PIT,ACT,17,PIT,historical_observation_only,,2013,2016,estimated_not_verified,0,,unknown,
00-0030461,Edmund Kugbila,OL,1990-09-21,single_provider,Valdosta State,,,,,historical_observation_only,,,,club_unresolved,,,unknown,club_unresolved;missing_or_conflicting_source_status;no_2013_roster_observation;placement_unknown
00-0030462,Sanders Commings,DB,1990-03-08,single_provider,Georgia,KC,RES,12,KC,historical_observation_only,,2013,2016,estimated_not_verified,0,,unknown,last_observed_before_week17
00-0030463,A.J. Klein,OLB,1991-07-30,corroborated,Iowa State,CAR,ACT,19,CAR,historical_observation_only,,2013,2016,estimated_not_verified,0,,unknown,
00-0030465,Kenjon Barner,RB,1989-04-28,corroborated,Oregon,CAR,ACT,19,CAR,historical_observation_only,,2013,2016,estimated_not_verified,0,,unknown,
00-0030466,Justin Brown,WR,1991-03-10,single_provider,Oklahoma; Penn State,,,,,historical_observation_only,,,,club_unresolved,,,unknown,club_unresolved;missing_or_conflicting_source_status;no_2013_roster_observation;placement_unknown
00-0030467,Justin Veltung,WR,1991-03-30,single_provider,Idaho,STL,ACT,17,STL,historical_observation_only,,,,no_pre_2014_contract,0,,unknown,no_pre_2014_contract
00-0030468,Caesar Rayford,DT,1986-03-04,corroborated,Washington,DAL,DEV,10,DAL,historical_observation_only,,,,no_pre_2014_contract,0,,unknown,last_observed_before_week17;no_pre_2014_contract
00-0030469,Johnthan Banks,CB,1989-10-03,corroborated,Mississippi State,TB,ACT,17,TB,historical_observation_only,,2013,2016,estimated_not_verified,0,,unknown,
00-0030470,Vance McDonald,TE,1990-06-13,corroborated,Rice,SF,ACT,20,SF,historical_observation_only,,2013,2016,estimated_not_verified,0,,unknown,
00-0030471,Shawn Williams,SS,1991-05-13,corroborated,Georgia,CIN,ACT,18,CIN,historical_observation_only,,2013,2016,estimated_not_verified,0,,unknown,
00-0030472,Jordan Reed,TE,1990-07-03,corroborated,Florida,WAS,RES,15,WAS,historical_observation_only,,2013,2016,estimated_not_verified,0,,unknown,last_observed_before_week17
00-0030473,Sam Montgomery,OLB,1990-05-25,corroborated,LSU,HOU,CUT,7,HOU,historical_observation_only,,2013,2016,estimated_not_verified,0,,unknown,last_observed_before_week17;release_status_needs_dated_source
00-0030474,Josh Boyce,WR,1991-05-06,corroborated,TCU,NE,RES,17,NE,historical_observation_only,,2013,2016,estimated_not_verified,0,,unknown,
00-0030475,Michael Buchanan,DE,1991-01-24,corroborated,Illinois,NE,ACT,20,NE,historical_observation_only,,2013,2016,estimated_not_verified,0,,unknown,
00-0030476,Garrett Gilkey,G,1990-07-09,corroborated,Chadron State,CLE,ACT,17,CLE,historical_observation_only,,2013,2016,estimated_not_verified,0,,unknown,
00-0030484,Jamar Taylor,CB,1990-09-29,corroborated,Boise State,MIA,ACT,17,MIA,historical_observation_only,,2013,2016,estimated_not_verified,0,,unknown,
00-0030485,Eddie Lacy,RB,1990-06-02,corroborated,Alabama,GB,ACT,18,GB,historical_observation_only,,2013,2016,estimated_not_verified,0,,unknown,
00-0030486,Brian Schwenke,C,1991-03-22,corroborated,California,TEN,ACT,17,TEN,historical_observation_only,,2013,2016,estimated_not_verified,0,,unknown,
00-0030487,Tharold Simon,CB,1991-03-06,single_provider,LSU,,,,,historical_observation_only,,,,club_unresolved,,,unknown,club_unresolved;missing_or_conflicting_source_status;no_2013_roster_observation;placement_unknown
00-0030488,Lavar Edwards,DE,1990-04-29,corroborated,LSU,TEN,ACT,17,JAX,jacksonville_control,Active 53,,,branch_register_controls,0,,branch_register_controls,
00-0030489,Khalid Wooten,DB,1990-02-19,single_provider,Nevada,TEN,ACT,17,TEN,historical_observation_only,,,,ambiguous_same_year_terms,0,,unknown,ambiguous_same_year_terms
00-0030490,Michael Bowie,T,1991-09-25,corroborated,Northeastern State (Ok); Navarro; Oklahoma State,SEA,ACT,21,SEA,historical_observation_only,,2013,2016,estimated_not_verified,0,,unknown,
00-0030491,Daimion Stafford,SS,1991-02-18,corroborated,Nebraska; Chaffey College,TEN,ACT,17,TEN,historical_observation_only,,2013,2016,estimated_not_verified,0,,unknown,
00-0030496,Le'Veon Bell,RB,1992-02-18,corroborated,Michigan State,PIT,ACT,17,PIT,historical_observation_only,,2013,2016,estimated_not_verified,0,,unknown,
00-0030497,Marcus Lattimore,RB,1991-10-29,single_provider,South Carolina,,,,,historical_observation_only,,,,club_unresolved,,,unknown,club_unresolved;missing_or_conflicting_source_status;no_2013_roster_observation;placement_unknown
00-0030499,Jarvis Jones,OLB,1989-10-13,corroborated,Georgia; USC,PIT,ACT,17,PIT,historical_observation_only,,2013,2016,estimated_not_verified,0,,unknown,
00-0030500,Nick Williams,DT,1990-02-21,single_provider,Samford,,,,,historical_observation_only,,,,club_unresolved,,,unknown,club_unresolved;missing_or_conflicting_source_status;no_2013_roster_observation;placement_unknown
00-0030502,Zaviar Gooden,OLB,1990-08-31,corroborated,Missouri,TEN,ACT,17,TEN,historical_observation_only,,2013,2016,estimated_not_verified,0,,unknown,
00-0030503,Alex Okafor,OLB,1991-02-08,corroborated,Texas,ARI,RES,3,ARI,historical_observation_only,,2013,2016,estimated_not_verified,0,,unknown,last_observed_before_week17
00-0030504,Earl Watford,G,1990-06-24,corroborated,James Madison,ARI,ACT,17,ARI,historical_observation_only,,2013,2016,estimated_not_verified,0,,unknown,
00-0030505,D.J. Fluker,T,1991-03-13,corroborated,Alabama,SD,ACT,19,SD,historical_observation_only,,2013,2016,estimated_not_verified,0,,unknown,
00-0030506,Travis Kelce,TE,1989-10-05,corroborated,Cincinnati,KC,RES,5,JAX,jacksonville_control,Active 53,,,branch_register_controls,0,,branch_register_controls,last_observed_before_week17
00-0030507,Bennie Logan,NT,1989-12-28,corroborated,LSU,PHI,ACT,18,PHI,historical_observation_only,,2013,2016,estimated_not_verified,0,,unknown,
00-0030508,Nico Johnson,ILB,1990-06-19,corroborated,Alabama,KC,ACT,18,KC,historical_observation_only,,2013,2016,estimated_not_verified,0,,unknown,
00-0030511,Brandon Williams,DT,1989-02-21,corroborated,Missouri Southern,BAL,ACT,17,BAL,historical_observation_only,,2013,2016,estimated_not_verified,0,,unknown,
00-0030512,Nick Kasa,TE,1990-11-05,corroborated,Colorado,OAK,ACT,17,OAK,historical_observation_only,,2013,2016,estimated_not_verified,0,,unknown,
00-0030513,Latavius Murray,RB,1990-01-18,single_provider,UCF,,,,,historical_observation_only,,,,club_unresolved,,,unknown,club_unresolved;missing_or_conflicting_source_status;no_2013_roster_observation;placement_unknown
00-0030514,Mychal Rivera,TE,1990-09-08,corroborated,Tennessee; College of the Canyons,OAK,ACT,17,OAK,historical_observation_only,,2013,2016,estimated_not_verified,0,,unknown,
00-0030515,Stacy McGee,NT,1990-01-17,corroborated,Oklahoma,OAK,ACT,17,OAK,historical_observation_only,,2013,2016,estimated_not_verified,0,,unknown,
00-0030516,Brice Butler,WR,1990-01-29,corroborated,San Diego State; USC,OAK,ACT,17,OAK,historical_observation_only,,,,no_matching_club_contract,0,,unknown,no_matching_club_contract
00-0030517,David Bass,DE,1990-09-11,corroborated,Missouri Western,CHI,ACT,17,CHI,historical_observation_only,,2013,2016,estimated_not_verified,0,,unknown,
00-0030518,Corey Lemonier,OLB,1991-11-19,corroborated,Auburn,SF,ACT,20,SF,historical_observation_only,,2013,2016,estimated_not_verified,0,,unknown,
00-0030519,Will Davis,CB,1990-05-08,corroborated,Utah State; De Anza College; Western Washington University,MIA,ACT,17,MIA,historical_observation_only,,2013,2016,estimated_not_verified,0,,unknown,
00-0030520,Mike Glennon,QB,1989-12-12,corroborated,N.C. State,TB,ACT,17,TB,historical_observation_only,,2013,2016,estimated_not_verified,0,,unknown,
00-0030521,Justin Hunter,WR,1991-05-20,corroborated,Tennessee,TEN,ACT,17,TEN,historical_observation_only,,2013,2016,estimated_not_verified,0,,unknown,
00-0030522,Montee Ball,RB,1990-12-05,corroborated,Wisconsin,DEN,ACT,21,DEN,historical_observation_only,,2013,2016,estimated_not_verified,0,,unknown,
00-0030523,Kayvon Webster,CB,1991-02-01,corroborated,University of South Florida,DEN,ACT,21,DEN,historical_observation_only,,2013,2016,estimated_not_verified,0,,unknown,
00-0030524,Landry Jones,QB,1989-04-04,corroborated,Oklahoma,PIT,ACT,17,PIT,historical_observation_only,,2013,2016,estimated_not_verified,0,,unknown,
00-0030525,Tavon Austin,WR,1990-03-15,corroborated,West Virginia,STL,ACT,17,STL,historical_observation_only,,2013,2016,estimated_not_verified,0,,unknown,
00-0030526,E.J. Manuel,QB,1990-03-19,corroborated,Florida State,BUF,ACT,17,BUF,historical_observation_only,,2013,2016,estimated_not_verified,0,,unknown,
00-0030527,Alec Ogletree,OLB,1991-09-25,corroborated,Georgia,STL,ACT,17,STL,historical_observation_only,,2013,2016,estimated_not_verified,0,,unknown,
00-0030528,Robert Alford,CB,1988-11-01,corroborated,Southeastern Louisiana,ATL,ACT,17,ATL,historical_observation_only,,2013,2016,estimated_not_verified,0,,unknown,
00-0030529,Sio Moore,LB,1990-05-02,corroborated,Connecticut,OAK,ACT,17,JAX,jacksonville_control,Active 53,,,branch_register_controls,0,,branch_register_controls,
00-0030530,T.J. McDonald,SS,1991-01-26,corroborated,USC,STL,ACT,17,STL,historical_observation_only,,2013,2016,estimated_not_verified,0,,unknown,
00-0030531,Dallas Thomas,G,1989-10-30,corroborated,Tennessee,MIA,ACT,17,MIA,historical_observation_only,,,,no_pre_2014_contract,0,,unknown,no_pre_2014_contract
00-0030532,Stedman Bailey,WR,1990-11-11,corroborated,West Virginia,STL,ACT,17,STL,historical_observation_only,,2013,2016,estimated_not_verified,0,,unknown,
00-0030533,Matt Barkley,QB,1990-09-08,corroborated,USC,PHI,ACT,18,OAK,existing_branch_placement,,2013,2016,estimated_not_verified,0,,unknown,branch_contract_review
00-0030534,Barrett Jones,C,1990-05-25,corroborated,Alabama,STL,ACT,17,STL,historical_observation_only,,2013,2016,estimated_not_verified,0,,unknown,
00-0030535,Brandon McGee,CB,1990-12-11,corroborated,Miami,STL,ACT,17,STL,historical_observation_only,,2013,2016,estimated_not_verified,0,,unknown,
00-0030536,Zac Stacy,RB,1991-04-09,corroborated,Vanderbilt,STL,ACT,17,STL,historical_observation_only,,,,no_matching_club_contract,0,,unknown,no_matching_club_contract
00-0030538,Johnathan Cyprien,SS,1990-07-29,corroborated,Florida International,JAX,ACT,17,KC,existing_branch_placement,,2013,2016,estimated_not_verified,0,,unknown,branch_contract_review
00-0030539,Dwayne Gratz,DB,1990-03-08,corroborated,Connecticut,JAX,ACT,17,PHI,existing_branch_placement,,2013,2016,estimated_not_verified,0,,unknown,branch_contract_review
00-0030540,Aaron Dobson,WR,1991-07-23,corroborated,Marshall,NE,ACT,20,NE,historical_observation_only,,2013,2016,estimated_not_verified,0,,unknown,
00-0030541,Blidi Wreh-Wilson,DB,1989-12-05,corroborated,Connecticut,TEN,ACT,17,TEN,historical_observation_only,,2013,2016,estimated_not_verified,0,,unknown,
00-0030542,Terrance Williams,WR,1989-09-18,corroborated,Baylor,DAL,ACT,17,DAL,historical_observation_only,,2013,2016,estimated_not_verified,0,,unknown,
00-0030543,J.J. Wilcox,SS,1991-02-14,corroborated,Georgia Southern,DAL,ACT,17,DAL,historical_observation_only,,2013,2016,estimated_not_verified,0,,unknown,
00-0030544,Gavin Escobar,TE,1991-02-03,corroborated,San Diego State,DAL,ACT,17,DAL,historical_observation_only,,2013,2016,estimated_not_verified,0,,unknown,
00-0030545,Luke Joeckel,T,1991-11-06,corroborated,Texas A&M,JAX,RES,5,PHI,existing_branch_placement,,2013,2016,estimated_not_verified,0,,unknown,branch_contract_review;last_observed_before_week17
00-0030546,Travis Frederick,C,1991-03-18,corroborated,Wisconsin,DAL,ACT,17,DAL,historical_observation_only,,2013,2016,estimated_not_verified,0,,unknown,
00-0030547,Denard Robinson,WR,1990-09-22,corroborated,Michigan,JAX,ACT,17,TEN,existing_branch_placement,,2013,2016,estimated_not_verified,0,,unknown,branch_contract_review
00-0030548,Eric Reid,FS,1991-12-10,corroborated,LSU,SF,ACT,20,SF,historical_observation_only,,2013,2017,estimated_not_verified,0,,unknown,
00-0030549,Tyler Eifert,TE,1990-09-08,corroborated,Notre Dame,CIN,ACT,18,CIN,historical_observation_only,,2013,2017,estimated_not_verified,0,,unknown,
00-0030550,Ace Sanders,WR,1991-11-11,corroborated,South Carolina,JAX,ACT,17,PHI,existing_branch_placement,,2013,2016,estimated_not_verified,0,,unknown,branch_contract_review
00-0030553,Armonty Bryant,DE,1990-05-20,corroborated,East Central; Cisco Junior College; Abilene Christian,CLE,ACT,17,CLE,historical_observation_only,,2013,2016,estimated_not_verified,0,,unknown,
00-0030555,Dion Jordan,DE,1990-03-05,corroborated,Oregon,MIA,ACT,17,MIA,historical_observation_only,,2013,2016,estimated_not_verified,0,,unknown,
00-0030556,Leon McFadden,CB,1990-10-26,corroborated,San Diego State,CLE,ACT,17,CLE,historical_observation_only,,2013,2016,estimated_not_verified,0,,unknown,
00-0030557,Josh Evans,FS,1991-06-05,corroborated,Florida,JAX,ACT,17,WAS,existing_branch_placement,,2013,2016,estimated_not_verified,0,,unknown,branch_contract_review
00-0030558,Barkevious Mingo,OLB,1990-10-04,corroborated,LSU,CLE,ACT,17,CLE,historical_observation_only,,2013,2016,estimated_not_verified,0,,unknown,
00-0030559,Matt Elam,SS,1991-09-21,corroborated,Florida,BAL,ACT,17,BAL,historical_observation_only,,2013,2016,estimated_not_verified,0,,unknown,
00-0030560,Justin Green,DB,1991-02-26,single_provider,Illinois,NE,ACT,20,NE,historical_observation_only,,,,no_pre_2014_contract,0,,unknown,no_pre_2014_contract
00-0030561,Lane Johnson,OT,1990-05-08,corroborated,Oklahoma; Kilgore,PHI,ACT,18,JAX,jacksonville_control,Active 53,,,branch_register_controls,0,,branch_register_controls,
00-0030562,Desmond Trufant,CB,1990-09-10,corroborated,Washington,ATL,ACT,17,ATL,historical_observation_only,,2013,2016,estimated_not_verified,0,,unknown,
00-0030563,Bjoern Werner,OLB,1990-08-30,corroborated,Florida State,IND,ACT,19,IND,historical_observation_only,,2013,2016,estimated_not_verified,0,,unknown,
00-0030564,DeAndre Hopkins,WR,1992-06-06,corroborated,Clemson,HOU,ACT,17,HOU,historical_observation_only,,2013,2016,estimated_not_verified,0,,unknown,
00-0030565,Geno Smith,QB,1990-10-10,corroborated,West Virginia,NYJ,ACT,17,NYJ,historical_observation_only,,2013,2016,estimated_not_verified,0,,unknown,
00-0030566,D.J. Swearinger,FS,1991-09-01,corroborated,South Carolina,HOU,ACT,17,HOU,historical_observation_only,,2013,2016,estimated_not_verified,0,,unknown,
00-0030567,Brennan Williams,OT,1991-02-05,single_provider,North Carolina,,,,,historical_observation_only,,,,club_unresolved,,,unknown,club_unresolved;missing_or_conflicting_source_status;no_2013_roster_observation;placement_unknown
00-0030568,Tyler Wilson,QB,1989-08-16,single_provider,Arkansas,TEN,ACT;TRD,17,TEN,historical_observation_only,,2013,2015,estimated_not_verified,0,,unknown,missing_or_conflicting_source_status;release_status_needs_dated_source
00-0030569,Sean Renfree,QB,1990-04-28,single_provider,Duke,,,,,historical_observation_only,,,,club_unresolved,,,unknown,club_unresolved;missing_or_conflicting_source_status;no_2013_roster_observation;placement_unknown
00-0030572,D.J. Hayden,CB,1990-06-27,corroborated,Houston; Navarro,OAK,RES,11,OAK,historical_observation_only,,2013,2016,estimated_not_verified,0,,unknown,last_observed_before_week17
00-0030573,Sheldon Richardson,DT,1990-11-29,corroborated,Missouri; College of the Sequoias,NYJ,ACT,17,NYJ,historical_observation_only,,2013,2017,estimated_not_verified,0,,unknown,
00-0030574,Sharrif Floyd,DT,1991-05-28,corroborated,Florida,MIN,ACT,17,MIN,historical_observation_only,,2013,2017,estimated_not_verified,0,,unknown,
00-0030575,Xavier Rhodes,CB,1990-06-19,corroborated,Florida State,MIN,ACT,17,MIN,historical_observation_only,,2013,2016,estimated_not_verified,0,,unknown,
00-0030576,Datone Jones,DE,1990-07-24,corroborated,UCLA,GB,ACT,18,GB,historical_observation_only,,2013,2016,estimated_not_verified,0,,unknown,
00-0030577,Sylvester Williams,NT,1988-11-21,corroborated,North Carolina; Coffeyville CC,DEN,ACT,21,DEN,historical_observation_only,,2013,2016,estimated_not_verified,0,,unknown,
00-0030578,Cordarrelle Patterson,WR,1991-03-17,corroborated,Tennessee; Hutchinson CC,MIN,ACT,17,MIN,historical_observation_only,,2013,2016,estimated_not_verified,0,,unknown,
00-0030579,Menelik Watson,T,1988-12-22,corroborated,Florida State; Saddleback Community College; Marist,OAK,ACT,17,OAK,historical_observation_only,,2013,2016,estimated_not_verified,0,,unknown,
00-0030583,Daniel Adongo,LB,1989-10-12,single_provider,,IND,ACT,19,IND,historical_observation_only,,,,no_pre_2014_contract,0,,unknown,no_pre_2014_contract
00-0030584,Eric Fisher,T,1991-01-05,corroborated,Central Michigan,KC,ACT,18,KC,historical_observation_only,,2013,2016,estimated_not_verified,0,,unknown,
00-0030585,Justin Pugh,T,1990-08-15,corroborated,Syracuse,NYG,ACT,17,NYG,historical_observation_only,,2013,2017,estimated_not_verified,0,,unknown,
00-0030586,Ryan Nassib,QB,1990-03-10,corroborated,Syracuse,NYG,ACT,17,NYG,historical_observation_only,,2013,2016,estimated_not_verified,0,,unknown,
00-0030590,Jonathan Cooper,G,1990-01-19,single_provider,North Carolina,,,,,historical_observation_only,,,,club_unresolved,,,unknown,club_unresolved;missing_or_conflicting_source_status;no_2013_roster_observation;placement_unknown
00-0030592,Dee Milliner,CB,1991-09-14,corroborated,Alabama,NYJ,ACT,17,NYJ,historical_observation_only,,2013,2016,estimated_not_verified,0,,unknown,
00-0030593,Chance Warmack,G,1991-09-14,corroborated,Alabama,TEN,ACT,17,TEN,historical_observation_only,,2013,2016,estimated_not_verified,0,,unknown,
00-0031354,Lamin Barrow,LB,1990-11-29,single_provider,LSU,,,,,historical_observation_only,,,,club_unresolved,,,unknown,club_unresolved;missing_or_conflicting_source_status;no_2013_roster_observation;placement_unknown
